TripID,HighCarbon
2,0.9997120035482449
4,0.001275979893869128
5,0.9488613368441116
14,0.00020066762545047415
15,0.00011794298359327118
17,3.248316311800037e-05
22,0.999621553730851
23,0.9992684376272701
25,5.9460473564217507e-05
30,0.0018088221646381769
35,0.9967000848770158
39,0.0013802279596660423
45,0.9999568776445106
50,0.003087649530949634
51,0.0009048260486971166
55,0.999621553730851
64,0.9998727175338324
65,0.000952746187990989
68,0.004992732558001728
72,4.586563522306168e-05
73,0.0008303847188266249
78,0.9997975774147873
80,4.9802890811725866e-05
86,4.4800264939105734e-05
87,0.000131889150515846
96,5.3168219727365504e-05
97,6.915848633880243e-05
101,4.36784631498498e-05
102,0.0014296913470183256
106,0.9999106770087686
107,4.552010735628039e-05
118,0.0019609987351751927
122,0.0003496875210024585
130,0.0009683855312854912
140,0.9998724399668965
141,5.960938701671091e-05
144,0.9999287947672695
147,0.00014223040098696742
157,0.9998657423469635
160,0.0008303847188266249
161,0.0017090175743221699
167,0.9999832815707336
168,0.9998933186395719
172,0.9999764904359805
176,0.006973524874708583
181,0.9999017043780061
183,4.4800264939105734e-05
186,0.0003489828322499265
189,0.003330200637731193
191,5.249947438058162e-05
193,0.9999519954731275
194,6.118571903715033e-05
197,0.0003496875210024585
204,0.0003489828322499265
207,0.0002918733189469976
212,0.0007956311236266933
214,0.000952746187990989
216,0.00020107479980595945
217,0.9998724399668965
218,0.9473784115901248
219,6.414134335184196e-05
232,8.412372578039572e-05
236,3.678615168602482e-05
239,0.0008303847188266249
248,0.9982515066090728
251,0.22294847171758742
252,0.0007197695610940449
253,0.00014223040098696742
255,0.0003921010651064518
256,5.807817151692507e-05
261,0.0009373216812578322
269,0.23528342926558957
276,0.00028283636599312634
277,0.2225729167574657
279,0.0028013775264119417
281,0.9997504469843509
282,0.002269389749789689
286,0.9998657423469635
288,0.23528342926558957
293,0.00011794298359327118
301,9.979994851932418e-05
304,0.0003921010651064518
312,0.00018754935645466
316,0.0008303949329747527
317,0.9999192732797669
318,0.9999499568979832
320,0.0009669031085228232
324,0.0019609987351751927
326,5.9518052967203426e-05
329,0.0018088221646381769
332,0.9992684376272701
338,4.558790952076361e-05
339,0.0009278858444497353
341,0.0009792553448332516
343,3.012657282093908e-05
354,0.9981317044493112
362,0.00018286361234585898
368,4.950210296142815e-05
369,5.9735149678797104e-05
377,0.00020107479980595945
381,0.9473784115901248
386,4.586563522306168e-05
389,5.807817151692507e-05
397,6.118571903715033e-05
398,0.00015923235599684554
402,0.0014297089223900316
403,0.9999006577290362
404,0.00020066762545047415
420,0.0002597353063143384
421,4.9802890811725866e-05
423,0.999714782112071
430,4.5589961691584216e-05
431,4.552010735628039e-05
433,7.685398210574893e-05
441,0.0019609987351751927
443,0.002033954278745163
445,0.0003152102071780363
452,0.0007939010076001599
457,0.0008303847188266249
460,8.917081383032545e-05
467,5.802320831745888e-05
468,0.999951564094725
473,0.00020066762545047415
474,0.00016453664165650846
475,0.0019609987351751927
478,4.6146621533253116e-05
480,6.11553776210631e-05
482,5.9460473564217507e-05
485,0.0003157377827490336
495,6.584865233641874e-05
499,0.0003921010651064518
502,3.303726520385771e-05
503,0.00026013380591040494
514,0.9998657423469635
519,4.16532371067625e-05
521,0.0007956311236266933
523,7.423214122859364e-05
526,5.255031335435125e-05
533,5.973374035699646e-05
539,7.430402392503915e-05
541,0.999884664925449
545,0.9990565363791533
555,5.374035516115738e-05
561,4.558790952076361e-05
574,0.0016232016907456724
575,0.0003489828322499265
578,0.009884586474106123
585,0.0007146805230800242
596,0.00020066762545047415
619,0.00026013380591040494
625,0.00037007323637957564
627,0.00028154641397680453
629,0.9983613011156656
631,0.003584135654944882
632,0.0065203631154570115
634,0.00026013380591040494
635,0.007181853776498755
638,0.0020368299312688016
639,0.0003921010651064518
652,8.613273412182481e-05
656,0.0003921010651064518
659,0.9999830343283849
661,0.0010747820407562808
666,0.23528342926558957
671,0.00014223040098696742
679,0.000952746187990989
680,0.9998727175338324
681,3.9063204635608604e-05
682,4.939437942899333e-05
684,7.430402392503915e-05
687,0.9997623469017161
692,0.006092414671259864
700,0.00018397463350916496
704,0.002369870185919107
721,4.361350075037471e-05
723,0.00901211573207907
725,0.0003496875210024585
726,0.23528342926558957
728,0.9999848001105475
730,0.9998727175338324
731,5.901076580935242e-05
735,0.00016397883980823154
737,0.9999379658320403
740,0.000315211304386939
743,5.149283722118249e-05
744,6.118571903715033e-05
754,0.9999741331766765
757,0.9999303261561714
760,0.005547462321522952
765,0.9998727175338324
768,4.990348619498389e-05
770,0.9998727175338324
771,0.9999833685978098
773,0.00012196613435931723
775,7.139906422789197e-05
776,0.9999568080484527
777,0.9998724399668965
781,5.9460473564217507e-05
783,0.0014297089223900316
784,5.960938701671091e-05
792,0.9998724399668965
805,0.0032346263539202343
806,0.000952746187990989
810,0.0026206358642014023
822,4.990348619498389e-05
826,0.9998923370842788
828,4.3680429369395224e-05
829,0.9998657423469635
831,0.00026611489735811167
833,0.0031117045531496054
840,0.000417693891382247
843,0.9996802241604184
844,0.000315211304386939
852,7.048169955266968e-05
854,4.361350075037471e-05
856,0.9999410645749532
857,0.9999519954731275
864,0.00014291747113753236
865,3.064047711007963e-05
870,0.9987377517266016
871,0.00020066762545047415
874,0.9473785851750359
875,0.9999568061872536
877,0.000952746187990989
878,0.0007956311236266933
879,4.854958945135e-05
881,0.9473784115901248
882,0.00012215328705734969
883,4.4800264939105734e-05
884,0.00028283636599312634
886,0.9999119730214132
894,0.001351079691649542
897,0.0019609987351751927
903,0.0003489828322499265
910,3.6842603544390786e-05
912,0.0019609987351751927
913,0.00020107479980595945
914,0.999924047825515
916,0.00028283636599312634
924,0.00014435762500079443
927,0.00018286361234585898
936,5.659352536007211e-05
939,0.9999063500225552
944,0.00012215328705734969
950,0.00018286361234585898
952,0.00011731735974361013
961,0.0009339076959921525
962,0.009884706957685922
963,0.0002597353063143384
967,5.802320831745888e-05
968,0.07626933620976893
977,0.000417693891382247
980,5.250400866928995e-05
990,0.9999287947672695
1000,0.0020368549550457585
1005,0.00016716715660778432
1010,0.9999840697940373
1013,0.23528342926558957
1015,0.0012444919227764014
1017,0.0031117045531496054
1021,0.9993344028907214
1029,7.048169955266968e-05
1032,0.999708282888662
1036,0.0009683855312854912
1039,0.002369870185919107
1040,0.006786333931879534
1041,8.965482028065936e-05
1043,0.0001221517520725131
1044,4.7435374308380314e-05
1056,0.0007956311236266933
1057,0.0009278858444497353
1058,9.979994851932418e-05
1059,0.9996673327416711
1062,0.0003921010651064518
1063,0.9998727175338324
1068,0.00014223040098696742
1070,0.0005028658649900774
1072,0.9973433265142237
1078,0.00901211573207907
1079,0.0003921010651064518
1083,0.000630934997070971
1088,0.0014296913470183256
1102,0.9998933186395719
1107,0.0003921010651064518
1108,4.830461971156742e-05
1114,0.00020107479980595945
1125,0.0009683855312854912
1126,0.0003489828322499265
1130,0.9999063540576812
1132,0.0007335388084518602
1133,0.9999106770087686
1136,8.846959497358408e-05
1139,0.9998657423469635
1141,0.00016716715660778432
1142,0.001015896848436102
1143,0.0020368549550457585
1148,5.9460473564217507e-05
1149,0.00605733709048263
1150,0.9998657423469635
1154,4.950210296142815e-05
1155,0.0003921010651064518
1161,0.00019733540215887804
1162,4.788409402005109e-05
1167,0.0035195001546107427
1174,0.002075760536193004
1179,0.0004532102315589427
1184,0.9992684376272701
1185,6.118571903715033e-05
1191,0.00011807935500747968
1192,0.9999812574203041
1196,0.0003921010651064518
1198,4.479971344691348e-05
1207,0.0003489828322499265
1208,0.000417693891382247
1209,0.000630934997070971
1217,5.85900884891341e-05
1219,5.807817151692507e-05
1220,0.9980523598763044
1224,0.9999819938281546
1228,0.00014223040098696742
1230,0.0003489828322499265
1237,4.36784631498498e-05
1239,5.3198627190438685e-05
1244,0.0003025039257935313
1256,0.0009669031085228232
1259,0.00044997041368243873
1260,0.0005255778566517551
1267,0.0007231273519612269
1269,3.012657282093908e-05
1283,0.23528342926558957
1296,0.9999119730214132
1305,0.9997733950535433
1310,0.9998657423469635
1314,0.002178427096575681
1319,0.9987038443067012
1324,0.0017010896648016567
1327,0.00012196613435931723
1329,0.9998795342559553
1332,7.423214122859364e-05
1340,0.9999192732797669
1341,0.003056399004164884
1342,0.00014223040098696742
1343,0.006507439032569228
1344,5.960938701671091e-05
1346,0.99873581706373
1349,5.807817151692507e-05
1353,0.22294847171758742
1356,0.998799240631583
1365,0.9992684376272701
1367,5.9460473564217507e-05
1369,0.9998727175338324
1378,0.00468030719862288
1379,5.28613697475509e-05
1383,5.3168219727365504e-05
1386,0.9998835203314828
1391,7.430402392503915e-05
1393,6.20843930916153e-05
1397,0.9998727175338324
1398,4.704675676985309e-05
1401,8.846959497358408e-05
1404,0.9999586363911022
1407,0.23528342926558957
1410,0.9998657423469635
1412,0.9990565363791533
1414,0.0009373216812578322
1419,5.807817151692507e-05
1422,0.00028283636599312634
1423,0.0035882903502960934
1431,0.9996223163522101
1434,0.0025414254415800255
1436,0.0007939010076001599
1448,0.0003489828322499265
1450,5.807817151692507e-05
1453,7.243784440618535e-05
1455,6.77535374266018e-05
1456,0.002178427096575681
1457,0.00012196613435931723
1461,5.921551891752585e-05
1466,0.0001839723690928067
1470,0.00468030719862288
1473,0.9974755967558074
1485,5.296700495548778e-05
1487,3.4040364225785375e-05
1492,0.001015896848436102
1497,0.9999811623733025
1498,3.5297851792852416e-05
1503,0.0009683855312854912
1506,0.0009106983817529727
1508,0.00020107479980595945
1511,3.684094510962778e-05
1512,0.0007956311236266933
1516,0.9473785851750359
1517,0.0003489828322499265
1518,0.9998727175338324
1519,0.00016397883980823154
1529,0.0003921010651064518
1534,0.0004801867743923144
1535,0.00011731735974361013
1540,0.0003921010651064518
1542,5.328417313837607e-05
1547,0.9999848001105475
1550,5.3151096980598485e-05
1551,0.0035882903502960934
1557,0.0003496875210024585
1559,0.9999550062893311
1560,0.00020107479980595945
1561,0.0018688248110641556
1564,0.9999310290323018
1566,0.9999101859370471
1570,0.014490779501647635
1578,5.247215666202429e-05
1581,0.9999519954731275
1587,0.9473784115901248
1588,0.0009792553448332516
1590,4.3474152606512995e-05
1592,0.00018286361234585898
1593,0.0008303949329747527
1599,4.830461971156742e-05
1604,0.9999195917756377
1607,7.423214122859364e-05
1610,0.0035882903502960934
1612,5.270837204143093e-05
1613,3.012657282093908e-05
1615,0.00012196613435931723
1633,7.243784440618535e-05
1638,0.0024428864496677484
1644,0.00018286361234585898
1645,0.9473784115901248
1648,0.00011959705207272988
1651,0.9993344028907214
1654,0.0007939010076001599
1661,0.0003336060876938954
1662,0.9998727175338324
1665,0.9998724399668965
1668,0.0005659931187681221
1674,0.0013802279596660423
1678,0.9999287947672695
1679,0.9999812976361887
1682,6.575594970846687e-05
1685,9.454933206012192e-05
1689,0.001074795257880185
1697,5.250400866928995e-05
1702,0.000952746187990989
1715,5.374035516115738e-05
1716,0.9998594576388387
1721,0.9999783362129983
1722,0.00015729204791610285
1725,5.177884953619539e-05
1730,0.00028283636599312634
1731,0.000315211304386939
1732,0.2225729167574657
1738,0.9978056518298187
1739,0.0002463506730823969
1740,0.00020066762545047415
1743,0.0019609987351751927
1752,0.00018286361234585898
1764,0.9999819938281546
1766,0.9998929867406646
1770,0.9999064394939688
1777,0.000315211304386939
1778,0.0006309272348006008
1780,0.9999410645749532
1792,4.36784631498498e-05
1794,0.9992684286277963
1801,3.9063204635608604e-05
1802,9.190610179282718e-05
1803,0.00018286361234585898
1805,4.88372611445455e-05
1807,0.00196097464149843
1810,3.2986643860003994e-05
1818,0.0031117045531496054
1819,5.807817151692507e-05
1821,3.684094510962778e-05
1823,0.000952746187990989
1830,0.22294847171758742
1831,3.7392509283560714e-05
1834,0.0013182524325186767
1836,0.00020107479980595945
1843,5.930371917706188e-05
1857,4.9802890811725866e-05
1859,0.00901211573207907
1860,0.9999379658320403
1866,7.920035056466973e-05
1868,0.0005028658649900774
1876,0.00605733709048263
1883,0.00029105310622022835
1887,0.00020066762545047415
1889,0.0008303949329747527
1891,0.9999648492164995
1896,0.000952746187990989
1901,5.270837204143093e-05
1902,0.00044997041368243873
1912,9.306767170270811e-05
1917,0.00037007323637957564
1919,0.00020066762545047415
1921,0.9998727175338324
1934,0.9997054738058267
1935,0.0029306866007651525
1939,0.23528342926558957
1941,4.6146621533253116e-05
1942,5.255031335435125e-05
1949,0.9999287947672695
1956,4.3680429369395224e-05
1962,7.430402392503915e-05
1970,0.0003496875210024585
1973,0.9998657423469635
1985,5.387605044529288e-05
1990,0.00018286361234585898
1996,0.0003921010651064518
2003,0.000952746187990989
2007,0.9999119730214132
2008,0.9996885102937777
2010,0.0002597353063143384
2011,5.802320831745888e-05
2016,3.742871965649661e-05
2018,0.0009792553448332516
2022,0.23528342926558957
2024,4.6146621533253116e-05
2028,0.9998727175338324
2030,0.9473785851750359
2032,5.255031335435125e-05
2033,4.363620673341469e-05
2035,4.939437942899333e-05
2038,0.0007956311236266933
2039,5.9518052967203426e-05
2042,0.2225729167574657
2047,0.0009669031085228232
2052,0.002312336623816038
2053,0.9999410645749532
2054,0.002755013582434655
2066,4.198155606916126e-05
2067,7.430402392503915e-05
2068,0.9998204001246006
2077,0.9999812574203041
2080,0.9998724399668965
2089,4.558790952076361e-05
2094,0.00020066762545047415
2097,0.002525498960716512
2099,9.995309139319764e-05
2101,6.932071993706728e-05
2103,4.3633652185942235e-05
2110,6.37274012246411e-05
2113,4.9765305183604125e-05
2120,0.0007956311236266933
2121,0.99873581706373
2126,0.006543071305346534
2129,0.9822360288268749
2130,0.9999568776445106
2133,0.9473784115901248
2134,0.0018088221646381769
2137,0.9473784115901248
2138,0.9998727175338324
2144,0.010243203929753652
2145,0.2225729167574657
2147,4.353890745567721e-05
2153,0.0003921010651064518
2155,7.430402392503915e-05
2157,0.22294847171758742
2158,0.00018286361234585898
2161,4.363817105083811e-05
2169,3.5297851792852416e-05
2170,0.0017090385776086848
2175,0.9992684376272701
2179,5.930371917706188e-05
2182,0.9997553956532382
2186,0.0003152102071780363
2187,3.012657282093908e-05
2194,0.0009683855312854912
2195,0.9998727175338324
2197,0.0009669031085228232
2209,0.000952746187990989
2211,0.23528342926558957
2216,5.930371917706188e-05
2220,0.22294847171758742
2222,6.118571903715033e-05
2228,0.9473784115901248
2229,0.01121449986618125
2240,3.248316311800037e-05
2246,0.00018286361234585898
2247,0.0003489828322499265
2257,0.0006304452674788647
2259,0.9992684286277963
2277,0.0030410406056064804
2279,4.552010735628039e-05
2281,4.9802890811725866e-05
2282,0.00018286361234585898
2283,0.9999836293320881
2284,0.999951564094725
2285,0.07131131107508937
2292,0.006092414671259864
2294,0.9992684286277963
2296,0.00012196613435931723
2302,0.0007956311236266933
2307,0.0009373216812578322
2313,0.00018286361234585898
2315,0.00031240076137465376
2318,0.0009373216812578322
2321,3.2986643860003994e-05
2322,0.22294847171758742
2326,8.746996203058479e-05
2329,0.0003921010651064518
2332,0.0002597353063143384
2334,0.9967000848770158
2335,0.9473785851750359
2342,0.0013162351325675177
2351,0.0025414254415800255
2353,8.825040237274523e-05
2360,0.23528342926558957
2364,0.9473784115901248
2366,0.9999303261561714
2367,0.9998594636941474
2372,0.22294847171758742
2382,0.0003152102071780363
2387,0.0009339076959921525
2392,0.0005821061138760239
2399,0.9999840697940373
2400,0.9998657423469635
2401,0.0007956311236266933
2402,0.000315211304386939
2403,0.9993344028907214
2406,4.950210296142815e-05
2410,8.194600370979624e-05
2413,4.357130717860938e-05
2416,0.9997761512472555
2420,0.9998835253501641
2421,0.0003496875210024585
2424,7.599474821296991e-05
2426,0.9473785851750359
2427,4.950210296142815e-05
2439,0.9987313342380877
2440,0.9999119730214132
2443,5.807817151692507e-05
2446,0.0003496875210024585
2449,0.000131889150515846
2450,0.0003921010651064518
2457,7.296613865915029e-05
2462,7.430402392503915e-05
2470,0.0001077557518754141
2477,0.0029351709834033748
2485,7.430402392503915e-05
2488,6.414134335184196e-05
2490,7.423214122859364e-05
2497,0.9473784115901248
2499,0.9998727175338324
2500,0.0019609987351751927
2501,0.0003496875210024585
2502,0.002075760536193004
2511,0.9999836411479883
2512,0.0008303847188266249
2513,0.010243203929753652
2517,0.0003921010651064518
2518,0.0003152102071780363
2519,0.9992684286277963
2522,0.0008303847188266249
2523,0.00011507786644878865
2524,6.925365782098223e-05
2525,0.0028333853607670828
2531,3.248316311800037e-05
2535,0.004227015467084751
2536,0.9976925669958735
2538,0.003757134243104991
2540,0.0019609987351751927
2544,4.947755505274092e-05
2545,0.0003489828322499265
2553,0.000952746187990989
2555,6.952707990364242e-05
2557,5.2976653991585695e-05
2574,0.9978056248750833
2576,0.0008303949329747527
2578,4.36784631498498e-05
2579,0.23528342926558957
2588,0.00026652318224960745
2592,0.002755013582434655
2593,0.23528342926558957
2606,0.2225729167574657
2607,0.000315211304386939
2609,5.960938701671091e-05
2611,5.807817151692507e-05
2619,0.0003152102071780363
2625,0.22294847171758742
2626,0.0018088221646381769
2627,0.00011794298359327118
2629,0.012480437182467852
2640,7.048083194376647e-05
2641,5.270837204143093e-05
2644,0.00020066762545047415
2645,7.243784440618535e-05
2656,0.99873581706373
2659,4.3680429369395224e-05
2660,8.74710387549412e-05
2663,5.2165165246239245e-05
2668,0.0007956311236266933
2671,4.363620673341469e-05
2673,0.0003025039257935313
2677,0.23528342926558957
2680,0.0007956311236266933
2683,0.006786333931879534
2687,0.9995895663719452
2689,4.36784631498498e-05
2691,0.00020066762545047415
2695,5.807817151692507e-05
2697,9.537201456968648e-05
2698,0.9998724399668965
2707,0.0007335297847933146
2709,0.019689637547841872
2714,7.599474821296991e-05
2715,0.002369870185919107
2716,5.9306388737784195e-05
2726,0.00018286361234585898
2730,0.9488613368441116
2733,0.00010028108247126298
2735,0.000315211304386939
2745,3.5297851792852416e-05
2750,0.9999287947672695
2754,4.353890745567721e-05
2756,0.0009373216812578322
2757,0.9999064394939688
2758,4.4800264939105734e-05
2759,0.9999568080484527
2763,0.00018286361234585898
2773,0.002767441262719967
2774,0.0004960827975945631
2777,3.303726520385771e-05
2779,0.9999119730214132
2782,0.9992684286277963
2786,0.9995895663719452
2787,5.921551891752585e-05
2790,7.430402392503915e-05
2791,0.000315211304386939
2793,0.0014297089223900316
2794,9.995309139319764e-05
2796,0.9998724399668965
2797,0.000417693891382247
2798,0.00012196613435931723
2802,0.9999430144094646
2808,0.0009683855312854912
2809,0.00020066762545047415
2817,0.00605733709048263
2819,5.811224857081732e-05
2823,0.9993739177572012
2824,4.36784631498498e-05
2840,0.00028283636599312634
2851,4.4366481358653954e-05
2852,0.0017090385776086848
2860,0.2225729167574657
2865,0.2225729167574657
2867,0.000952746187990989
2883,0.00020066762545047415
2887,0.00020107479980595945
2891,0.0005255843234949455
2895,0.00013889235802775062
2902,0.9993344028907214
2905,6.11553776210631e-05
2909,0.9998724399668965
2911,0.0031117045531496054
2918,0.2225729167574657
2919,0.9969374384271711
2922,0.00018286361234585898
2925,0.0014296913470183256
2929,8.74710387549412e-05
2930,0.9999855490687554
2935,0.9488613368441116
2936,0.9997491122978845
2939,0.9998795342559553
2948,0.0032346263539202343
2950,0.0007383003065265133
2958,5.9460473564217507e-05
2959,0.9999819551092717
2964,7.423214122859364e-05
2966,0.0007335388084518602
2969,0.9998846100091409
2980,0.9999192732797669
2981,0.00011347764082196614
2982,0.2225729167574657
2986,0.9962330020643969
2992,0.0009669031085228232
2994,0.9993344028907214
2995,0.9992684376272701
2996,6.932071993706728e-05
3001,0.003056399004164884
3002,0.9999819551092717
3005,4.990348619498389e-05
3006,0.00020066762545047415
3012,0.9999303261561714
3020,0.9999536480665743
3023,6.098563068394302e-05
3025,0.9992684376272701
3026,3.7294139656037825e-05
3032,0.999621553730851
3040,0.00012215328705734969
3041,0.0009373216812578322
3044,0.002755013582434655
3063,0.22294847171758742
3066,0.999708282888662
3070,0.23528342926558957
3074,0.00020107479980595945
3078,0.00015007507816646302
3081,0.9999830343283849
3083,0.0001446804843587041
3088,0.9998959921432417
3093,0.9998724399668965
3098,4.990348619498389e-05
3099,0.9998727175338324
3102,0.00018286361234585898
3106,0.9978056248750833
3111,0.00012215328705734969
3117,0.00012196613435931723
3128,0.000952746187990989
3129,0.9993289404886757
3134,0.000952746187990989
3135,0.0007939010076001599
3138,5.9551719259913306e-05
3148,0.02199789770078756
3150,0.0001077557518754141
3153,0.0003294076063234156
3154,0.0009373216812578322
3155,0.00041431804317562025
3157,0.9998724399668965
3159,0.999947558551752
3166,0.0003921010651064518
3167,0.0007956311236266933
3172,0.999803132193682
3173,0.0003489828322499265
3175,0.001286069590300607
3181,0.9999210094281771
3191,0.0007369607867453374
3195,0.0010747820407562808
3196,0.9999832815707336
3197,0.9999064394939688
3199,0.010202664448022262
3212,0.9998724399668965
3213,4.9802890811725866e-05
3214,5.960938701671091e-05
3217,4.361350075037471e-05
3224,7.423214122859364e-05
3226,0.9999812976361887
3227,0.0005659931187681221
3232,5.374035516115738e-05
3235,0.0020368299312688016
3237,0.0019609987351751927
3240,3.5299440766062444e-05
3258,0.00044997041368243873
3272,0.000952746187990989
3278,0.002181762929988489
3279,4.36784631498498e-05
3280,0.0002509612163143554
3281,0.0007956311236266933
3287,0.9999410645749532
3291,7.805240904246882e-05
3295,0.002759229903327865
3298,4.24935205415871e-05
3306,0.9999119730214132
3308,0.00014223040098696742
3311,0.00018286361234585898
3314,0.0019609987351751927
3320,5.375792848343607e-05
3321,0.0013802279596660423
3322,0.9999855490687554
3352,0.999621553730851
3353,6.584865233641874e-05
3357,4.361350075037471e-05
3359,0.0003300301995967342
3366,4.77798913342049e-05
3367,0.9999819938281546
3371,0.00037921642673326687
3374,5.9551719259913306e-05
3375,0.9960711821158023
3384,0.9998657423469635
3385,0.9989676385412505
3393,0.0007956311236266933
3395,0.002178427096575681
3410,0.0003496875210024585
3412,7.139906422789197e-05
3413,0.999950174456183
3415,0.9999499568979832
3421,0.00018286361234585898
3427,5.9518052967203426e-05
3436,7.243784440618535e-05
3438,0.9999323359877031
3439,5.2421393295752985e-05
3444,0.002061999755018048
3446,5.2165165246239245e-05
3449,0.000952746187990989
3452,0.9998724399668965
3455,0.9992684376272701
3457,0.9980523359461434
3458,0.002767441262719967
3459,0.9992684286277963
3460,0.9999151191957167
3461,0.2225729167574657
3469,0.00018286361234585898
3473,0.0001077557518754141
3474,0.00032936511113992276
3487,0.0017090385776086848
3491,4.8884553910226695e-05
3498,0.9473784115901248
3499,0.0003294076063234156
3502,4.296767133218797e-05
3504,0.000952746187990989
3505,7.296613865915029e-05
3508,0.9997623469017161
3510,0.9999648477017928
3512,0.9999310290323018
3517,0.0002113847013467929
3519,0.9998657423469635
3520,0.0005660000826093352
3522,0.9998727175338324
3524,4.363817105083811e-05
3538,0.0009792553448332516
3546,0.0004176887514791801
3547,0.000952746187990989
3552,5.177651879533547e-05
3556,5.2976653991585695e-05
3557,0.9473785851750359
3560,0.00196097464149843
3565,4.1715279811296715e-05
3568,0.9992684376272701
3572,0.0003921010651064518
3581,8.825040237274523e-05
3582,0.00029105310622022835
3595,0.9999819938281546
3601,0.00018286361234585898
3605,0.9999550062893311
3607,0.00028283636599312634
3611,3.521125517426669e-05
3613,0.000952746187990989
3614,0.0008303949329747527
3618,0.998799240631583
3627,0.9999323359877031
3634,3.678615168602482e-05
3639,0.0012439201977550009
3640,0.9992684376272701
3646,0.002312336623816038
3647,4.361350075037471e-05
3649,0.003087649530949634
3653,0.0032346263539202343
3654,0.0013162351325675177
3657,0.9999819551092717
3664,0.9999836293320881
3673,0.0003152102071780363
3674,0.00018286361234585898
3683,0.0008303949329747527
3685,4.4800264939105734e-05
3698,0.0003921010651064518
3702,0.0004801867743923144
3703,0.9999272538147321
3706,0.000952746187990989
3710,0.0019609987351751927
3712,0.000952746187990989
3715,0.000952746187990989
3717,0.0010747820407562808
3718,8.654174039039744e-05
3724,5.172875686434827e-05
3732,0.00016716715660778432
3733,0.00018286361234585898
3734,0.002061999755018048
3743,0.00015275305899727323
3750,0.00016398085817541613
3751,0.0003496875210024585
3760,0.0007939010076001599
3761,0.00014223040098696742
3762,0.00028283636599312634
3763,0.9976925669958735
3764,0.002222625642549714
3771,0.9998727175338324
3778,0.0007383003065265133
3786,0.0008303847188266249
3787,0.0002597353063143384
3788,0.00018286361234585898
3790,0.0003294076063234156
3791,0.9983613011156656
3793,6.932071993706728e-05
3795,0.23528342926558957
3797,6.586038453583094e-05
3800,0.0009373216812578322
3807,0.0007463411385455769
3808,0.0010179779370654157
3812,0.9998657423469635
3813,0.0007383003065265133
3825,0.9998727175338324
3826,0.9969374384271711
3830,9.537201456968648e-05
3833,4.3680429369395224e-05
3835,5.802320831745888e-05
3844,0.9999550062893311
3845,0.9997623469017161
3848,0.0006309272348006008
3851,5.2976653991585695e-05
3855,0.9998657423469635
3859,0.9999119730214132
3860,0.0003921010651064518
3861,4.357130717860938e-05
3864,0.9999063500225552
3865,5.623025235002796e-05
3866,3.737136975879578e-05
3868,7.430402392503915e-05
3869,0.9999064394939688
3872,0.000758758359824092
3879,0.9992684376272701
3890,0.9996050563462041
3891,0.0003489828322499265
3893,0.00028283636599312634
3896,0.0017090175743221699
3902,0.0009683855312854912
3903,9.214850647165869e-05
3916,0.9999833685978098
3918,0.9999568061872536
3919,0.0003921010651064518
3920,4.939437942899333e-05
3923,0.0020588466571659614
3926,0.000952746187990989
3929,0.9473784115901248
3930,0.00013711284283573854
3932,0.9998783443860909
3945,0.0003294076063234156
3946,0.9999119730214132
3948,0.9998724399668965
3950,0.9998727175338324
3955,0.00029105310622022835
3961,0.9998657423469635
3963,0.9999104849502187
3964,5.9518052967203426e-05
3965,0.00020066762545047415
3968,0.0001671650990284317
3975,5.9460473564217507e-05
3977,0.00029105310622022835
3982,0.9999840697940373
3984,0.00020066762545047415
3985,0.00014291923030359686
3989,0.0001232424246496812
3991,0.00011507786644878865
4000,0.002369870185919107
4006,4.9802890811725866e-05
4017,6.762613654396326e-05
4018,0.0007939010076001599
4025,0.0009669031085228232
4028,7.048169955266968e-05
4050,0.0004176887514791801
4051,0.0013802279596660423
4057,0.006507359443577124
4067,0.2225729167574657
4068,0.00020107479980595945
4076,0.0007956311236266933
4079,0.003087649530949634
4086,0.00020066762545047415
4087,0.00196097464149843
4093,4.8884553910226695e-05
4106,0.003056399004164884
4108,0.9998724399668965
4109,3.521125517426669e-05
4110,0.001275979893869128
4114,5.807817151692507e-05
4115,0.22294847171758742
4119,7.243784440618535e-05
4120,5.177651879533547e-05
4139,0.9999379658320403
4140,5.255031335435125e-05
4143,0.00011347764082196614
4149,0.0032346263539202343
4152,0.9998959876616756
4154,0.000315211304386939
4159,0.9992684376272701
4165,0.9998727175338324
4167,6.20843930916153e-05
4169,0.9998724399668965
4172,0.000952746187990989
4173,0.0003921010651064518
4176,0.9992684376272701
4179,0.000211382099630219
4183,0.0020368299312688016
4191,0.9998727175338324
4195,0.0005660000826093352
4196,0.000315211304386939
4198,0.0009792553448332516
4199,0.9992684286277963
4200,7.243784440618535e-05
4204,0.0014297089223900316
4205,0.9999323359877031
4210,8.613273412182481e-05
4211,0.000315211304386939
4212,0.9999819938281546
4217,7.430402392503915e-05
4223,0.9999287947672695
4225,0.000952746187990989
4229,0.0001833576466213632
4233,0.9999334346258979
4235,0.0007383003065265133
4236,0.0011272461986322187
4240,0.0026371346473041085
4245,0.9999192732797669
4260,0.0003722139263686748
4262,0.9999499568979832
4263,6.586038453583094e-05
4265,4.830402508277897e-05
4269,0.9998657423469635
4271,3.012657282093908e-05
4275,0.9995896678386461
4282,5.154270144686488e-05
4291,0.9998727175338324
4300,9.214850647165869e-05
4302,0.0007939010076001599
4309,0.9997504469843509
4310,4.990348619498389e-05
4311,5.311950632929762e-05
4314,5.807817151692507e-05
4320,0.0024428864496677484
4324,0.00018286361234585898
4325,4.6328684081510264e-05
4329,0.0003300301995967342
4331,4.353890745567721e-05
4337,0.9473784115901248
4344,0.0007956311236266933
4349,0.9473784115901248
4352,7.430402392503915e-05
4355,0.0017090385776086848
4357,0.0023506052563985243
4361,0.23528342926558957
4366,0.0008303847188266249
4367,0.9997975774147873
4378,0.0002918733189469976
4379,0.999924047825515
4382,0.0003489828322499265
4389,0.003056399004164884
4394,0.9992684286277963
4401,0.00028283636599312634
4407,7.243784440618535e-05
4409,0.23528342926558957
4410,0.9473785851750359
4411,0.00029105310622022835
4414,0.9999519954731275
4421,5.807817151692507e-05
4425,0.000417693891382247
4427,0.004233475001941462
4431,0.9999104849502187
4434,0.00045061895097513345
4442,0.0003489828322499265
4443,0.9999104849502187
4447,0.001804892823843484
4448,6.586038453583094e-05
4454,0.0008303847188266249
4456,0.0063319641576577304
4460,6.37274012246411e-05
4462,0.00020066762545047415
4466,0.9992684286277963
4471,0.00025693871330990025
4472,5.3658013213535084e-05
4473,4.36784631498498e-05
4475,4.296767133218797e-05
4476,5.328417313837607e-05
4479,5.154270144686488e-05
4481,0.9999192732797669
4491,0.9999844124185779
4493,0.9999840697940373
4498,0.9999812574203041
4500,0.0014297089223900316
4501,0.002222625642549714
4504,0.9998727175338324
4506,3.056393025534321e-05
4511,9.979994851932418e-05
4514,4.939437942899333e-05
4517,0.0007939010076001599
4518,5.9460473564217507e-05
4521,0.9999844124185779
4526,0.0003294076063234156
4530,0.22294847171758742
4531,3.059352813200732e-05
4535,3.5297851792852416e-05
4536,0.9488613368441116
4537,3.012657282093908e-05
4542,6.118571903715033e-05
4548,0.0035882903502960934
4551,0.9996223163522101
4561,0.9998933186395719
4564,0.9997975774147873
4567,0.2225729167574657
4569,0.0007939010076001599
4573,0.006245098256173452
4575,0.004367320389457687
4583,0.00020066762545047415
4587,0.9998657423469635
4591,7.599474821296991e-05
4595,0.9992684286277963
4601,0.0007335297847933146
4603,0.002369870185919107
4606,0.0003489828322499265
4607,0.22294847171758742
4612,0.00012196613435931723
4616,4.9802890811725866e-05
4628,4.363817105083811e-05
4634,0.0009683855312854912
4640,0.9999065065058388
4645,0.001015896848436102
4646,0.00018286361234585898
4647,0.00018754935645466
4655,0.00018286361234585898
4677,0.000417693891382247
4687,5.807817151692507e-05
4696,3.5297851792852416e-05
4706,0.00014223040098696742
4707,8.645801978867636e-05
4709,0.0019609987351751927
4719,0.9995303386806641
4720,0.9998724399668965
4733,0.0011272461986322187
4734,0.000952746187990989
4743,0.0012542275122035245
4754,0.0036147789130475654
4763,0.9969788928300801
4764,0.0017090175743221699
4765,0.0003152102071780363
4766,5.3151751274296496e-05
4770,5.901003939592238e-05
4771,0.9998594576388387
4774,0.9992684376272701
4778,4.950210296142815e-05
4783,5.154270144686488e-05
4788,0.9998727175338324
4792,4.16532371067625e-05
4793,5.811224857081732e-05
4805,0.0002597353063143384
4809,0.9998977710617711
4811,5.9551719259913306e-05
4812,6.414134335184196e-05
4823,0.9999110578446009
4824,0.00037007323637957564
4826,0.00032936511113992276
4827,0.9999848001105475
4835,5.2976653991585695e-05
4856,0.23528342926558957
4857,0.9992684376272701
4864,4.9802890811725866e-05
4865,5.960938701671091e-05
4868,0.0003921010651064518
4870,3.248316311800037e-05
4872,0.006507359443577124
4873,4.936988493736761e-05
4877,5.320102194467529e-05
4878,0.9998724399668965
4883,5.9551719259913306e-05
4885,0.0012439201977550009
4887,0.9998727175338324
4888,0.000952746187990989
4892,0.2225729167574657
4894,0.001015896848436102
4898,4.296767133218797e-05
4904,0.00029105310622022835
4913,0.0009669031085228232
4919,0.0020368549550457585
4924,0.00018602004084396142
4925,3.7236995959936146e-05
4931,0.0014296913470183256
4933,0.00012215328705734969
4943,0.0013424073831972347
4947,0.0007939010076001599
4951,0.9984008985709164
4954,0.9998727175338324
4955,5.255267892605444e-05
4964,0.9992684286277963
4971,0.0005573656893994887
4975,0.0035092793368379604
4976,0.0003921010651064518
4980,0.00020066762545047415
4984,8.412372578039572e-05
4985,0.9978056518298187
4987,4.9765305183604125e-05
4992,0.005547394407932111
4993,0.0003611341422352126
4996,4.558790952076361e-05
4998,0.003056399004164884
5007,0.00014223040098696742
5015,0.00020066762545047415
5016,0.9999379658320403
5021,0.000952746187990989
5023,0.2225729167574657
5024,0.999621553730851
5025,0.0003025039257935313
5026,0.0017010687590371112
5031,6.976021872503683e-05
5033,0.9998483303771473
5034,4.990348619498389e-05
5039,0.9998765138185357
5044,5.9306388737784195e-05
5045,0.9974755967558074
5047,8.436823096270445e-05
5049,4.6328684081510264e-05
5050,0.0007335388084518602
5058,0.9473784115901248
5060,0.00020107479980595945
5061,5.255031335435125e-05
5062,0.9999648492164995
5068,0.0006309272348006008
5076,0.00011807935500747968
5077,0.00020107479980595945
5080,0.0003921010651064518
5083,0.9999519975416081
5090,3.678615168602482e-05
5091,0.9998400457194301
5095,0.9998657423469635
5098,0.9998727175338324
5103,0.00026013380591040494
5105,0.999900690546973
5110,0.00018286361234585898
5111,0.9999836293320881
5114,0.23528342926558957
5116,0.9998657423469635
5117,0.9998657423469635
5120,0.22294847171758742
5122,0.00020107479980595945
5123,0.9998727175338324
5126,6.586038453583094e-05
5130,3.012657282093908e-05
5131,0.00026013380591040494
5138,0.00016398085817541613
5139,0.0014297089223900316
5142,0.9992684376272701
5147,0.00014223040098696742
5150,0.9784406484116978
5151,0.9998437096806833
5154,0.0031117045531496054
5157,0.9998657423469635
5162,4.4231548015827105e-05
5165,7.423214122859364e-05
5170,0.9996673327416711
5171,0.001804892823843484
5177,5.034163911507626e-05
5182,8.846959497358408e-05
5187,0.999803132193682
5188,0.8423721313133714
5191,0.9992684376272701
5198,0.9999323359877031
5201,0.00020066762545047415
5204,0.004367320389457687
5208,5.379592212530207e-05
5215,0.0017010687590371112
5218,0.0018688248110641556
5225,0.0007956311236266933
5231,0.00014223040098696742
5235,0.9999783362129983
5240,0.9998727175338324
5248,0.9473784115901248
5249,6.305160673480423e-05
5250,4.971716038820627e-05
5252,5.807817151692507e-05
5256,0.0002597353063143384
5261,0.0004176887514791801
5272,0.00468030719862288
5273,0.0018688248110641556
5276,0.010243203929753652
5284,0.0008303847188266249
5290,0.00012092425548770839
5297,0.000952746187990989
5305,3.521125517426669e-05
5311,0.0003489828322499265
5317,0.9999789950350267
5319,0.0007417536054868211
5327,4.830461971156742e-05
5328,8.746996203058479e-05
5329,0.0007956311236266933
5331,0.002312336623816038
5335,0.9999836293320881
5336,0.9999570522880501
5343,0.9488613368441116
5345,0.23528342926558957
5346,3.524535332626971e-05
5349,9.537201456968648e-05
5351,0.0017010896648016567
5353,0.0019609987351751927
5357,4.9802890811725866e-05
5364,0.00018286361234585898
5366,0.9998287870257786
5369,6.228322541902321e-05
5370,0.00037007323637957564
5377,0.0004176887514791801
5379,0.001804892823843484
5383,5.472975487151807e-05
5386,0.9992684286277963
5387,6.617728193095167e-05
5391,0.00605733709048263
5392,5.9551719259913306e-05
5396,0.0005255778566517551
5400,6.694065197230985e-05
5402,0.0018688248110641556
5404,0.0018088221646381769
5407,0.0009373216812578322
5410,6.118571903715033e-05
5416,0.999872219382945
5423,5.802320831745888e-05
5433,4.9802890811725866e-05
5439,0.00012196613435931723
5440,0.004153576532544968
5446,0.9999648477017928
5460,0.000952746187990989
5477,0.0019609987351751927
5478,0.0003025039257935313
5484,0.23528342926558957
5485,0.9998727175338324
5491,0.999900690546973
5492,0.9999812574203041
5498,5.807817151692507e-05
5501,0.0007939010076001599
5514,0.22294847171758742
5515,0.9992684286277963
5517,0.00032936511113992276
5526,0.9992684286277963
5528,0.9998835203314828
5532,5.250400866928995e-05
5535,0.00028283636599312634
5543,0.9998894427646828
5557,0.000758758359824092
5559,6.669610210327244e-05
5560,0.9998933232361251
5561,4.596566331885813e-05
5562,4.596566331885813e-05
5563,0.00014223040098696742
5564,0.004367320389457687
5565,0.23528342926558957
5568,0.0003152102071780363
5569,3.684094510962778e-05
5571,0.9998894427646828
5574,0.00420891104903369
5578,0.9999811623733025
5580,5.9551719259913306e-05
5582,9.190610179282718e-05
5590,0.9993289115899769
5593,0.23528342926558957
5599,0.9999525539780105
5612,0.0003921010651064518
5614,0.2225729167574657
5618,0.999947394083066
5620,0.23528342926558957
5630,0.00016397883980823154
5632,0.001074795257880185
5658,0.9983838773723919
5659,0.2225729167574657
5662,0.9999819938281546
5665,5.9551719259913306e-05
5677,0.9994985241732534
5681,0.00012196613435931723
5682,8.859426543540284e-05
5684,0.0012444766214345147
5686,0.9999334354453012
5690,3.5299440766062444e-05
5693,0.00018286361234585898
5695,0.9999855490687554
5700,0.001804892823843484
5702,0.002755013582434655
5705,0.9999812574203041
5711,0.0029306866007651525
5715,0.0019609987351751927
5717,0.23528342926558957
5719,0.22294847171758742
5724,3.90649631038659e-05
5727,9.680016873563012e-05
5733,6.22229710785444e-05
5735,0.0003489828322499265
5742,0.9992684286277963
5751,0.9999119730214132
5759,0.00011044715495842429
5763,0.999947394083066
5764,6.11553776210631e-05
5765,0.0007939010076001599
5766,0.0029870917238361498
5767,0.0008303949329747527
5768,0.000315211304386939
5778,0.0007603887156336702
5786,4.3633652185942235e-05
5790,0.23528342926558957
5794,4.950210296142815e-05
5798,4.979345512463346e-05
5803,0.002222625642549714
5804,4.363817105083811e-05
5812,0.0017010687590371112
5835,6.414134335184196e-05
5836,7.048169955266968e-05
5837,5.2368456446649856e-05
5838,0.000816994164089274
5849,0.00012734492032281163
5852,8.436823096270445e-05
5860,5.2421393295752985e-05
5861,0.9999410645749532
5862,4.363620673341469e-05
5864,0.0025355485088868496
5865,0.0001221517520725131
5867,0.9999819938281546
5872,0.00025906216009356553
5881,6.221572290437048e-05
5883,5.802320831745888e-05
5885,0.0008303847188266249
5899,0.0008303949329747527
5905,0.00196097464149843
5916,4.984167379817237e-05
5918,5.807817151692507e-05
5921,4.990348619498389e-05
5922,0.9998951291087158
5925,0.9995762671864633
5929,5.247215666202429e-05
5930,0.9998727175338324
5931,0.00016398085817541613
5935,0.9999568080484527
5936,0.0003294076063234156
5940,0.9999151191957167
5943,0.00020066762545047415
5956,0.9998951291087158
5974,4.704675676985309e-05
5977,4.353890745567721e-05
5985,0.9998727175338324
5989,5.379592212530207e-05
6001,0.0026371346473041085
6003,0.0019609987351751927
6006,5.3168219727365504e-05
6007,0.9996223163522101
6009,4.479971344691348e-05
6013,0.9990565363791533
6014,0.00196097464149843
6015,0.0006304452674788647
6020,0.00011731735974361013
6021,0.0003921010651064518
6022,0.9999836293320881
6023,0.00026013380591040494
6024,0.0007956311236266933
6026,4.830402508277897e-05
6030,7.430402392503915e-05
6033,0.996695037393001
6036,0.9994985241732534
6044,0.0007369607867453374
6050,0.0003025039257935313
6051,0.9999819938281546
6055,0.0004176887514791801
6075,0.00196097464149843
6077,0.00041431804317562025
6078,0.00037007323637957564
6081,0.000952746187990989
6082,0.9993289115899769
6089,0.00020066762545047415
6092,0.23528342926558957
6102,0.002075760536193004
6103,0.002312336623816038
6107,3.4567980353356386e-05
6110,5.311950632929762e-05
6113,0.999666812198777
6123,3.9063204635608604e-05
6124,6.288120982706638e-05
6127,0.9473784115901248
6133,0.9996223163522101
6134,0.00037007323637957564
6136,0.9999568776445106
6137,0.22294847171758742
6140,0.00011807935500747968
6143,4.954318439933166e-05
6144,0.009012005787607585
6146,0.0028333853607670828
6149,5.270837204143093e-05
6160,0.9998483238422085
6163,5.5235090125018534e-05
6168,0.22294847171758742
6169,0.0020368299312688016
6170,0.00018724339181465965
6175,0.0003496875210024585
6185,0.00012734492032281163
6191,9.979994851932418e-05
6192,0.22294847171758742
6196,0.000952746187990989
6203,0.22294847171758742
6208,0.0003489828322499265
6211,0.002525498960716512
6212,0.0003496875210024585
6219,7.309353624936144e-05
6230,4.609651123374184e-05
6233,5.247215666202429e-05
6238,0.00014223040098696742
6240,0.00026013380591040494
6242,5.328417313837607e-05
6243,7.92676285002894e-05
6246,0.9987495518152459
6248,8.399414528942796e-05
6253,0.9994563648173123
6254,0.9998727175338324
6255,0.00018286361234585898
6256,4.479971344691348e-05
6259,0.9999064394939688
6260,0.0014297089223900316
6262,0.0007956311236266933
6271,0.00196097464149843
6273,4.5589961691584216e-05
6274,0.0026371346473041085
6280,3.684094510962778e-05
6282,0.9473784115901248
6285,0.0003489828322499265
6291,0.9999812574203041
6294,0.000315211304386939
6295,0.0005573656893994887
6296,0.9990565363791533
6300,0.9998795342559553
6302,0.00020066762545047415
6306,0.004246514712537119
6317,5.807817151692507e-05
6318,4.361350075037471e-05
6321,0.9998894441255551
6323,0.00011347764082196614
6331,0.9999670476662612
6337,0.0005028658649900774
6341,3.6842603544390786e-05
6343,0.0003294076063234156
6347,0.9995762671864633
6349,4.9802890811725866e-05
6350,0.0001221517520725131
6351,0.999951564094725
6353,6.932071993706728e-05
6369,4.8884553910226695e-05
6370,4.357130717860938e-05
6371,3.742871965649661e-05
6377,0.9992684376272701
6382,5.807817151692507e-05
6383,5.296635293588133e-05
6387,4.361350075037471e-05
6388,0.00026013380591040494
6390,4.568712495050335e-05
6392,0.23528342926558957
6398,0.0011272461986322187
6402,0.0031117045531496054
6407,0.0002597353063143384
6410,0.9999287947672695
6411,0.000315211304386939
6412,7.717313212504368e-05
6414,0.0003489828322499265
6416,0.0009683855312854912
6422,7.430402392503915e-05
6423,0.00020066762545047415
6424,4.36784631498498e-05
6431,4.8884553910226695e-05
6434,0.9998909301844443
6436,5.802320831745888e-05
6442,5.177884953619539e-05
6444,0.0007939010076001599
6447,6.586038453583094e-05
6459,4.979345512463346e-05
6464,0.006507359443577124
6470,0.000952746187990989
6473,0.2225729167574657
6477,0.9999848001105475
6479,0.0001446822652224954
6481,0.002759229903327865
6483,0.0008303847188266249
6486,0.9999568061872536
6487,0.0007756993650223504
6496,0.9999303261561714
6500,0.0003152102071780363
6508,0.0030410406056064804
6509,0.00014223040098696742
6515,0.23528342926558957
6516,0.0026371346473041085
6519,3.5299440766062444e-05
6523,0.9992684376272701
6524,0.0003152102071780363
6527,0.9999151191957167
6529,0.005732122805785984
6534,0.00012215328705734969
6536,0.9999836411479883
6537,0.00012196613435931723
6538,0.9999647745934648
6544,0.9992684286277963
6553,0.00012196613435931723
6554,0.004367320389457687
6557,0.9999064394939688
6558,0.9993344028907214
6560,0.016298087347089953
6562,0.0017010687590371112
6568,0.0016232016907456724
6570,5.85900884891341e-05
6571,0.0019609987351751927
6579,0.0009373216812578322
6581,0.9999525539780105
6582,0.0031117045531496054
6583,0.9992684286277963
6590,0.9992684376272701
6592,9.537201456968648e-05
6597,0.9993344028907214
6599,0.00020066762545047415
6604,3.4621028334100934e-05
6607,0.22294847171758742
6608,4.9802890811725866e-05
6609,0.0014296913470183256
6610,3.5299440766062444e-05
6611,4.830402508277897e-05
6612,5.328417313837607e-05
6616,0.00020066762545047415
6618,0.0003489828322499265
6625,4.990348619498389e-05
6627,0.00029105310622022835
6632,4.9802890811725866e-05
6635,0.009884706957685922
6636,4.3633652185942235e-05
6640,0.0003489828322499265
6642,0.9969788928300801
6647,0.00018286361234585898
6651,0.9982248413476741
6653,5.328417313837607e-05
6661,0.00026013380591040494
6666,0.000952746187990989
6669,0.9488613368441116
6676,0.9998724399668965
6679,3.5299440766062444e-05
6684,0.9992684376272701
6687,0.0009669031085228232
6689,0.9999746796172315
6696,0.0009669031085228232
6698,0.002755013582434655
6700,0.00012196613435931723
6701,5.901003939592238e-05
6706,8.825040237274523e-05
6724,0.9998724399668965
6729,0.000952746187990989
6734,0.0002463506730823969
6738,0.00020066762545047415
6743,0.9999106770087686
6745,0.9999384375273949
6746,0.9999303261561714
6755,4.558790952076361e-05
6761,0.9992684286277963
6762,4.950210296142815e-05
6763,0.2225729167574657
6765,4.9802890811725866e-05
6769,0.9998657423469635
6777,0.9973433265142237
6782,0.2225729167574657
6783,6.288120982706638e-05
6784,0.9974755967558074
6788,0.0023506052563985243
6789,0.000952746187990989
6794,0.00012196613435931723
6796,0.9998204001246006
6798,5.9460473564217507e-05
6802,0.9999568776445106
6804,3.012657282093908e-05
6806,0.00196097464149843
6813,6.890809554310564e-05
6814,4.990348619498389e-05
6816,6.118571903715033e-05
6824,0.00012324090765188282
6828,0.9998894441255551
6830,0.999947394083066
6843,5.247215666202429e-05
6847,0.9998724399668965
6851,5.9518052967203426e-05
6852,0.0006309272348006008
6853,0.0007463319575162534
6857,0.0003294076063234156
6860,0.0003921010651064518
6862,0.9992684286277963
6864,0.9998835203314828
6865,4.939437942899333e-05
6876,0.9996223163522101
6878,0.00020107479980595945
6882,0.0032346263539202343
6884,0.0006309272348006008
6890,0.9987495364405733
6902,0.0003921010651064518
6908,0.0008303847188266249
6909,0.9998724399668965
6916,6.118571903715033e-05
6919,0.000952746187990989
6933,0.9998727175338324
6938,9.214850647165869e-05
6945,0.9999812976361887
6952,0.00014223040098696742
6955,0.9473784115901248
6960,0.9999378386319983
6963,7.430402392503915e-05
6966,4.939437942899333e-05
6969,0.00901211573207907
6971,0.23528342926558957
6972,0.0008303847188266249
6976,0.00020107479980595945
6977,0.9488613368441116
6987,0.9999519975416081
6988,0.00014441585735976267
6990,0.0031117045531496054
6993,5.328417313837607e-05
6994,0.00015753339843251656
6997,0.9473784115901248
6999,0.007181853776498755
7000,0.0006304375112297416
7009,0.9998657423469635
7018,0.23528342926558957
7020,0.9473785851750359
7022,3.7427034839261676e-05
7027,0.0009792553448332516
7029,0.0007939010076001599
7030,0.00014635048386884577
7032,9.499264710992848e-05
7037,0.9994774953774737
7040,4.939437942899333e-05
7042,5.9551719259913306e-05
7052,0.0007956311236266933
7053,0.00020066762545047415
7054,0.000417693891382247
7055,0.0009373216812578322
7061,0.0007939010076001599
7070,0.000952746187990989
7078,0.9999151191957167
7081,0.9994783115377269
7082,0.23528342926558957
7090,6.11553776210631e-05
7091,0.9998483303771473
7094,0.0007939010076001599
7095,0.9996223163522101
7097,0.9999840697940373
7098,0.2225729167574657
7100,0.00420891104903369
7106,6.314552040496485e-05
7107,0.0018088221646381769
7109,0.9992684286277963
7111,0.0007939010076001599
7120,7.048083194376647e-05
7124,0.002525498960716512
7126,0.0020368549550457585
7133,0.012811374573766894
7136,0.0008303847188266249
7139,0.9999526426022866
7144,0.0007939010076001599
7147,0.9999525539780105
7150,0.999951564094725
7154,0.0009373216812578322
7162,0.8093761011955569
7163,0.9992684286277963
7166,0.0012439201977550009
7170,0.00012215328705734969
7174,0.9999058160516413
7179,0.9997776070236842
7180,3.059352813200732e-05
7194,0.00011508904027978393
7196,0.00015586490166880965
7198,0.9993344028907214
7203,0.0002597353063143384
7210,0.9998724399668965
7220,0.9999378386319983
7223,0.004246514712537119
7224,0.9998923370842788
7230,0.00026013380591040494
7238,0.000952746187990989
7252,0.22294847171758742
7253,0.0024428864496677484
7254,4.36784631498498e-05
7259,6.575594970846687e-05
7264,0.0007956311236266933
7269,0.00026013380591040494
7279,0.00014441585735976267
7280,0.9990565363791533
7282,0.9998594636941474
7283,0.00015586490166880965
7284,0.9999855490687554
7285,0.0008303949329747527
7287,0.00028283636599312634
7291,0.0028334201429591906
7295,0.9998400457194301
7300,0.0002597353063143384
7303,0.000895901715820509
7306,7.048083194376647e-05
7310,0.0019609987351751927
7323,0.9999119730214132
7325,5.250336234883159e-05
7331,0.000952746187990989
7332,0.000417693891382247
7343,0.000952746187990989
7344,5.811224857081732e-05
7348,5.4929935731589505e-05
7349,0.0007956311236266933
7353,0.9999104849502187
7358,0.00029105310622022835
7361,5.5235090125018534e-05
7363,0.00010947698772802717
7364,0.0020588466571659614
7366,0.0003152102071780363
7377,0.23528342926558957
7382,0.0002918733189469976
7389,4.5589961691584216e-05
7395,5.9518052967203426e-05
7396,0.001804892823843484
7402,0.9997975774147873
7408,0.0009373216812578322
7409,0.0003921010651064518
7415,3.064047711007963e-05
7421,0.9987495364405733
7424,5.328417313837607e-05
7426,0.9997500641030563
7429,9.214737217534059e-05
7430,3.7427034839261676e-05
7431,3.0097426689155756e-05
7442,0.9473784115901248
7444,0.0003496875210024585
7448,4.607798844367227e-05
7451,0.00018286361234585898
7452,0.9999119730214132
7462,0.0003489828322499265
7466,9.995309139319764e-05
7468,0.000315211304386939
7471,0.0003294076063234156
7472,0.0017010896648016567
7478,4.9802890811725866e-05
7481,6.314552040496485e-05
7483,0.0002597353063143384
7485,0.002755013582434655
7487,4.36784631498498e-05
7488,0.002075760536193004
7492,0.00012196613435931723
7493,0.2225729167574657
7494,0.0003496875210024585
7496,0.0007956311236266933
7498,0.999009857138789
7499,0.0035141261746585704
7503,4.451113670477447e-05
7505,0.005111492925018042
7506,0.002178427096575681
7509,7.860166064964673e-05
7510,0.9999812574203041
7511,0.0006304375112297416
7512,7.243784440618535e-05
7513,9.989047032803534e-05
7514,0.9998325681411522
7516,0.00020066762545047415
7523,0.00026013380591040494
7524,3.524535332626971e-05
7527,0.0005255843234949455
7529,3.4040364225785375e-05
7532,0.0002597353063143384
7535,5.960938701671091e-05
7539,0.9473784115901248
7545,7.423214122859364e-05
7546,0.9999741331766765
7547,0.9998657423469635
7552,0.9999106770087686
7557,0.9997999823853757
7558,0.22294847171758742
7565,0.00018286361234585898
7566,0.0007382912243374749
7567,0.0009373216812578322
7569,0.9998727175338324
7575,4.586563522306168e-05
7576,0.004367320389457687
7583,0.00012215328705734969
7587,0.9999287947672695
7588,0.0019609987351751927
7590,0.23528342926558957
7594,3.7427034839261676e-05
7597,7.243784440618535e-05
7602,0.0003025039257935313
7603,5.270837204143093e-05
7609,0.0003489828322499265
7612,0.002369870185919107
7615,0.999924047825515
7618,0.9998724399668965
7627,0.9999844124185779
7633,6.11553776210631e-05
7635,0.999621553730851
7636,0.00012215328705734969
7637,0.9998300445764499
7638,6.11553776210631e-05
7640,0.006015148923402386
7645,4.9802890811725866e-05
7646,0.0001077557518754141
7649,0.8093761011955569
7654,7.243784440618535e-05
7658,0.00037007323637957564
7670,0.0008303847188266249
7673,0.00014223040098696742
7680,4.990348619498389e-05
7689,0.0007956311236266933
7692,0.004367320389457687
7695,0.00012196613435931723
7696,3.7294139656037825e-05
7700,0.9999414354542018
7702,0.0002597353063143384
7704,0.00018286361234585898
7705,0.0017010896648016567
7707,0.23528342926558957
7713,0.23528342926558957
7728,5.3151751274296496e-05
7729,0.9999586363911022
7730,0.000315211304386939
7731,6.575594970846687e-05
7733,3.7392509283560714e-05
7736,5.623025235002796e-05
7742,0.0003489828322499265
7743,0.00468024985102596
7749,0.0005858852184974999
7750,0.9984008985709164
7752,0.0017010896648016567
7753,5.249947438058162e-05
7754,4.9802890811725866e-05
7756,0.9994774953774737
7757,0.0003152102071780363
7760,6.586038453583094e-05
7762,0.0008303847188266249
7765,0.00018286361234585898
7770,3.064047711007963e-05
7772,0.9998657423469635
7775,0.00605733709048263
7779,0.2225729167574657
7780,0.0007939010076001599
7786,4.296767133218797e-05
7788,0.000952746187990989
7795,0.00012196613435931723
7799,0.001804892823843484
7803,0.0003025039257935313
7811,6.932071993706728e-05
7813,0.0007335297847933146
7816,0.0007939010076001599
7822,0.0003025039257935313
7823,5.9518052967203426e-05
7830,0.9992684286277963
7831,0.99873581706373
7833,0.999951564094725
7835,0.9999410645749532
7849,0.00044997041368243873
7861,0.005109548757822856
7869,0.9998915930571055
7871,0.9998657423469635
7876,0.999924047825515
7877,5.3151096980598485e-05
7884,5.270837204143093e-05
7885,0.9998724399668965
7889,0.00028040475836277497
7890,0.00020107479980595945
7892,0.0003496875210024585
7897,5.807817151692507e-05
7902,0.9982747857354867
7908,3.524535332626971e-05
7909,0.0005659931187681221
7910,0.00018754704804776595
7916,0.99873581706373
7926,0.9999510331817772
7927,0.0005028658649900774
7931,0.999805790148788
7933,0.00020066762545047415
7935,5.3168219727365504e-05
7940,0.9999819938281546
7944,0.0003348606574222004
7945,0.0003294076063234156
7950,0.9999836293320881
7955,4.939437942899333e-05
7957,0.0009373216812578322
7958,0.0009373216812578322
7959,5.807817151692507e-05
7966,7.430402392503915e-05
7968,0.002178427096575681
7973,0.9999789950350267
7979,0.9999151191957167
7987,0.0003489828322499265
7989,0.0020588466571659614
7993,5.211854000935717e-05
7994,0.9999812574203041
8003,0.00014223040098696742
8009,0.00420891104903369
8015,0.9998894441255551
8016,0.9999832815707336
8017,0.0008303847188266249
8022,0.0028334201429591906
8025,0.9999063540576812
8028,5.960938701671091e-05
8035,7.63939839891538e-05
8036,0.0009708661965771937
8038,0.9999836293320881
8039,0.9999473133555481
8041,0.00018286361234585898
8048,0.9998657423469635
8051,0.9992684376272701
8056,8.436823096270445e-05
8057,0.9473785851750359
8059,0.0007417536054868211
8063,0.0017090175743221699
8068,4.8884553910226695e-05
8070,0.0003496875210024585
8076,0.0007956311236266933
8077,0.9993794385986038
8081,0.0012712279988481728
8083,0.9998325681411522
8084,3.303726520385771e-05
8087,0.002369870185919107
8088,0.9999379658320403
8090,0.9999812976361887
8093,4.8884553910226695e-05
8096,5.387605044529288e-05
8100,7.243784440618535e-05
8103,0.00018286361234585898
8108,0.23528342926558957
8118,0.9488613368441116
8126,7.59938127452237e-05
8132,0.00034602988260242916
8134,5.807817151692507e-05
8138,5.930371917706188e-05
8141,4.479971344691348e-05
8144,0.9995677331171706
8146,0.000952746187990989
8147,6.118571903715033e-05
8151,0.00029105310622022835
8152,0.9998727175338324
8160,5.320102194467529e-05
8164,0.0004176887514791801
8169,0.9473785851750359
8170,0.0003921010651064518
8179,0.9998657423469635
8183,0.00020107479980595945
8184,0.9999519954731275
8196,0.9990066895409897
8201,5.960938701671091e-05
8202,0.9999812976361887
8203,6.118571903715033e-05
8209,0.9488613368441116
8210,5.807817151692507e-05
8212,0.9999192732797669
8217,0.0017010687590371112
8224,0.9473785851750359
8225,5.9460473564217507e-05
8233,0.22294847171758742
8234,0.9998727175338324
8236,0.0007383003065265133
8239,0.9998287870257786
8240,0.012838053737988528
8241,0.0008303847188266249
8245,0.0008037088560648402
8247,0.9995717180850213
8248,0.00012196613435931723
8249,0.00044997041368243873
8252,4.990348619498389e-05
8259,0.0014296913470183256
8262,0.9987495364405733
8263,6.297770451899694e-05
8264,0.00020066762545047415
8279,0.0007335297847933146
8283,0.9999840697940373
8287,3.064047711007963e-05
8288,0.009012005787607585
8290,0.0007956311236266933
8301,0.0003496875210024585
8310,0.000952746187990989
8316,0.00033537437962563143
8317,0.0004176887514791801
8320,0.9999536480665743
8328,4.596566331885813e-05
8333,8.98832284089943e-05
8337,0.06932206381522554
8349,0.0007939010076001599
8351,5.3658013213535084e-05
8361,0.999365154922111
8370,0.9488613368441116
8372,0.004246514712537119
8374,5.233733093777394e-05
8383,0.0003496875210024585
8388,7.430402392503915e-05
8393,0.0008303847188266249
8398,4.596566331885813e-05
8399,0.0002923211119583854
8408,0.00420891104903369
8413,0.999884857577143
8420,0.9998727175338324
8423,0.00041431804317562025
8424,4.9802890811725866e-05
8426,0.00196097464149843
8428,4.36784631498498e-05
8432,0.0007956311236266933
8434,0.0019609987351751927
8435,0.0008303949329747527
8442,0.9999519975416081
8446,0.00028283636599312634
8449,0.2225729167574657
8454,4.586563522306168e-05
8456,0.0028334201429591906
8463,0.9998951291087158
8475,0.00618595648019875
8479,0.005292601102725644
8489,0.9997120035482449
8490,0.2225729167574657
8496,0.9999819551092717
8499,0.23528342926558957
8501,0.9999410645749532
8508,5.9643622946078996e-05
8509,3.9063204635608604e-05
8515,5.3198627190438685e-05
8519,0.9998657423469635
8522,0.002181762929988489
8525,8.825040237274523e-05
8527,0.000952746187990989
8528,0.0017090175743221699
8530,4.607798844367227e-05
8534,0.0014296913470183256
8536,4.596566331885813e-05
8537,0.9999499568979832
8539,0.23528342926558957
8551,0.000125637237433466
8556,0.0008303949329747527
8559,5.255031335435125e-05
8560,7.243784440618535e-05
8565,0.0017090175743221699
8568,8.654174039039744e-05
8569,0.9987495364405733
8575,7.850261865968507e-05
8580,0.0008303847188266249
8594,0.9990963439708602
8601,0.00196097464149843
8611,5.2165165246239245e-05
8613,0.000630934997070971
8625,4.9802890811725866e-05
8628,0.0003921010651064518
8631,4.3680429369395224e-05
8639,0.0007383003065265133
8642,0.9999855490687554
8644,5.930371917706188e-05
8648,4.8884553910226695e-05
8649,0.9999303261561714
8655,0.0002597353063143384
8657,0.0028388306532996224
8658,0.9998727175338324
8659,4.198155606916126e-05
8662,3.5299440766062444e-05
8663,0.9999525539780105
8664,0.00026611489735811167
8665,0.004992793715275621
8666,0.0007335297847933146
8668,0.0009278858444497353
8679,4.4366481358653954e-05
8693,0.9998727175338324
8709,0.0008303949329747527
8711,7.32377506281823e-05
8718,0.9999192732797669
8720,0.003073669723003646
8722,0.9998400457194301
8726,4.990348619498389e-05
8734,0.00020107479980595945
8739,0.00032936511113992276
8746,0.0013182524325186767
8748,9.143177161767588e-05
8749,0.9995895663719452
8755,0.0007956311236266933
8757,0.000952746187990989
8763,0.0008303847188266249
8764,0.006507439032569228
8766,0.9999819551092717
8773,3.6842603544390786e-05
8777,8.917081383032545e-05
8779,0.00018286361234585898
8783,0.00025693871330990025
8787,0.0007335297847933146
8789,0.2225729167574657
8791,3.012657282093908e-05
8794,0.0007956311236266933
8800,0.0028333853607670828
8803,0.004983158979904571
8805,0.9992684376272701
8816,0.00036420235996857485
8817,0.0009104718353442865
8818,4.1612939899226686e-05
8819,0.999951564094725
8821,5.328417313837607e-05
8845,0.004367320389457687
8849,0.0009373216812578322
8851,0.9995895663719452
8852,5.3658013213535084e-05
8857,5.960938701671091e-05
8867,0.9992684286277963
8870,5.255031335435125e-05
8871,0.000630934997070971
8876,0.9473785851750359
8883,0.0009106983817529727
8885,8.613379438679565e-05
8889,0.00018286361234585898
8891,0.0013802279596660423
8892,9.537201456968648e-05
8893,0.9999844124185779
8894,0.003073669723003646
8906,9.274704111836148e-05
8907,0.9999648477017928
8919,3.2986643860003994e-05
8923,0.0007956311236266933
8928,0.9999106770087686
8931,0.9998719573881523
8938,7.430402392503915e-05
8943,5.216452309670074e-05
8955,4.990348619498389e-05
8957,0.999872219382945
8964,0.0008303847188266249
8965,3.737136975879578e-05
8970,0.0019609987351751927
8975,0.0020588466571659614
8980,0.9998727175338324
8983,3.2986643860003994e-05
8989,0.005723389742325767
8992,5.9306388737784195e-05
8993,0.22294847171758742
8996,0.9998933186395719
8998,0.0003294076063234156
8999,4.939437942899333e-05
9004,0.0003496875210024585
9007,0.9998835203314828
9011,0.010243203929753652
9018,0.9990565363791533
9020,0.0008303847188266249
9021,4.363817105083811e-05
9027,0.00014223040098696742
9035,6.098563068394302e-05
9042,0.9999303261561714
9044,0.9990704516770569
9052,0.9992684286277963
9056,0.000417693891382247
9058,0.0007146805230800242
9059,0.005547462321522952
9060,0.22294847171758742
9061,0.0005660000826093352
9065,0.9473785851750359
9068,5.960938701671091e-05
9070,4.558790952076361e-05
9071,0.0002597353063143384
9077,6.22229710785444e-05
9081,0.000315211304386939
9083,4.361350075037471e-05
9084,4.8884553910226695e-05
9085,0.0009373216812578322
9088,8.86482851627741e-05
9091,0.23528342926558957
9093,0.0025414254415800255
9096,0.00018286361234585898
9098,7.423214122859364e-05
9103,3.678615168602482e-05
9109,0.003757134243104991
9113,0.00018286361234585898
9126,6.20843930916153e-05
9129,5.681464706624779e-05
9130,0.07626933620976893
9134,5.921551891752585e-05
9137,4.950210296142815e-05
9139,0.9998727175338324
9141,0.9999519954731275
9142,0.000895901715820509
9147,0.9998657423469635
9148,5.9518052967203426e-05
9151,0.9998657423469635
9153,0.0029306866007651525
9154,0.0005255778566517551
9158,0.0009339076959921525
9160,5.2421393295752985e-05
9164,0.9973433265142237
9170,5.9460473564217507e-05
9175,0.23528342926558957
9176,0.014078245481704601
9177,5.681464706624779e-05
9178,4.614869885371506e-05
9185,0.9998657423469635
9186,0.0031117045531496054
9187,0.0007382912243374749
9189,8.825040237274523e-05
9190,0.0762702035280661
9195,0.9999303261561714
9199,4.990348619498389e-05
9205,0.0007197607066964709
9209,0.0007956311236266933
9213,0.9998724399668965
9218,0.9999065105342229
9221,0.0019609987351751927
9223,0.9998933186395719
9229,0.9999410645749532
9234,0.0009669031085228232
9235,0.0003489828322499265
9237,0.0017010687590371112
9243,5.328417313837607e-05
9244,0.9999104849502187
9250,0.9473784115901248
9252,0.0003489828322499265
9253,0.00018286361234585898
9255,0.00028283636599312634
9261,0.999906630939681
9262,0.99873581706373
9270,0.9993344028907214
9271,0.9982515066090728
9273,0.22294847171758742
9275,7.430402392503915e-05
9281,0.0031117045531496054
9283,3.4040364225785375e-05
9290,0.0009373216812578322
9291,0.00018286361234585898
9292,0.9995677331171706
9295,9.995309139319764e-05
9304,0.00196097464149843
9308,0.23528342926558957
9313,0.9998727175338324
9317,5.247215666202429e-05
9321,0.0026371346473041085
9330,0.003073669723003646
9332,8.412269025630678e-05
9335,4.8884553910226695e-05
9344,0.9996885102937777
9346,0.0028334201429591906
9349,0.22294847171758742
9351,0.0003611341422352126
9352,0.9999836293320881
9354,0.001275979893869128
9359,7.63939839891538e-05
9371,0.0013162351325675177
9372,0.0003921010651064518
9380,4.3680429369395224e-05
9381,7.423214122859364e-05
9382,0.9998657423469635
9384,4.9802890811725866e-05
9385,5.807817151692507e-05
9388,0.9998657423469635
9395,0.00011794298359327118
9404,0.9978056248750833
9405,0.0001172294619007838
9415,0.0001671650990284317
9416,7.243784440618535e-05
9422,0.00012196613435931723
9425,5.2501837663869845e-05
9426,0.0003921010651064518
9430,0.0024428864496677484
9433,8.412269025630678e-05
9434,0.9999808675810521
9436,0.00020107479980595945
9437,0.00018286361234585898
9445,5.255267892605444e-05
9447,0.00028283636599312634
9452,5.412110352826748e-05
9454,0.9998724399668965
9455,0.0005659931187681221
9456,4.990348619498389e-05
9464,0.0003152102071780363
9467,0.00011959705207272988
9469,0.0026371346473041085
9478,0.9998657423469635
9481,0.014078245481704601
9483,5.328417313837607e-05
9485,5.320102194467529e-05
9488,0.0003921010651064518
9502,0.0009792553448332516
9513,0.9997553956532382
9518,0.9998727175338324
9521,0.002312336623816038
9528,0.9999833685978098
9540,0.00468024985102596
9542,0.9998977723201392
9547,0.0003489828322499265
9554,0.9999830343283849
9558,0.9999526426022866
9559,0.005723389742325767
9560,5.811224857081732e-05
9561,0.9996885102937777
9562,0.00020107479980595945
9563,0.00020066762545047415
9566,0.003056399004164884
9571,0.00014223040098696742
9573,0.9998724399668965
9574,0.0003152102071780363
9584,0.00020066762545047415
9588,5.807817151692507e-05
9589,0.9998657423469635
9599,0.0007939010076001599
9605,0.9998657423469635
9610,5.807817151692507e-05
9612,0.0010678528001201004
9613,0.00011347764082196614
9615,0.000952746187990989
9617,4.9802890811725866e-05
9626,0.9987450112156064
9634,0.9998657423469635
9635,0.00020066762545047415
9636,7.05812463423693e-05
9639,0.000952746187990989
9640,4.990348619498389e-05
9642,0.9999473133555481
9643,0.0003489828322499265
9644,0.00020066762545047415
9652,0.00019733540215887804
9655,0.9473785851750359
9662,0.9960004668076992
9663,0.0007939010076001599
9664,0.00026013380591040494
9670,0.00014223040098696742
9673,5.328417313837607e-05
9674,0.00911071577163505
9675,0.9999848001105475
9677,0.0017090175743221699
9685,3.524535332626971e-05
9690,4.990348619498389e-05
9692,4.558790952076361e-05
9693,0.000417693891382247
9697,0.001015896848436102
9704,0.0762702035280661
9705,0.0006489350877357901
9706,0.00044997041368243873
9710,0.0008303949329747527
9717,0.000952746187990989
9719,0.00045061895097513345
9720,0.9999550062893311
9724,8.412372578039572e-05
9729,6.430897637046749e-05
9739,0.9999586363911022
9740,0.9999830343283849
9741,0.22294847171758742
9747,4.4800264939105734e-05
9751,6.414134335184196e-05
9752,0.0008303847188266249
9756,0.2225729167574657
9757,0.00196097464149843
9758,6.669610210327244e-05
9760,0.9999568080484527
9762,0.9996160362243841
9775,0.9998657423469635
9776,0.9998657423469635
9778,0.0031117045531496054
9779,0.0009669031085228232
9784,0.0005659931187681221
9788,0.9998885329924632
9794,0.9992684376272701
9804,0.9997978875243
9805,0.9996673327416711
9815,0.9998657423469635
9819,0.00020107479980595945
9832,0.0007939010076001599
9834,0.0003489828322499265
9839,0.9999830343283849
9840,0.0003496875210024585
9842,0.000648943071412129
9843,0.9998594576388387
9844,0.0012712279988481728
9846,0.00020066762545047415
9850,0.00011808080847816313
9851,0.004253003917995008
9852,0.9970087657638763
9862,0.23528342926558957
9863,0.0009683855312854912
9864,4.990348619498389e-05
9866,3.7427034839261676e-05
9867,0.0003489828322499265
9868,5.807817151692507e-05
9869,0.0003025039257935313
9875,0.0005028658649900774
9876,6.118571903715033e-05
9879,0.9999568061872536
9882,0.005732122805785984
9884,5.379592212530207e-05
9898,6.118571903715033e-05
9900,7.719041391435281e-05
9904,9.274704111836148e-05
9907,0.9999812574203041
9910,0.9994774953774737
9911,4.552010735628039e-05
9912,0.9998835203314828
9913,9.12947452479209e-05
9921,4.9802890811725866e-05
9924,0.0008303949329747527
9930,7.430402392503915e-05
9934,0.0005659931187681221
9935,0.9999836411479883
9936,0.9959494393686437
9940,0.0007197607066964709
9942,0.0013205758147271525
9943,0.9999670476662612
9945,0.0001077557518754141
9956,0.0006489350877357901
9961,9.979994851932418e-05
9962,5.34109931108707e-05
9972,0.9999058160516413
9973,0.0024428864496677484
9975,0.00018286361234585898
9983,8.825040237274523e-05
9987,0.0018088221646381769
9993,0.00018286361234585898
9998,0.2225729167574657
10008,0.0007939010076001599
10018,0.9998287870257786
10024,0.001275979893869128
10034,5.960938701671091e-05
10038,0.0011282364153317142
10039,3.012657282093908e-05
10041,0.9996223163522101
10043,0.9999855490687554
10044,0.23528342926558957
10047,0.9992684286277963
10052,0.9987174999037967
10054,0.0007939010076001599
10055,0.9999379658320403
10056,0.0020588466571659614
10057,0.9992684376272701
10062,0.0009683855312854912
10071,0.9999151191957167
10075,4.9802890811725866e-05
10078,0.9488613368441116
10082,0.22294847171758742
10087,0.9999812574203041
10093,0.0008303949329747527
10094,7.430402392503915e-05
10095,0.0009373216812578322
10099,0.0017090385776086848
10105,0.006507359443577124
10108,0.9999473133555481
10109,0.00020066762545047415
10115,0.9992684286277963
10122,0.0003489828322499265
10129,0.0003921010651064518
10130,0.9994783115377269
10132,0.00032936511113992276
10147,0.000951230724556828
10148,0.9999836411479883
10153,0.0003152102071780363
10155,0.00028283636599312634
10178,0.9473785851750359
10196,0.9996224962220819
10200,0.00032936511113992276
10203,0.9999805267144197
10208,4.9802890811725866e-05
10217,4.9765305183604125e-05
10220,0.9999410645749532
10222,4.9802890811725866e-05
10225,0.0012439201977550009
10227,5.681464706624779e-05
10235,0.0005660000826093352
10246,0.0035092793368379604
10247,0.0001077557518754141
10248,3.7292460896564154e-05
10249,0.9473784115901248
10250,0.002369870185919107
10251,0.23528342926558957
10253,0.0017010687590371112
10256,0.0003489828322499265
10257,0.9999640003330978
10263,0.9999855490687554
10264,0.000736321389366732
10265,0.0002597353063143384
10270,0.005111430321253707
10290,0.000315211304386939
10292,0.0007956311236266933
10310,0.0003921010651064518
10320,0.0005255843234949455
10325,0.00014223040098696742
10329,0.000952746187990989
10331,3.059352813200732e-05
10335,5.2421393295752985e-05
10351,0.22294847171758742
10353,0.9998724399668965
10357,5.3168219727365504e-05
10362,0.9473785851750359
10372,0.0003163256692616363
10382,0.9999836293320881
10384,0.0003496875210024585
10385,0.00020107479980595945
10391,0.23528342926558957
10397,4.9802890811725866e-05
10398,0.9998657423469635
10407,0.9992684376272701
10408,0.0007939010076001599
10409,0.9998657423469635
10414,0.0003152102071780363
10422,0.0026206358642014023
10423,0.8423721313133714
10427,0.00196097464149843
10429,0.0002289094309271827
10430,0.9999844124185779
10433,0.9992684376272701
10441,0.0003611341422352126
10443,0.9995895663719452
10446,0.9999844124185779
10448,0.00020066762545047415
10455,0.00018286361234585898
10463,7.430402392503915e-05
10465,0.9998657423469635
10473,0.003056399004164884
10481,0.9999670476662612
10483,0.00012196613435931723
10484,0.00026013380591040494
10485,4.9802890811725866e-05
10494,0.0009278858444497353
10495,6.118571903715033e-05
10504,6.669610210327244e-05
10519,0.0003294076063234156
10522,0.9992684286277963
10524,0.002178427096575681
10528,0.00018286361234585898
10529,0.22294847171758742
10536,0.0007956311236266933
10539,0.0003489828322499265
10540,8.654174039039744e-05
10541,6.669610210327244e-05
10545,0.9999287947672695
10547,0.00028283636599312634
10549,0.0060710709303153105
10551,0.0003489828322499265
10552,0.0006489350877357901
10553,0.9998594576388387
10554,0.004227015467084751
10557,0.0007939010076001599
10564,0.0032346263539202343
10566,0.23528342926558957
10567,0.2225729167574657
10573,0.9999063500225552
10581,0.01121449986618125
10598,3.5297851792852416e-05
10608,0.00028283636599312634
10609,0.999924047825515
10612,0.9488613368441116
10617,0.00028283636599312634
10619,0.0020368299312688016
10620,0.9998657423469635
10621,0.00020066762545047415
10623,0.004736820874714465
10627,4.8884553910226695e-05
10629,0.8093761011955569
10630,5.1619473797477944e-05
10641,0.00018286361234585898
10649,6.915848633880243e-05
10650,0.0009278858444497353
10655,0.00028283636599312634
10662,8.825040237274523e-05
10663,5.3168219727365504e-05
10667,7.048083194376647e-05
10668,4.558790952076361e-05
10669,0.00022855875309000183
10680,0.00011507786644878865
10684,0.00044997041368243873
10691,6.586038453583094e-05
10693,5.807817151692507e-05
10694,0.002075760536193004
10695,0.0009106983817529727
10708,0.000648943071412129
10711,4.3680429369395224e-05
10712,0.0005028658649900774
10713,5.631654135492842e-05
10717,0.000315211304386939
10728,0.8423721313133714
10732,0.9473784115901248
10734,0.9999334346258979
10739,0.0003152102071780363
10743,0.22294847171758742
10746,0.0014297089223900316
10747,8.74710387549412e-05
10754,4.296767133218797e-05
10758,5.807817151692507e-05
10760,0.00029105310622022835
10761,4.9802890811725866e-05
10765,0.0003294076063234156
10766,0.9996885102937777
10769,0.00010947698772802717
10772,0.9473784115901248
10773,0.9999805439124154
10774,0.07626933620976893
10777,0.23528342926558957
10778,0.00018286361234585898
10779,0.002767441262719967
10786,3.9005106181215564e-05
10789,0.0007956311236266933
10794,0.0017090175743221699
10795,4.479971344691348e-05
10800,4.704675676985309e-05
10809,0.0018688248110641556
10819,0.9473785851750359
10825,0.9999110578446009
10827,0.23528342926558957
10831,0.9998657423469635
10834,0.9998835203314828
10835,0.003087649530949634
10836,0.23528342926558957
10837,0.00020066762545047415
10842,0.00018286361234585898
10847,0.0006304375112297416
10848,0.9999812976361887
10849,0.9999106770087686
10852,0.00015276789045530126
10853,4.4800264939105734e-05
10856,0.00018286361234585898
10862,3.5299440766062444e-05
10866,6.770974149564231e-05
10871,0.23528342926558957
10872,0.9999830343283849
10884,5.643936589760489e-05
10899,0.0003294076063234156
10902,0.9999058160516413
10903,0.000952746187990989
10905,5.807817151692507e-05
10912,0.9999378386319983
10913,0.0017010687590371112
10915,5.960938701671091e-05
10919,0.0003496875210024585
10923,0.22294847171758742
10929,0.0018688248110641556
10931,3.678615168602482e-05
10950,0.9998657423469635
10958,0.0017090175743221699
10960,0.00026013380591040494
10962,0.00011731735974361013
10963,7.243784440618535e-05
10966,0.996647837420526
10972,0.0035882903502960934
10979,0.0005255843234949455
10980,0.2225729167574657
10981,0.9999812976361887
10992,0.0009683855312854912
10993,8.690654935332071e-05
10996,0.0001493900410580033
10998,0.0007939010076001599
11001,0.00014435762500079443
11010,0.9999051351183671
11014,0.9998727175338324
11023,0.00026013380591040494
11030,0.0003611341422352126
11034,5.807817151692507e-05
11036,3.0610833813759486e-05
11037,0.0003496875210024585
11044,0.9993344028907214
11048,0.2225729167574657
11050,0.0009373216812578322
11051,7.243784440618535e-05
11052,0.9999836411479883
11056,0.0009373216812578322
11065,0.9998657423469635
11066,0.9999510331817772
11067,7.59938127452237e-05
11076,0.011684100462575488
11077,0.0017090175743221699
11079,5.472975487151807e-05
11085,0.000952746187990989
11088,0.00018286361234585898
11098,7.430402392503915e-05
11099,0.0003489828322499265
11103,5.3198627190438685e-05
11105,5.960938701671091e-05
11111,0.001074795257880185
11114,0.9992684286277963
11116,0.0007939010076001599
11122,5.1619473797477944e-05
11132,0.999798588411122
11135,0.9998727175338324
11137,0.0007939010076001599
11155,5.311950632929762e-05
11159,0.0007956311236266933
11161,4.950210296142815e-05
11167,0.0009683855312854912
11171,4.586563522306168e-05
11172,6.932071993706728e-05
11176,0.9965972014420796
11178,0.9999550062893311
11180,7.136365847252913e-05
11183,0.9974463402497262
11187,3.684094510962778e-05
11190,0.00028283636599312634
11191,0.0002509612163143554
11197,0.0003294076063234156
11198,0.0001839723690928067
11199,0.00011807935500747968
11200,0.9980523598763044
11206,0.9998657423469635
11217,0.005354615830193132
11224,0.000952746187990989
11238,0.9997599458638415
11243,5.681464706624779e-05
11258,7.63939839891538e-05
11261,0.006413195480014383
11266,0.0025355485088868496
11273,0.0007197695610940449
11274,3.303726520385771e-05
11279,0.000315211304386939
11281,0.00026013380591040494
11298,3.012657282093908e-05
11301,0.000952746187990989
11303,0.00196097464149843
11304,0.000952746187990989
11305,4.1715279811296715e-05
11312,0.9998894441255551
11313,5.2501837663869845e-05
11316,0.2225729167574657
11319,5.2421393295752985e-05
11324,0.22294847171758742
11325,0.0009669031085228232
11327,0.011197169747356423
11328,0.00028283636599312634
11329,0.0003300301995967342
11339,7.039204077722671e-05
11341,7.296613865915029e-05
11350,0.9969374384271711
11352,3.248316311800037e-05
11356,5.2368456446649856e-05
11358,0.9998657423469635
11359,0.0004176887514791801
11372,4.9765305183604125e-05
11380,0.9997733950535433
11388,5.169951288770619e-05
11392,6.586038453583094e-05
11395,0.0003489828322499265
11397,0.9473784115901248
11399,4.788409402005109e-05
11404,0.9998400388275899
11405,0.9457839634164231
11406,0.002369870185919107
11409,0.9993344028907214
11412,0.0008303949329747527
11413,0.9990963439708602
11422,0.9999127766883951
11426,0.9999064394939688
11427,0.9488613368441116
11429,0.9999844124185779
11431,3.059352813200732e-05
11433,0.9998727175338324
11437,4.198155606916126e-05
11444,0.00037007323637957564
11448,5.681464706624779e-05
11450,0.9990565363791533
11452,0.0007939010076001599
11454,0.9998657423469635
11459,0.004367320389457687
11462,0.2225729167574657
11464,4.586563522306168e-05
11466,6.11553776210631e-05
11469,7.654828582184629e-05
11475,0.9999119730214132
11483,0.0003496875210024585
11487,0.9999151191957167
11489,0.00011794298359327118
11490,0.9995895663719452
11495,0.00011507786644878865
11497,0.0003489828322499265
11499,5.807817151692507e-05
11500,5.930371917706188e-05
11503,0.9998835253501641
11505,4.959116072929575e-05
11506,0.9473785851750359
11508,0.0019609987351751927
11511,0.00020066762545047415
11512,0.00011856229737427553
11516,0.00020066762545047415
11517,0.0020368549550457585
11520,0.9992684286277963
11525,0.00018286361234585898
11536,5.973374035699646e-05
11543,4.363817105083811e-05
11547,5.328417313837607e-05
11549,7.63939839891538e-05
11554,6.118571903715033e-05
11559,7.919937564024841e-05
11560,0.0003496875210024585
11564,0.0003152102071780363
11580,0.0017090175743221699
11583,3.248316311800037e-05
11584,0.07131049579431503
11588,3.5297851792852416e-05
11591,0.0007382912243374749
11597,3.684094510962778e-05
11598,0.00196097464149843
11603,0.0003025039257935313
11609,0.0003921010651064518
11621,0.00018286361234585898
11622,6.669610210327244e-05
11623,0.9998657423469635
11626,0.9991337963343578
11634,0.0003496875210024585
11637,5.270837204143093e-05
11650,5.960938701671091e-05
11652,0.0017010896648016567
11653,5.149283722118249e-05
11654,0.9999819551092717
11665,0.999951564094725
11667,0.0008319486348780757
11669,4.36784631498498e-05
11671,7.243784440618535e-05
11677,0.0007383003065265133
11680,0.9987495364405733
11681,0.9999017043780061
11684,0.0007956311236266933
11685,4.990348619498389e-05
11693,0.00041431804317562025
11694,0.002369870185919107
11695,0.9999830343283849
11699,0.9995717180850213
11701,6.118571903715033e-05
11702,4.363620673341469e-05
11704,0.9999819938281546
11705,0.00016716715660778432
11706,0.0003489828322499265
11717,3.9005106181215564e-05
11719,0.9998724399668965
11722,0.9994783115377269
11723,0.0019609987351751927
11724,0.0008303847188266249
11732,0.00018286361234585898
11739,0.0009373216812578322
11744,7.243784440618535e-05
11746,0.0008303847188266249
11749,0.9998400457194301
11751,4.990348619498389e-05
11757,0.9992684376272701
11769,0.0003025039257935313
11775,0.00028283636599312634
11778,0.00010208281340053267
11781,0.0007382912243374749
11782,7.002598020221513e-05
11786,0.9999519975416081
11789,0.0008303847188266249
11790,5.172875686434827e-05
11796,0.0003921010651064518
11798,0.000952746187990989
11799,0.9998727175338324
11802,0.0013802279596660423
11805,0.000417693891382247
11806,0.0020368299312688016
11809,0.9999526426022866
11814,0.001074795257880185
11818,4.830461971156742e-05
11821,0.0005660000826093352
11828,0.9987377517266016
11829,0.9999063540576812
11833,0.00018286361234585898
11838,0.9999287947672695
11841,0.002755013582434655
11844,6.586038453583094e-05
11864,0.0009792553448332516
11876,9.979994851932418e-05
11879,4.586563522306168e-05
11884,0.9998657423469635
11885,0.000315211304386939
11889,4.586563522306168e-05
11895,0.0029351709834033748
11904,0.00012734492032281163
11915,4.296767133218797e-05
11921,0.003235558232974092
11928,0.9999830343283849
11929,3.248316311800037e-05
11933,0.00018286361234585898
11939,5.270837204143093e-05
11951,0.000417693891382247
11952,0.00037007323637957564
11969,0.00022855875309000183
11972,0.0003152102071780363
11976,0.0017090385776086848
11977,0.00020107479980595945
11980,0.001804892823843484
11983,0.00014223040098696742
11994,0.004246514712537119
12000,0.0013242279524285526
12001,0.999621553730851
12002,0.0001077557518754141
12005,5.681464706624779e-05
12009,4.8884553910226695e-05
12018,0.00026013380591040494
12022,4.586563522306168e-05
12031,0.9998724399668965
12038,8.177985792963223e-05
12047,0.9999808675810521
12050,7.048083194376647e-05
12051,4.526543650395926e-05
12058,5.255031335435125e-05
12060,0.00018286361234585898
12064,3.5297851792852416e-05
12065,0.0001077557518754141
12066,6.586038453583094e-05
12067,0.0003489828322499265
12072,0.0005660000826093352
12075,0.0003489828322499265
12080,5.255267892605444e-05
12093,0.0005659931187681221
12094,0.9999832815707336
12095,0.0031117045531496054
12102,0.9998287870257786
12110,0.0008303847188266249
12112,0.0003496875210024585
12115,0.9488613368441116
12122,0.9993344028907214
12134,4.1715279811296715e-05
12135,5.960938701671091e-05
12140,0.9997733950535433
12143,0.9998727175338324
12160,0.0014297089223900316
12162,0.00012215328705734969
12163,0.0011282364153317142
12164,0.00019733540215887804
12171,0.0003496875210024585
12173,4.558790952076361e-05
12174,0.003056399004164884
12175,5.28613697475509e-05
12178,5.2417646312967205e-05
12182,0.9998727175338324
12183,0.0003921010651064518
12195,0.004992793715275621
12196,0.9998835253501641
12198,0.00045061895097513345
12199,0.9999836293320881
12205,0.00018286361234585898
12208,5.1730895903729595e-05
12211,0.22294847171758742
12212,4.8884553910226695e-05
12215,3.064047711007963e-05
12216,8.86482851627741e-05
12220,0.9999586363911022
12221,5.681464706624779e-05
12222,0.999798588411122
12231,4.36784631498498e-05
12232,0.0009669031085228232
12233,0.9473784115901248
12235,0.00011254421380958478
12241,0.0024428864496677484
12246,0.0025414254415800255
12248,0.9999525539780105
12252,0.9999632362781291
12253,5.960938701671091e-05
12265,0.0007586695454938954
12278,0.002222625642549714
12281,0.002735794355241847
12284,0.00020066762545047415
12290,0.9966478785492338
12291,0.0003921010651064518
12292,0.9999119730214132
12294,6.11553776210631e-05
12297,0.2225729167574657
12300,0.2225729167574657
12301,4.8884553910226695e-05
12306,0.9998933232361251
12308,0.0018688248110641556
12312,0.016298087347089953
12317,0.0026371346473041085
12320,0.23528342926558957
12327,0.0014296913470183256
12331,0.9994985241732534
12333,4.990348619498389e-05
12339,0.0004176887514791801
12344,5.9306388737784195e-05
12351,0.23528342926558957
12356,6.136612415584311e-05
12360,0.23528342926558957
12362,0.9999819551092717
12367,3.7292460896564154e-05
12368,0.2225729167574657
12370,0.0012439201977550009
12374,0.9998727175338324
12380,0.9999287947672695
12384,0.9969374384271711
12390,0.0030410406056064804
12392,5.807817151692507e-05
12393,0.00020066762545047415
12396,0.9999832815707336
12398,0.002369870185919107
12407,4.3680429369395224e-05
12408,0.00018286361234585898
12413,0.000315211304386939
12414,0.9999836293320881
12416,0.9997327802762535
12417,0.0007939010076001599
12422,7.423214122859364e-05
12425,0.0007939010076001599
12426,0.0024428864496677484
12428,0.001804892823843484
12434,0.0009683855312854912
12436,6.430897637046749e-05
12439,9.129362145996405e-05
12443,0.9999151191957167
12445,0.0031117045531496054
12452,0.9998657423469635
12456,0.9995537572190368
12457,5.807817151692507e-05
12466,0.9998724399668965
12467,0.9999586363911022
12480,0.00012196613435931723
12484,0.00028283636599312634
12486,0.0007956311236266933
12496,0.002767441262719967
12498,0.0009669031085228232
12504,7.048083194376647e-05
12506,0.9992684286277963
12511,0.0007956311236266933
12513,0.9987889735669913
12520,0.9998657423469635
12524,4.4800264939105734e-05
12526,0.00016398085817541613
12531,0.00014223040098696742
12532,0.0003152102071780363
12533,0.2225729167574657
12534,4.363620673341469e-05
12535,0.0003294076063234156
12537,0.0003300301995967342
12540,0.22294847171758742
12542,0.9998594576388387
12548,0.9473784115901248
12557,0.2225729167574657
12570,5.9551719259913306e-05
12572,0.9999836293320881
12573,0.9998285320894882
12575,0.002755013582434655
12576,0.0001221517520725131
12577,0.9999586363911022
12579,0.000315211304386939
12582,0.9995537572190368
12597,9.537201456968648e-05
12598,0.00012196613435931723
12606,0.0008303847188266249
12611,0.0007956311236266933
12625,0.0002918733189469976
12629,0.00014435762500079443
12631,5.807817151692507e-05
12637,0.0003496875210024585
12639,0.000326231031246402
12641,0.010243203929753652
12644,0.002755013582434655
12645,0.0007231273519612269
12649,3.678615168602482e-05
12652,0.0014297089223900316
12653,0.007181853776498755
12664,0.22294847171758742
12665,0.9999410645749532
12672,0.9990066895409897
12679,0.0012444919227764014
12686,0.000952746187990989
12692,0.22294847171758742
12698,0.0030410406056064804
12699,0.0047440557596570895
12700,0.0003294076063234156
12702,0.22294847171758742
12703,0.0013802279596660423
12704,6.586038453583094e-05
12707,0.0003489828322499265
12716,5.625074289453747e-05
12718,6.663157892067235e-05
12720,9.995309139319764e-05
12722,0.23528342926558957
12723,4.9765305183604125e-05
12725,0.004347268847470001
12727,0.9978056248750833
12730,0.00018286361234585898
12731,0.0013182524325186767
12738,0.00044997041368243873
12741,9.680016873563012e-05
12746,0.9996223163522101
12750,9.454933206012192e-05
12758,0.0008303847188266249
12761,0.00037007323637957564
12764,5.9551719259913306e-05
12767,3.2986643860003994e-05
12773,0.22294847171758742
12776,0.9990565363791533
12779,0.0019609987351751927
12788,0.0023506052563985243
12796,0.007181853776498755
12802,0.0004123073536401814
12810,8.194600370979624e-05
12813,0.9999812574203041
12817,0.9998727175338324
12828,0.0003921010651064518
12829,0.999803132193682
12843,0.00020066762545047415
12844,0.00046818270403212403
12845,0.0003921010651064518
12849,3.7294139656037825e-05
12851,0.0009373216812578322
12854,0.9987495364405733
12861,3.678615168602482e-05
12862,0.00012196613435931723
12864,7.139906422789197e-05
12869,5.255031335435125e-05
12872,0.9996885102937777
12880,0.23528342926558957
12882,0.0017010896648016567
12883,0.00014223040098696742
12889,0.0003496875210024585
12894,0.00018286361234585898
12897,0.9994985241732534
12907,0.00012196613435931723
12909,0.9998529796220411
12913,0.0007146805230800242
12914,3.5299440766062444e-05
12916,0.0009683855312854912
12923,0.2225729167574657
12925,4.8884553910226695e-05
12933,5.3658013213535084e-05
12939,0.0004176887514791801
12940,0.00012470484299638508
12954,0.00012215328705734969
12955,0.00044997041368243873
12959,0.9999568080484527
12969,0.0003921010651064518
12975,0.0003921010651064518
12981,0.9997054864936198
12985,0.0008303949329747527
12986,0.9993344028907214
12989,0.004098352335203868
12992,0.0007146805230800242
13003,0.005547394407932111
13010,5.255031335435125e-05
13012,0.0020588466571659614
13016,0.964271914770662
13021,0.0003152102071780363
13022,0.014490955308562014
13023,0.00020107479980595945
13026,4.361350075037471e-05
13029,0.22294847171758742
13031,4.558790952076361e-05
13037,4.552010735628039e-05
13044,4.4800264939105734e-05
13047,9.979994851932418e-05
13053,0.22294847171758742
13059,4.296767133218797e-05
13061,0.9996224962220819
13066,0.00029105310622022835
13067,4.8884553910226695e-05
13084,0.0006304375112297416
13085,0.0007939010076001599
13089,0.0020368549550457585
13093,0.0007956311236266933
13099,0.002541394234689496
13100,0.019689637547841872
13105,0.003300036377652398
13106,0.0003496875210024585
13107,5.3198627190438685e-05
13111,7.805240904246882e-05
13117,0.0007956311236266933
13118,0.00012734492032281163
13120,0.0003921010651064518
13123,0.9998657423469635
13127,0.9992684376272701
13146,5.9460473564217507e-05
13150,0.0012542120913104301
13153,0.000630934997070971
13154,0.9998657423469635
13157,8.412372578039572e-05
13158,0.0007382912243374749
13164,0.9999812976361887
13169,4.8884553910226695e-05
13170,0.000952746187990989
13174,5.9518052967203426e-05
13178,0.9998724399668965
13182,0.9998657423469635
13183,5.960938701671091e-05
13187,0.0003489828322499265
13190,0.07131049579431503
13192,0.0018088221646381769
13197,0.9995871438420891
13202,3.7292460896564154e-05
13204,9.190497048010016e-05
13207,4.4463240103928375e-05
13208,0.9999006577290362
13209,0.0003496875210024585
13210,0.00018286361234585898
13218,0.0001493900410580033
13228,0.0003489828322499265
13229,0.0001077557518754141
13233,4.939437942899333e-05
13235,0.00044997041368243873
13236,0.00196097464149843
13241,0.0003496875210024585
13245,0.0005858852184974999
13248,4.558790952076361e-05
13255,0.00028283636599312634
13271,0.010186881841166819
13272,4.3633652185942235e-05
13274,0.0003496875210024585
13281,0.00020107479980595945
13288,0.000952746187990989
13291,0.00018286361234585898
13299,0.9994774953774737
13302,8.98832284089943e-05
13303,5.3168219727365504e-05
13305,0.00037007323637957564
13307,0.23528342926558957
13309,7.423214122859364e-05
13311,0.00196097464149843
13320,0.00037007323637957564
13332,5.9551719259913306e-05
13333,0.9998724399668965
13338,0.0009792553448332516
13339,4.552010735628039e-05
13340,0.0014296913470183256
13346,0.0003489828322499265
13348,0.9990565363791533
13357,0.00020066762545047415
13362,0.9998724399668965
13364,0.23528342926558957
13371,4.830402508277897e-05
13375,0.9999819938281546
13382,0.9990066895409897
13383,0.22294847171758742
13387,0.00018286361234585898
13391,0.9990066895409897
13396,9.995309139319764e-05
13406,0.0003489828322499265
13413,0.999943101682273
13419,0.0003294076063234156
13423,0.00605733709048263
13427,0.9992684376272701
13431,0.0007382912243374749
13444,4.36784631498498e-05
13450,0.0007956311236266933
13451,0.9999323359877031
13456,0.9999819551092717
13458,6.584865233641874e-05
13460,0.999828779648926
13464,0.22294847171758742
13465,0.0007383003065265133
13467,0.996647837420526
13468,5.9518052967203426e-05
13471,0.9999618881412762
13479,5.5235090125018534e-05
13481,0.23528342926558957
13483,0.0003294076063234156
13488,0.00012324090765188282
13494,0.9994774953774737
13499,0.9999767691864934
13500,4.950210296142815e-05
13504,0.0007939010076001599
13515,0.00012215328705734969
13517,0.0007939010076001599
13523,0.0019609987351751927
13526,0.23528342926558957
13528,0.9999519954731275
13531,0.9998727175338324
13532,4.552010735628039e-05
13535,4.552010735628039e-05
13542,0.0007939010076001599
13561,7.243784440618535e-05
13563,0.0019609987351751927
13568,6.118571903715033e-05
13574,6.629840522857202e-05
13575,3.4040364225785375e-05
13576,0.0007197695610940449
13584,0.0003294076063234156
13587,5.211854000935717e-05
13592,0.9999192732797669
13600,0.00014223040098696742
13603,0.9998746180304037
13604,0.9473784115901248
13606,8.194600370979624e-05
13607,0.00014223040098696742
13612,0.0007335388084518602
13615,0.002178427096575681
13622,8.436823096270445e-05
13624,0.9994563648173123
13625,9.979994851932418e-05
13628,6.586038453583094e-05
13633,5.9551719259913306e-05
13641,6.757968991654644e-05
13649,0.00044997041368243873
13657,0.9993344028907214
13661,0.00020066762545047415
13666,4.558790952076361e-05
13667,0.0005659931187681221
13668,0.00018286361234585898
13672,4.950210296142815e-05
13675,0.006157606731615554
13684,0.0006304452674788647
13686,0.0031117045531496054
13690,5.311950632929762e-05
13695,3.9063204635608604e-05
13698,3.248316311800037e-05
13699,0.2225729167574657
13704,0.02202204439970071
13712,0.9999106770087686
13714,0.0003921010651064518
13715,0.9999583636905568
13718,0.9982154056237431
13721,4.3680429369395224e-05
13725,0.0003294076063234156
13729,0.005354615830193132
13738,4.558790952076361e-05
13740,0.0003489828322499265
13751,0.9999525539780105
13756,0.00037007323637957564
13762,0.0009373216812578322
13769,0.9970087657638763
13777,0.2225729167574657
13778,0.0035092793368379604
13780,0.0020368549550457585
13788,0.9998657423469635
13789,0.00018286361234585898
13790,4.36784631498498e-05
13791,0.00011731735974361013
13798,0.0019609987351751927
13802,7.048169955266968e-05
13805,6.584865233641874e-05
13819,3.012657282093908e-05
13821,0.23528342926558957
13827,6.20843930916153e-05
13830,4.950210296142815e-05
13831,9.995309139319764e-05
13833,7.430402392503915e-05
13839,0.0001671650990284317
13840,0.0007956311236266933
13846,0.0007956311236266933
13854,0.0007197607066964709
13857,0.0007956311236266933
13859,0.0018688248110641556
13860,0.00026013380591040494
13862,0.007626924434646636
13863,0.0009683855312854912
13866,0.000131889150515846
13870,0.9999832815707336
13877,0.0007146805230800242
13881,0.0016232016907456724
13883,0.9999848001105475
13886,0.00018286361234585898
13888,6.586038453583094e-05
13895,0.0007335297847933146
13902,4.9802890811725866e-05
13903,0.9473784115901248
13906,0.00020066762545047415
13907,0.9999550062893311
13908,0.23528342926558957
13909,5.1759073029111035e-05
13913,0.004367320389457687
13919,0.22294847171758742
13926,0.0017090175743221699
13927,0.9999812976361887
13929,9.979994851932418e-05
13930,7.039204077722671e-05
13934,0.3267076201910872
13939,0.00029105310622022835
13942,0.9998727175338324
13944,0.9999836293320881
13956,0.002075760536193004
13959,0.0019609987351751927
13969,0.0020368299312688016
13973,0.9999334346258979
13975,0.9473784115901248
13977,4.939437942899333e-05
13979,0.0003921010651064518
13980,0.00196097464149843
13981,0.00016397883980823154
13987,0.0002923211119583854
13988,8.86482851627741e-05
13991,0.9998933186395719
14001,0.0007939010076001599
14002,0.9998724399668965
14009,0.9992684376272701
14011,0.9999855490687554
14021,0.00028283636599312634
14025,0.0017090385776086848
14026,0.0009669031085228232
14029,0.00012734492032281163
14033,4.990348619498389e-05
14035,9.129362145996405e-05
14037,0.0007956311236266933
14040,0.002755013582434655
14055,0.00011347764082196614
14064,0.0003152102071780363
14068,0.000630934997070971
14070,7.296613865915029e-05
14075,0.0007335388084518602
14077,4.939437942899333e-05
14079,0.9999584488921697
14081,0.0007383003065265133
14084,0.00011794298359327118
14087,0.9998657423469635
14089,0.004227015467084751
14090,0.0007197695610940449
14096,0.0002597353063143384
14100,0.00037007323637957564
14106,0.9999767691864934
14107,0.0017010687590371112
14111,0.0007939010076001599
14114,0.000952746187990989
14115,0.00020066762545047415
14119,0.9982153836933019
14122,0.0014296913470183256
14124,0.0007939010076001599
14125,0.9992684286277963
14127,0.9998727175338324
14131,0.000952746187990989
14133,0.00020066762545047415
14134,8.536598778662499e-05
14137,3.526370285294696e-05
14143,6.575594970846687e-05
14145,0.00196097464149843
14150,0.00017381270897049746
14152,0.0005858852184974999
14153,0.9999819551092717
14154,6.586038453583094e-05
14158,3.678615168602482e-05
14159,0.00037007323637957564
14171,0.00029105310622022835
14173,0.9999151191957167
14174,0.9999805439124154
14181,0.9995895663719452
14186,0.9999525539780105
14187,0.9989884032023679
14196,5.802320831745888e-05
14197,0.9994563648173123
14199,0.0007939010076001599
14200,0.2225729167574657
14202,0.0012779314077490983
14207,0.9999812574203041
14208,0.9998657423469635
14210,6.584865233641874e-05
14212,0.0003489828322499265
14213,0.2225729167574657
14220,0.0009669031085228232
14221,0.0009669031085228232
14223,0.0003921010651064518
14224,0.00020066762545047415
14236,0.003964053749924233
14241,0.00014223040098696742
14242,6.118571903715033e-05
14244,0.9999210094281771
14245,0.9995871438420891
14247,8.74710387549412e-05
14268,0.999797961506485
14272,0.00011567974551586005
14276,0.9999210094281771
14278,0.0007382912243374749
14280,4.36784631498498e-05
14282,3.5299440766062444e-05
14283,5.9551719259913306e-05
14284,0.0014296913470183256
14285,0.9992684286277963
14286,0.0007197607066964709
14288,7.854077226421422e-05
14289,0.0007956311236266933
14295,0.0007335388084518602
14296,0.00196097464149843
14297,5.9306388737784195e-05
14301,0.00028283636599312634
14302,0.2225729167574657
14305,4.939437942899333e-05
14306,4.552010735628039e-05
14307,0.0007939010076001599
14309,0.22294847171758742
14312,0.00018286361234585898
14324,0.0009278858444497353
14325,0.9999568080484527
14326,0.9989884032023679
14329,0.00012215328705734969
14333,0.999621553730851
14335,0.001275979893869128
14340,0.0009278858444497353
14341,0.0003489828322499265
14346,9.989047032803534e-05
14347,0.23528342926558957
14348,0.9998724399668965
14358,0.9999106770087686
14359,0.9996223163522101
14361,0.0026371346473041085
14362,3.678615168602482e-05
14363,0.9998727175338324
14364,0.22294847171758742
14368,3.678615168602482e-05
14373,0.00014223040098696742
14374,0.2225729167574657
14378,9.537201456968648e-05
14379,0.2225729167574657
14380,0.9999287947672695
14381,0.000952746187990989
14383,3.678615168602482e-05
14387,8.474979539295437e-05
14389,8.746996203058479e-05
14392,4.1715279811296715e-05
14395,0.0008303949329747527
14398,0.23528342926558957
14401,0.0020368299312688016
14406,4.9765305183604125e-05
14412,4.990348619498389e-05
14413,5.811224857081732e-05
14415,0.0003496875210024585
14416,0.9999104849502187
14425,0.00618595648019875
14428,0.003947073554703603
14431,0.0017010896648016567
14435,0.002759229903327865
14436,0.0020368299312688016
14442,0.0003489828322499265
14443,0.00020066762545047415
14445,0.9999836293320881
14448,0.9999741728113958
14451,0.22294847171758742
14453,6.584865233641874e-05
14454,7.59938127452237e-05
14455,0.9999210094281771
14459,0.9998400457194301
14461,0.9998657423469635
14462,0.9998977710617711
14464,0.9998746234326046
14467,8.645801978867636e-05
14470,5.375792848343607e-05
14481,9.214737217534059e-05
14485,0.00011808080847816313
14488,0.00037007323637957564
14489,0.0002918733189469976
14494,0.00044997041368243873
14496,7.139906422789197e-05
14502,4.4165763056891736e-05
14504,3.7292460896564154e-05
14505,0.9488613368441116
14507,0.0003921010651064518
14513,0.9998724399668965
14517,0.9999819938281546
14522,0.9999819551092717
14523,0.0003489828322499265
14525,0.0003921010651064518
14539,0.00016397883980823154
14545,0.00015007507816646302
14549,6.288120982706638e-05
14551,0.9999812574203041
14563,4.363817105083811e-05
14566,4.9802890811725866e-05
14568,0.0002918733189469976
14569,4.4800264939105734e-05
14571,0.23528342926558957
14578,0.00018286361234585898
14581,0.00019461085037336193
14584,0.0005573656893994887
14592,9.995309139319764e-05
14593,0.00012215328705734969
14596,0.00014223040098696742
14603,0.9987495364405733
14605,0.013127108531452969
14611,0.004309779002986541
14612,5.1619473797477944e-05
14614,0.0005858852184974999
14622,0.07626933620976893
14625,0.0008303847188266249
14627,0.0007939010076001599
14629,0.9999334346258979
14634,0.9998657423469635
14640,0.9999151191957167
14644,7.423214122859364e-05
14647,0.004246514712537119
14655,0.9473784115901248
14661,6.952707990364242e-05
14662,3.059352813200732e-05
14667,0.9999844124185779
14671,6.118571903715033e-05
14673,4.939437942899333e-05
14674,5.5792889560499464e-05
14675,0.0002339547323175695
14677,0.000417693891382247
14680,5.216452309670074e-05
14689,3.521125517426669e-05
14690,0.9992684286277963
14691,0.9488613368441116
14693,0.9998724399668965
14694,0.000952746187990989
14698,0.0007197607066964709
14708,8.746996203058479e-05
14709,0.9473784115901248
14710,0.0022082087154549107
14715,0.9999379658320403
14716,4.363817105083811e-05
14719,0.0009669031085228232
14720,0.00020066762545047415
14722,0.0003496875210024585
14726,8.654174039039744e-05
14735,5.255267892605444e-05
14736,4.586563522306168e-05
14739,0.00032936511113992276
14743,3.2986643860003994e-05
14755,7.139906422789197e-05
14759,0.006786333931879534
14763,4.3474152606512995e-05
14765,0.9998727175338324
14772,0.2225729167574657
14775,0.0009792553448332516
14778,8.917081383032545e-05
14784,6.414134335184196e-05
14798,0.0007382912243374749
14821,0.9998657423469635
14824,5.9551719259913306e-05
14827,0.004367320389457687
14831,0.999906630939681
14832,0.000952746187990989
14839,0.0003489828322499265
14841,0.0009669031085228232
14842,4.8884553910226695e-05
14851,7.243784440618535e-05
14862,0.0018088221646381769
14863,4.361350075037471e-05
14864,0.9998905836686046
14865,5.28613697475509e-05
14866,0.2225729167574657
14875,0.00012203067804006123
14879,3.7236995959936146e-05
14881,5.374035516115738e-05
14894,0.0019609987351751927
14895,0.9999848001105475
14898,0.9999604073417305
14899,0.9999844124185779
14900,0.0007335297847933146
14903,0.00044997041368243873
14905,0.00020066762545047415
14906,5.960938701671091e-05
14919,5.4929935731589505e-05
14923,0.0007939010076001599
14925,0.22294847171758742
14926,0.0002918733189469976
14928,0.0007956311236266933
14929,0.000315211304386939
14932,0.001275979893869128
14933,4.9765305183604125e-05
14939,0.00020066762545047415
14946,0.0003489828322499265
14947,0.23528342926558957
14948,0.0007197607066964709
14949,0.0006489350877357901
14955,7.048083194376647e-05
14958,5.3168219727365504e-05
14962,0.0004176887514791801
14963,0.9999855490687554
14969,0.0007956311236266933
14978,0.0007956311236266933
14989,0.00018286361234585898
14991,0.0026371346473041085
14997,0.000630934997070971
15007,0.000952746187990989
15009,0.0026206358642014023
15018,0.014078245481704601
15020,0.002123305124609318
15024,0.0004176887514791801
15030,0.9999526426022866
15032,0.00018286361234585898
15036,0.23528342926558957
15037,4.3680429369395224e-05
15038,0.9999855490687554
15039,0.9998657423469635
15042,0.00911071577163505
15044,7.430402392503915e-05
15047,0.00011794298359327118
15054,0.0010179779370654157
15059,0.0013162351325675177
15062,0.004253003917995008
15069,3.2986643860003994e-05
15070,4.5589961691584216e-05
15075,0.9999812976361887
15081,0.00012215328705734969
15082,0.00014223040098696742
15083,0.00015275305899727323
15089,5.3658013213535084e-05
15090,0.00020107479980595945
15095,0.9985762500190177
15100,4.596566331885813e-05
15102,0.006092414671259864
15112,3.2986643860003994e-05
15113,0.00020107479980595945
15120,6.118571903715033e-05
15124,0.9999058160516413
15127,0.9998657423469635
15128,0.0002463506730823969
15130,0.0007939010076001599
15134,0.000952746187990989
15136,4.552010735628039e-05
15144,0.0006309272348006008
15147,5.5235090125018534e-05
15148,0.9999499568979832
15153,0.013699975251595269
15156,0.001074795257880185
15159,0.23528342926558957
15161,0.0003089554379001477
15164,0.9998657423469635
15165,4.990348619498389e-05
15168,4.5589961691584216e-05
15174,0.9998657423469635
15175,0.0009669031085228232
15176,0.0019609987351751927
15183,5.374035516115738e-05
15184,0.0009278858444497353
15185,0.9998727175338324
15186,0.9999536480665743
15187,0.0007463411385455769
15190,5.169951288770619e-05
15191,0.9994985241732534
15195,0.9998972377952217
15197,5.4729081153788385e-05
15202,8.645801978867636e-05
15204,0.0003921010651064518
15206,0.9998657423469635
15209,0.9998657423469635
15215,0.9999519975416081
15220,6.586038453583094e-05
15229,0.0028334201429591906
15230,0.0009104718353442865
15232,0.0003294076063234156
15233,0.00026013380591040494
15240,0.9996223163522101
15242,4.596566331885813e-05
15243,0.9999499568979832
15245,0.0009792553448332516
15247,0.0012439201977550009
15248,0.9998657423469635
15250,0.9999499568979832
15252,0.00011731880383578854
15263,0.00037007323637957564
15266,0.0007956311236266933
15268,4.950210296142815e-05
15270,0.9999519954731275
15271,0.9998657423469635
15272,5.247215666202429e-05
15274,5.811224857081732e-05
15275,0.9987313342380877
15276,0.9992684376272701
15281,0.00012196613435931723
15283,4.971716038820627e-05
15284,0.0007956311236266933
15287,0.3115322474924647
15295,0.9992684286277963
15301,0.0007197607066964709
15302,0.00032936511113992276
15304,0.0013162351325675177
15305,0.9999848001105475
15307,0.9998727175338324
15308,0.0008303847188266249
15309,0.22294847171758742
15311,3.4040364225785375e-05
15312,5.211854000935717e-05
15315,3.684094510962778e-05
15326,0.9996223163522101
15332,6.118571903715033e-05
15336,0.9997627109712364
15341,0.00028283636599312634
15345,0.00011767997660539848
15361,9.12947452479209e-05
15364,0.9999151191957167
15370,4.614869885371506e-05
15376,4.950210296142815e-05
15399,0.0003300301995967342
15404,4.830461971156742e-05
15409,0.0003152102071780363
15411,0.0002923211119583854
15414,0.00032936511113992276
15415,0.22294847171758742
15416,7.207574300815216e-05
15417,0.0007939010076001599
15423,4.88372611445455e-05
15425,0.00014291747113753236
15429,0.000952746187990989
15433,0.00020107479980595945
15436,4.984167379817237e-05
15442,3.059352813200732e-05
15445,9.214850647165869e-05
15448,6.77535374266018e-05
15450,4.361350075037471e-05
15452,0.9999519954731275
15456,0.0008303847188266249
15458,0.0008303949329747527
15459,0.01121449986618125
15463,0.00016398085817541613
15468,0.9999819938281546
15469,0.9488613368441116
15472,0.00012734492032281163
15476,3.4621028334100934e-05
15483,9.979994851932418e-05
15486,0.0009669031085228232
15487,0.9473785851750359
15495,0.00605733709048263
15500,0.22294847171758742
15502,0.9998719573881523
15504,0.00018286361234585898
15507,0.00020066762545047415
15510,0.0003489828322499265
15515,0.003056399004164884
15530,0.9998727175338324
15533,0.0004176887514791801
15538,0.9998562846659397
15539,0.000952746187990989
15541,0.9999570522880501
15543,0.0007939010076001599
15546,0.999947394083066
15547,0.9998657423469635
15549,0.9994985241732534
15555,0.9998657423469635
15556,0.9999848001105475
15566,0.9994774953774737
15571,0.00011347764082196614
15573,5.781582565856047e-05
15582,0.998284806466193
15591,0.9473784115901248
15592,0.0008303949329747527
15596,0.23528342926558957
15597,0.001049537844567472
15601,0.009012005787607585
15608,0.000315211304386939
15609,0.0003921010651064518
15610,0.9999550062893311
15611,0.00036420235996857485
15612,0.9998835203314828
15618,0.001275979893869128
15619,0.9999473133555481
15622,0.0009373216812578322
15623,0.23528342926558957
15629,4.363620673341469e-05
15631,6.414134335184196e-05
15634,0.9999844124185779
15638,0.00020066762545047415
15644,6.118571903715033e-05
15645,0.23528342926558957
15648,0.0019609987351751927
15651,0.00018286361234585898
15653,0.0002339547323175695
15657,5.216452309670074e-05
15659,0.00020107479980595945
15661,0.9999812574203041
15665,0.0007956311236266933
15667,0.0007335388084518602
15668,0.0009669031085228232
15669,0.23528342926558957
15670,0.22294847171758742
15671,0.9999632362781291
15688,0.010202664448022262
15689,5.807817151692507e-05
15690,4.36784631498498e-05
15694,0.0009669031085228232
15695,0.9998594636941474
15696,0.9999051351183671
15709,0.0003921010651064518
15711,0.00014435762500079443
15712,0.0003152102071780363
15713,5.921551891752585e-05
15715,0.0003294076063234156
15720,3.684094510962778e-05
15721,0.999722379826928
15744,5.3151096980598485e-05
15747,0.0002597353063143384
15751,3.012657282093908e-05
15757,0.0007956311236266933
15758,0.9992684286277963
15764,0.0023506052563985243
15769,5.807817151692507e-05
15783,0.9473784115901248
15786,0.0003489828322499265
15788,0.999946629036552
15794,0.0035092793368379604
15795,0.2225729167574657
15796,0.22294847171758742
15797,0.9473784115901248
15800,4.5786763752115844e-05
15809,0.9999604073417305
15813,6.663157892067235e-05
15819,0.0004176887514791801
15827,0.000315211304386939
15828,9.995309139319764e-05
15829,0.00015729204791610285
15835,0.0007197607066964709
15839,0.0007197607066964709
15841,4.939437942899333e-05
15842,0.9999419452213938
15843,0.9998727175338324
15852,0.9999848001105475
15881,5.960938701671091e-05
15886,5.1619473797477944e-05
15891,0.002369870185919107
15894,0.00020107479980595945
15904,6.118571903715033e-05
15912,7.654828582184629e-05
15918,0.00019763818345950405
15919,0.9999410645749532
15934,0.00029105310622022835
15935,0.000952746187990989
15937,0.9996223163522101
15938,7.238920682367822e-05
15947,5.960938701671091e-05
15950,7.854077226421422e-05
15955,7.243784440618535e-05
15959,0.9999510331817772
15964,0.999621553730851
15965,0.0017090175743221699
15966,4.296767133218797e-05
15968,0.9998727175338324
15969,0.0007756993650223504
15971,0.9473785851750359
15975,0.0031117045531496054
15978,0.00044997041368243873
15980,0.0007956311236266933
15981,5.28613697475509e-05
15982,0.9974755967558074
15988,0.0002597353063143384
15993,0.0007383003065265133
15994,0.0016232016907456724
15996,0.0014296913470183256
15998,0.00012196613435931723
15999,0.006015148923402386
16000,0.999621553730851
16001,0.9473784115901248
16004,0.0001077557518754141
16009,0.0003921010651064518
16014,0.000952746187990989
16017,3.5297851792852416e-05
16018,0.005723389742325767
16025,0.9999794112261701
16027,0.9473784115901248
16028,0.9998400457194301
16029,0.0014297089223900316
16032,0.0024428864496677484
16037,0.000417693891382247
16039,0.00029105310622022835
16044,0.00011794298359327118
16046,0.005547394407932111
16058,4.704675676985309e-05
16059,5.802320831745888e-05
16061,0.9999323359877031
16064,0.0003489828322499265
16065,3.012657282093908e-05
16077,0.000630934997070971
16080,0.00018286361234585898
16086,3.7427034839261676e-05
16092,0.00018286361234585898
16100,0.0003921010651064518
16110,0.0035882903502960934
16111,0.23528342926558957
16112,5.1619473797477944e-05
16114,0.0003152102071780363
16119,0.0007382912243374749
16127,0.00012215328705734969
16129,0.9998727175338324
16137,0.00018286361234585898
16138,6.228322541902321e-05
16143,0.00011731735974361013
16144,0.9999537475210077
16148,0.0003489828322499265
16153,0.9999812976361887
16155,0.010243203929753652
16163,0.9488613368441116
16170,5.802320831745888e-05
16191,6.932071993706728e-05
16200,0.9998724399668965
16202,0.0007956311236266933
16205,0.23528342926558957
16208,6.586038453583094e-05
16211,3.064047711007963e-05
16212,0.9992684376272701
16214,9.989047032803534e-05
16216,4.586563522306168e-05
16221,0.000315211304386939
16224,0.9999844124185779
16225,0.9999836293320881
16229,0.9992684376272701
16232,0.9997327802762535
16238,0.9982154056237431
16243,0.9999151191957167
16253,4.9802890811725866e-05
16259,0.9995895663719452
16260,0.0008303847188266249
16262,0.000952746187990989
16267,0.9473785851750359
16272,6.414134335184196e-05
16275,0.000952746187990989
16278,0.9998657423469635
16292,0.0001232424246496812
16294,0.0031117045531496054
16296,0.0004176887514791801
16298,5.921551891752585e-05
16299,6.586038453583094e-05
16300,0.9992684376272701
16302,0.00196097464149843
16304,0.0002918733189469976
16305,0.000585878010140859
16307,0.9998400457194301
16308,0.0003025039257935313
16309,0.004367320389457687
16315,4.990348619498389e-05
16316,0.002541394234689496
16321,0.0030410406056064804
16323,5.807817151692507e-05
16327,3.684094510962778e-05
16330,0.0003496875210024585
16331,0.00020107479980595945
16333,0.0008303949329747527
16339,0.000952746187990989
16348,5.2976653991585695e-05
16351,0.999951564094725
16354,4.984167379817237e-05
16357,0.22294847171758742
16363,0.9999632362781291
16377,9.499264710992848e-05
16381,0.0003294076063234156
16384,0.00020066762545047415
16387,0.0028333853607670828
16400,8.746996203058479e-05
16402,0.9994985241732534
16404,0.0009683855312854912
16405,0.00018286361234585898
16408,0.9998724399668965
16410,7.028735042040962e-05
16420,0.00468024985102596
16425,0.23528342926558957
16430,0.0009683855312854912
16435,0.002061999755018048
16441,0.9999323359877031
16447,0.001049537844567472
16449,0.000952746187990989
16454,0.0008303949329747527
16457,0.000952746187990989
16458,0.00028283636599312634
16460,0.000585878010140859
16465,0.9998657423469635
16468,7.139906422789197e-05
16469,0.0005858852184974999
16475,0.0001077557518754141
16478,0.0006309272348006008
16480,0.9992684286277963
16481,0.0002597353063143384
16482,0.00014223040098696742
16489,0.001074795257880185
16496,0.00420891104903369
16498,0.000952746187990989
16502,0.0003921010651064518
16504,0.014078245481704601
16510,0.0009373216812578322
16523,0.22294847171758742
16527,3.064047711007963e-05
16529,0.9998657423469635
16533,0.9997553956532382
16534,6.584865233641874e-05
16540,0.000952746187990989
16552,0.0003294076063234156
16558,0.00032936511113992276
16559,5.9460473564217507e-05
16566,4.552010735628039e-05
16568,0.00020107479980595945
16570,0.22294847171758742
16571,0.9998727175338324
16572,0.004253003917995008
16575,5.255267892605444e-05
16581,4.596566331885813e-05
16591,6.098563068394302e-05
16598,0.0005659931187681221
16600,4.363620673341469e-05
16606,0.9992684286277963
16608,7.002598020221513e-05
16614,0.9993344028907214
16615,8.820664102152867e-05
16619,0.0006268654924940422
16640,0.003087649530949634
16644,0.00020066762545047415
16646,0.001607321897407084
16647,0.00020107479980595945
16648,0.9999526426022866
16650,0.002369870185919107
16651,0.2225729167574657
16653,0.0003025039257935313
16658,5.270837204143093e-05
16666,3.90649631038659e-05
16667,0.0014296913470183256
16668,7.296613865915029e-05
16672,0.0019609987351751927
16675,0.9999764904359805
16679,0.000630934997070971
16683,0.0003489828322499265
16686,0.0022588682288346186
16688,0.9473785851750359
16690,0.010243203929753652
16696,8.825040237274523e-05
16705,0.003056399004164884
16708,4.984167379817237e-05
16709,4.36784631498498e-05
16713,0.0003921010651064518
16718,0.9993651275819702
16723,4.9802890811725866e-05
16730,0.23528342926558957
16735,0.9989884032023679
16737,0.23528342926558957
16749,0.003056399004164884
16754,0.9999819938281546
16755,5.811224857081732e-05
16760,3.678615168602482e-05
16765,6.098563068394302e-05
16770,0.002369870185919107
16786,0.9998657423469635
16790,0.0003921010651064518
16793,0.00020107479980595945
16794,0.9473785851750359
16801,0.23528342926558957
16810,5.807817151692507e-05
16811,5.625074289453747e-05
16814,3.0097426689155756e-05
16815,0.9998724399668965
16816,0.999900690546973
16825,0.00020066762545047415
16832,0.000952746187990989
16835,4.990348619498389e-05
16837,0.9998727175338324
16839,0.002061999755018048
16840,4.9765305183604125e-05
16843,0.0017090385776086848
16853,0.9999632362781291
16857,0.00012215328705734969
16861,0.0003489828322499265
16863,0.9999378386319983
16876,0.07131049579431503
16878,0.9473785851750359
16885,5.992504490292767e-05
16887,0.00018286361234585898
16890,0.9997599458638415
16895,0.00045061895097513345
16898,0.0003489828322499265
16905,0.23528342926558957
16910,0.0003336060876938954
16912,0.9999550062893311
16920,4.936988493736761e-05
16927,0.0014297089223900316
16931,0.00028283636599312634
16932,0.22294847171758742
16933,5.811224857081732e-05
16941,5.3658013213535084e-05
16944,0.0073012808759014385
16947,0.9998594576388387
16948,4.936988493736761e-05
16951,0.001049537844567472
16957,0.0007956311236266933
16961,0.9973433265142237
16964,0.002178427096575681
16966,0.0009278858444497353
16971,0.9999840697940373
16972,7.685398210574893e-05
16975,0.9999812976361887
16977,3.9063204635608604e-05
16978,7.243784440618535e-05
16995,0.000952746187990989
16996,0.0019609987351751927
16999,0.0017010896648016567
17005,0.0006304452674788647
17006,0.00018286361234585898
17007,0.0003152102071780363
17026,0.0007335297847933146
17037,0.001015896848436102
17038,0.9999192732797669
17039,0.0007939010076001599
17042,4.9765305183604125e-05
17045,0.9998727175338324
17046,0.0020588466571659614
17047,0.9998400388275899
17050,4.5589961691584216e-05
17054,0.0005028658649900774
17063,0.000417693891382247
17065,0.9999414354542018
17066,0.9999110578446009
17067,0.0018088221646381769
17073,0.0017010687590371112
17077,0.9998719573881523
17083,0.0002597353063143384
17084,0.0001077557518754141
17087,0.9999819551092717
17093,0.0056928609189208276
17101,0.9999378386319983
17113,0.9999410645749532
17114,0.0008686296922297118
17119,4.990348619498389e-05
17120,7.430402392503915e-05
17121,0.0005659931187681221
17124,5.9518052967203426e-05
17125,0.9473784115901248
17131,8.412372578039572e-05
17132,4.479971344691348e-05
17133,5.802320831745888e-05
17134,0.00015753339843251656
17138,0.000952746187990989
17142,0.00196097464149843
17148,0.000952746187990989
17152,0.9965088883071903
17153,0.9998724399668965
17158,0.9978056248750833
17159,0.000315211304386939
17163,0.9998727175338324
17177,0.9999106770087686
17178,0.00015923235599684554
17185,0.23528342926558957
17186,0.9999151191957167
17187,4.361350075037471e-05
17189,0.005723389742325767
17190,0.00034602988260242916
17191,5.9518052967203426e-05
17195,4.4165763056891736e-05
17202,0.9998657423469635
17204,0.22294847171758742
17205,6.118571903715033e-05
17207,0.00014223040098696742
17214,0.23528342926558957
17215,4.4800264939105734e-05
17217,0.0008303847188266249
17219,7.430402392503915e-05
17220,0.9998657423469635
17221,0.002181762929988489
17223,0.9999525539780105
17224,5.9735149678797104e-05
17227,6.669610210327244e-05
17230,0.0003496875210024585
17232,0.00012196613435931723
17236,0.9998727175338324
17244,0.999961258875119
17246,0.9992684286277963
17255,0.0003496875210024585
17259,0.9473784115901248
17262,0.0014297089223900316
17269,0.0012444766214345147
17277,0.00011731880383578854
17279,6.317303913812666e-05
17285,0.007712427256208215
17289,4.990348619498389e-05
17293,0.9992684376272701
17295,0.00011821858225646224
17297,5.9460473564217507e-05
17298,0.0003611341422352126
17304,0.9999519954731275
17306,0.2225729167574657
17321,0.0017010896648016567
17323,0.00012734492032281163
17334,0.9999568061872536
17335,0.9996802241604184
17337,5.169951288770619e-05
17343,0.0002597353063143384
17344,0.0013182524325186767
17347,0.07131049579431503
17355,0.00044997041368243873
17357,7.430402392503915e-05
17361,5.960938701671091e-05
17365,0.9992684376272701
17368,7.039204077722671e-05
17374,0.00012233918955947931
17375,0.0027674752376394113
17377,0.9997500641030563
17378,0.0003489828322499265
17381,0.00011794298359327118
17387,0.00901211573207907
17389,0.00044997041368243873
17391,0.0001716947641372574
17402,0.00012196613435931723
17403,0.0007939010076001599
17414,0.00020107479980595945
17415,0.0005028658649900774
17416,0.0005573656893994887
17418,0.00020066762545047415
17423,0.9998727175338324
17426,0.0003489828322499265
17437,0.2225729167574657
17438,0.0014296913470183256
17442,0.9989676385412505
17444,0.002075760536193004
17445,0.00618595648019875
17453,5.255031335435125e-05
17454,0.00016398085817541613
17456,0.9997975774147873
17465,0.0007231362477448386
17473,0.0009669031085228232
17476,0.00032936511113992276
17478,0.9996223163522101
17479,0.001049537844567472
17484,0.9996802241604184
17485,0.00018286361234585898
17486,0.23528342926558957
17487,0.9998204001246006
17488,0.9993344028907214
17497,0.004246514712537119
17498,0.999924047825515
17506,0.0009373216812578322
17507,0.0003489828322499265
17519,0.00012196613435931723
17528,7.430402392503915e-05
17530,0.002541394234689496
17536,0.0004176887514791801
17541,0.0002918733189469976
17542,0.0026371346473041085
17546,6.77535374266018e-05
17562,0.9999836293320881
17564,0.0003152102071780363
17568,4.8884553910226695e-05
17570,0.0017010896648016567
17571,0.9998894427646828
17575,0.9990066895409897
17578,5.9460473564217507e-05
17579,5.177884953619539e-05
17582,0.9999836293320881
17592,0.0005659931187681221
17593,0.9999323359877031
17601,7.860166064964673e-05
17604,4.936988493736761e-05
17613,0.00012215328705734969
17614,0.9996673327416711
17619,0.9998657423469635
17622,4.36784631498498e-05
17624,0.0007956311236266933
17626,0.0009669031085228232
17634,0.00028283636599312634
17649,0.9999525539780105
17655,0.00020107479980595945
17665,0.000952746187990989
17673,3.4621028334100934e-05
17678,0.9997733950535433
17680,5.270837204143093e-05
17683,7.243784440618535e-05
17690,0.0028334201429591906
17691,0.9999648477017928
17693,5.2421393295752985e-05
17694,0.0007939010076001599
17695,4.950210296142815e-05
17697,0.0007939010076001599
17700,0.0003489828322499265
17709,4.9802890811725866e-05
17712,0.000417693891382247
17716,0.9998727175338324
17720,0.005899127942088734
17729,0.00044997041368243873
17730,0.0007956311236266933
17736,0.000952746187990989
17738,0.0003496875210024585
17740,0.9977780516535503
17742,5.960938701671091e-05
17747,0.0001077557518754141
17749,4.9802890811725866e-05
17750,8.983590416348566e-05
17753,0.0030410406056064804
17754,4.9802890811725866e-05
17756,3.5297851792852416e-05
17759,0.006015148923402386
17760,0.0019609987351751927
17761,0.0003921010651064518
17765,3.5299440766062444e-05
17774,0.0002463506730823969
17781,0.0030410406056064804
17782,0.0005255778566517551
17787,0.00020066762545047415
17788,0.9999812976361887
17791,0.9999323359877031
17796,6.617728193095167e-05
17798,0.0003489828322499265
17803,5.807817151692507e-05
17807,0.00012215328705734969
17809,0.0007956311236266933
17810,0.000952746187990989
17813,5.681464706624779e-05
17817,0.002222625642549714
17819,0.0003300301995967342
17823,6.098563068394302e-05
17825,0.0019609987351751927
17828,0.9993344028907214
17844,5.149283722118249e-05
17854,0.0003496875210024585
17859,0.9999586363911022
17860,0.01028144148284517
17875,0.9992684376272701
17876,0.9995895663719452
17882,0.9998657423469635
17890,0.00012734492032281163
17891,0.002312336623816038
17894,0.0005858852184974999
17898,0.00037921642673326687
17904,0.0008303847188266249
17905,0.0009792553448332516
17907,4.830461971156742e-05
17909,0.000159476683266819
17913,0.999906630939681
17918,4.363620673341469e-05
17921,0.2225729167574657
17922,0.23528342926558957
17924,0.0002597353063143384
17925,0.0001232424246496812
17926,0.00012734492032281163
17928,4.8884553910226695e-05
17936,0.999906630939681
17938,4.990348619498389e-05
17939,0.0003025039257935313
17940,6.669610210327244e-05
17945,7.423214122859364e-05
17954,0.00026032276744018584
17964,0.9999303261561714
17966,0.001804892823843484
17967,0.0003496875210024585
17970,0.0003496875210024585
17971,0.0002597353063143384
17972,0.9999378386319983
17976,0.002075760536193004
17977,0.9999499568979832
17980,0.9998727175338324
17983,0.9998727175338324
17987,0.00020107479980595945
17988,0.999961258875119
17991,0.002075760536193004
17992,8.436823096270445e-05
17994,0.00012196613435931723
18002,5.960938701671091e-05
18006,0.0009373216812578322
18009,0.000131889150515846
18014,0.9473785851750359
18019,0.0009683855312854912
18021,0.9999840697940373
18025,0.9996797747007754
18026,0.9473785851750359
18035,0.0006304375112297416
18036,7.243784440618535e-05
18037,5.320102194467529e-05
18039,0.0037281083881597894
18046,0.00018286361234585898
18049,0.0007956311236266933
18055,0.9992684286277963
18056,0.0056928609189208276
18064,0.9997733950535433
18069,0.004992793715275621
18070,0.00028283636599312634
18072,4.4800264939105734e-05
18073,0.9998894441255551
18077,0.23528342926558957
18082,0.007550734252296299
18083,0.9488613368441116
18084,0.00020066762545047415
18085,3.064047711007963e-05
18087,0.9992684286277963
18097,7.423214122859364e-05
18098,0.998799240631583
18106,0.014078245481704601
18110,0.22294847171758742
18115,0.0008303847188266249
18117,0.002181762929988489
18118,0.00020107479980595945
18128,0.9978056248750833
18135,0.00015276789045530126
18139,9.499264710992848e-05
18141,0.003087649530949634
18146,0.00014435762500079443
18147,0.0003496875210024585
18150,0.9999104849502187
18155,0.00014223040098696742
18166,0.00020066762545047415
18169,0.9999550062893311
18170,0.9998657423469635
18191,0.9995895663719452
18193,0.9999378386319983
18195,0.0002918733189469976
18198,0.9995895663719452
18204,0.9999323359877031
18207,8.336272218685308e-05
18212,0.9999287947672695
18215,5.807817151692507e-05
18218,0.9992684376272701
18220,0.9999840697940373
18222,0.000417693891382247
18224,0.9998846100091409
18241,0.0030410406056064804
18242,0.00014223040098696742
18246,0.9998727175338324
18260,0.9999410645749532
18262,0.9973935024926539
18264,0.9998594576388387
18266,0.9997969946240888
18268,0.23528342926558957
18275,0.999828779648926
18278,0.0006489350877357901
18282,0.22294847171758742
18290,0.0003152102071780363
18291,7.430402392503915e-05
18294,0.9998835203314828
18296,3.737136975879578e-05
18299,0.015015312003387522
18300,0.0003152102071780363
18304,0.002075760536193004
18306,0.0003294076063234156
18315,3.5297851792852416e-05
18320,7.243784440618535e-05
18323,0.0008456899491242941
18330,0.9992684376272701
18337,0.9983974165288646
18342,5.960938701671091e-05
18343,0.9996478391879652
18345,0.9999519975416081
18350,0.0007956311236266933
18351,0.000952746187990989
18364,0.0003496875210024585
18368,0.0003294076063234156
18383,0.00036420235996857485
18385,0.00014223040098696742
18390,4.357130717860938e-05
18392,0.0003496875210024585
18401,0.0007956311236266933
18404,0.0003152102071780363
18406,4.357130717860938e-05
18408,5.328417313837607e-05
18411,0.004253003917995008
18422,0.00018286361234585898
18428,0.0019609987351751927
18430,0.0015409767348392017
18432,4.990348619498389e-05
18435,0.9473784115901248
18437,0.07131049579431503
18441,0.0026371346473041085
18443,0.0009888783793863822
18444,0.0017010687590371112
18446,0.000952746187990989
18451,0.0009669031085228232
18460,6.414134335184196e-05
18464,0.9998657423469635
18465,0.0002918733189469976
18466,9.537201456968648e-05
18469,0.0035882903502960934
18470,6.305160673480423e-05
18472,0.9999819551092717
18476,0.999805790148788
18481,0.0035882903502960934
18482,0.00044997041368243873
18485,0.9998657423469635
18500,0.9999526426022866
18505,0.0001620380401716148
18508,0.9999568776445106
18511,0.00012734492032281163
18517,5.659352536007211e-05
18528,0.0013424073831972347
18531,0.23528342926558957
18532,0.00026013380591040494
18540,0.999956879502631
18541,3.248316311800037e-05
18545,0.0007956311236266933
18550,0.0003489828322499265
18553,0.00018286361234585898
18559,3.303726520385771e-05
18560,0.0007417444808486156
18561,7.048083194376647e-05
18564,6.952707990364242e-05
18568,0.00011731735974361013
18572,0.9989676385412505
18573,8.746996203058479e-05
18574,0.0002463506730823969
18575,4.4800264939105734e-05
18579,3.2986643860003994e-05
18583,0.0015290187425444116
18588,0.005354615830193132
18589,0.9997966769290615
18590,0.9998657423469635
18591,0.9999769960724959
18594,7.039204077722671e-05
18595,5.3658013213535084e-05
18597,4.198155606916126e-05
18603,0.0009339076959921525
18611,5.3168219727365504e-05
18613,0.0017010896648016567
18614,0.9998932057107776
18615,0.9998727175338324
18626,0.000952746187990989
18627,0.0005028658649900774
18628,0.0030410406056064804
18631,0.001489250618639279
18633,0.9998287870257786
18636,0.22294847171758742
18640,0.9998579407471267
18642,0.014969345030304441
18643,0.00018286361234585898
18646,0.0010454868952555598
18648,6.136612415584311e-05
18650,0.00018286361234585898
18651,0.00020066762545047415
18653,0.999951564094725
18654,0.9999499568979832
18658,0.9999844124185779
18659,5.495763592576847e-05
18661,0.0001077557518754141
18662,0.0003152102071780363
18663,0.9999106770087686
18668,0.00196097464149843
18680,0.9999323359877031
18681,0.9976925669958735
18684,0.9999741331766765
18696,0.9998724399668965
18699,0.23528342926558957
18706,0.00011254421380958478
18711,0.0008303847188266249
18716,0.002755013582434655
18724,0.0001077557518754141
18728,0.0009792553448332516
18734,9.214737217534059e-05
18738,9.129362145996405e-05
18740,0.9958480152672016
18750,0.9999106770087686
18756,0.002369870185919107
18764,0.9999410645749532
18765,0.0003294076063234156
18766,0.0032346263539202343
18767,0.9992684376272701
18771,0.0003025039257935313
18772,0.0003152102071780363
18775,4.007612222051802e-05
18776,0.0007956311236266933
18778,5.807817151692507e-05
18784,7.239009792270101e-05
18786,0.0009792553448332516
18792,6.948943733151138e-05
18795,0.00020066762545047415
18796,0.9998657423469635
18797,0.00028283636599312634
18802,0.9999583636905568
18809,0.9999499568979832
18814,0.003087649530949634
18820,0.00018286361234585898
18823,5.4729081153788385e-05
18831,5.625074289453747e-05
18833,0.9473784115901248
18836,0.9998724399668965
18847,0.00028283636599312634
18848,0.0013205758147271525
18855,0.000952746187990989
18857,0.0007939010076001599
18861,0.999621553730851
18867,0.9488613368441116
18872,0.0020588466571659614
18876,0.9997627109712364
18877,0.9997975774147873
18889,0.0008303949329747527
18893,5.9518052967203426e-05
18895,0.0007956311236266933
18899,0.009884706957685922
18903,0.00018286361234585898
18904,0.0003496875210024585
18909,0.000417693891382247
18912,0.9999840697940373
18914,5.9460473564217507e-05
18918,0.9999525539780105
18920,0.0009669031085228232
18923,0.9998933186395719
18924,0.0005660000826093352
18925,3.684094510962778e-05
18926,0.0018688248110641556
18927,8.336272218685308e-05
18942,0.9999106770087686
18945,7.048083194376647e-05
18953,0.0031117045531496054
18958,0.00028283636599312634
18962,5.960938701671091e-05
18963,0.0012444766214345147
18973,0.22294847171758742
18976,0.0007335388084518602
18977,0.0003496875210024585
18983,0.00028283636599312634
18990,0.0013162351325675177
18992,6.663157892067235e-05
18994,0.007550642000297783
18995,0.22294847171758742
19000,0.9998657423469635
19001,0.003073669723003646
19003,4.9802890811725866e-05
19015,3.059352813200732e-05
19016,0.999924047825515
19017,0.00026013380591040494
19018,5.681464706624779e-05
19020,0.9999570522880501
19023,0.0007939010076001599
19035,0.00018286361234585898
19041,0.000630934997070971
19042,4.558790952076361e-05
19045,5.85900884891341e-05
19057,0.9999836293320881
19060,0.22294847171758742
19064,0.0003921010651064518
19067,0.0009683855312854912
19069,0.9994985241732534
19070,4.9802890811725866e-05
19072,0.00020107479980595945
19073,0.9992684376272701
19075,0.9999378386319983
19078,0.0003300301995967342
19079,0.22294847171758742
19087,0.9999848001105475
19088,5.960938701671091e-05
19089,0.005547462321522952
19092,0.9999499568979832
19093,7.239009792270101e-05
19094,0.9473785851750359
19095,6.584865233641874e-05
19097,0.9998400457194301
19099,0.000315211304386939
19103,0.9976925669958735
19109,0.0004176887514791801
19111,0.9999812574203041
19115,0.00011347764082196614
19117,0.0009373216812578322
19118,0.00044997041368243873
19120,0.00014223040098696742
19122,0.0007956311236266933
19125,4.950210296142815e-05
19127,0.00029105310622022835
19132,0.23528342926558957
19146,0.0007383003065265133
19158,5.177651879533547e-05
19159,0.9999525539780105
19169,0.0009373216812578322
19173,0.0017090175743221699
19177,0.001015896848436102
19178,0.9999848001105475
19180,0.000125637237433466
19184,4.990348619498389e-05
19185,0.9999410645749532
19188,0.0011942980446228509
19191,0.00018286361234585898
19198,0.0007197695610940449
19200,0.9999596970592978
19202,0.9998724399668965
19208,0.00020066762545047415
19213,0.9999106770087686
19216,0.9998727175338324
19221,0.00018286361234585898
19225,0.00016398085817541613
19229,0.00013889235802775062
19230,0.00018286361234585898
19232,0.9998727175338324
19233,0.23528342926558957
19236,0.00020066762545047415
19237,0.0029306866007651525
19238,0.9993344028907214
19240,0.0001232424246496812
19243,0.9998657423469635
19246,4.6146621533253116e-05
19248,0.000952746187990989
19249,4.990348619498389e-05
19250,0.000952746187990989
19252,0.0002918733189469976
19259,4.990348619498389e-05
19263,0.0003921010651064518
19270,0.22294847171758742
19273,0.0003496875210024585
19274,0.004253003917995008
19281,4.361350075037471e-05
19288,0.0030410406056064804
19297,0.9999844124185779
19299,6.118571903715033e-05
19305,0.0025414254415800255
19306,3.012657282093908e-05
19308,0.00037007323637957564
19310,0.002369870185919107
19311,9.41978446541329e-05
19315,0.0008303949329747527
19322,0.999951564094725
19323,0.9992684376272701
19329,0.9998923370842788
19331,0.0020588466571659614
19332,3.248316311800037e-05
19334,0.00044997041368243873
19350,0.0002597353063143384
19353,0.9998933232361251
19360,0.9970087657638763
19363,0.23528342926558957
19364,0.00020066762545047415
19367,0.0073012808759014385
19368,0.00020107479980595945
19370,0.9999855490687554
19371,0.99873581706373
19374,0.000648943071412129
19375,0.9999064394939688
19382,0.000315211304386939
19383,0.00032936511113992276
19388,6.11553776210631e-05
19394,0.00029105310622022835
19399,0.9999819551092717
19412,0.0007939010076001599
19415,0.003073669723003646
19419,3.2986643860003994e-05
19432,7.139906422789197e-05
19434,3.5297851792852416e-05
19435,4.9802890811725866e-05
19440,3.684094510962778e-05
19444,0.9990565363791533
19450,0.000952746187990989
19453,0.002682766521279212
19455,0.00028283636599312634
19464,0.00014223040098696742
19469,0.003073669723003646
19471,3.684094510962778e-05
19477,6.915848633880243e-05
19478,0.000630934997070971
19483,5.811224857081732e-05
19496,0.9488613368441116
19501,0.22294847171758742
19503,0.9999836293320881
19504,5.154270144686488e-05
19505,0.9998657423469635
19509,5.811224857081732e-05
19513,0.9992684376272701
19517,0.0003489828322499265
19519,0.9999836293320881
19524,5.807817151692507e-05
19535,5.623025235002796e-05
19539,0.9998657423469635
19543,5.901003939592238e-05
19549,0.00018286361234585898
19554,6.669610210327244e-05
19555,0.009012005787607585
19561,0.0003025039257935313
19565,0.0002597353063143384
19570,0.003056399004164884
19574,0.0007939010076001599
19585,6.202433109454105e-05
19588,0.00014441585735976267
19590,0.004098352335203868
19601,0.9473784115901248
19602,0.9473785851750359
19609,0.9974755967558074
19610,0.00018286361234585898
19612,7.243784440618535e-05
19616,0.000315211304386939
19617,0.00022855875309000183
19618,0.9991769963724775
19619,4.990348619498389e-05
19623,0.0019609987351751927
19625,0.004098352335203868
19626,0.008715185754638134
19627,4.363620673341469e-05
19633,8.98832284089943e-05
19638,0.00012406616557876187
19640,8.654174039039744e-05
19641,0.0002597353063143384
19643,0.0003294076063234156
19644,0.00012215328705734969
19653,0.9992684286277963
19665,7.423214122859364e-05
19667,0.9991493516607025
19668,0.9992684376272701
19674,0.9998204001246006
19675,0.00012215328705734969
19678,0.000315211304386939
19681,3.064047711007963e-05
19682,0.9998724399668965
19685,6.669610210327244e-05
19687,0.9999840697940373
19688,4.596566331885813e-05
19690,0.9999836293320881
19697,6.288120982706638e-05
19701,5.1619473797477944e-05
19703,0.9999741331766765
19708,0.00016716715660778432
19713,7.854077226421422e-05
19714,4.596566331885813e-05
19715,0.0008303949329747527
19716,0.00018286361234585898
19723,0.9999830343283849
19731,0.9999499568979832
19735,0.0007335297847933146
19749,0.00032936511113992276
19753,0.9999586363911022
19758,0.0008303949329747527
19759,0.002525498960716512
19760,0.2225729167574657
19780,0.0003496875210024585
19782,0.9993344028907214
19789,0.9999550062893311
19805,7.243784440618535e-05
19807,0.000952746187990989
19810,0.00901211573207907
19813,8.613273412182481e-05
19827,0.00020066762545047415
19832,0.0007335297847933146
19838,0.9998657423469635
19840,0.002181762929988489
19844,0.0018088221646381769
19847,4.3633652185942235e-05
19848,0.9999830343283849
19854,8.538493443049494e-05
19863,0.0017090385776086848
19866,0.0008303949329747527
19873,0.005547394407932111
19880,0.999708282888662
19887,0.9987495518152459
19897,0.0007939010076001599
19899,0.9998724399668965
19904,0.9999836411479883
19908,0.00012037385252514046
19910,0.0004123073536401814
19914,6.932071993706728e-05
19917,0.9999648492164995
19920,7.430402392503915e-05
19930,0.9998575076001982
19931,0.00028283636599312634
19939,0.9984008985709164
19942,0.23528342926558957
19944,0.0002597353063143384
19961,3.7392509283560714e-05
19963,0.9999519954731275
19980,0.0018688248110641556
19982,0.0020368549550457585
19985,0.9978453371823103
19990,0.9999550062893311
19995,0.0001671650990284317
19997,0.0076270176114838295
20005,0.9993344028907214
20011,0.001015896848436102
20025,0.9999410645749532
20029,0.0003921010651064518
20036,0.9998437096806833
20040,0.9999104849502187
20042,0.0012439201977550009
20044,9.979994851932418e-05
20045,0.22294847171758742
20053,0.0006304452674788647
20060,0.012480437182467852
20080,0.2225729167574657
20083,8.645801978867636e-05
20088,8.194600370979624e-05
20091,0.9998657423469635
20094,0.9992684376272701
20095,0.23528342926558957
20099,5.255031335435125e-05
20100,0.9999444747458763
20102,4.9802890811725866e-05
20104,0.0009669031085228232
20105,0.005723389742325767
20106,0.9992684376272701
20107,5.9460473564217507e-05
20116,5.9735149678797104e-05
20117,0.0003294076063234156
20123,4.607798844367227e-05
20124,0.0003300301995967342
20128,0.000952746187990989
20142,0.9998657423469635
20145,0.0007335388084518602
20151,6.663157892067235e-05
20158,3.059352813200732e-05
20163,0.004737212950455442
20167,5.247215666202429e-05
20168,0.00020066762545047415
20169,0.0008456899491242941
20170,0.0024428864496677484
20176,0.99873581706373
20179,0.00011807935500747968
20180,0.9993344028907214
20182,0.9992684376272701
20185,0.0007335297847933146
20188,0.0002597353063143384
20190,0.9999836293320881
20193,0.0002918733189469976
20199,9.499264710992848e-05
20200,0.9999192732797669
20203,5.255031335435125e-05
20207,0.00026013380591040494
20212,0.00020107479980595945
20217,0.002759229903327865
20222,0.9999812976361887
20223,0.0010747820407562808
20235,0.00020107479980595945
20238,0.0008958906966385092
20241,0.8093761011955569
20249,0.0003921010651064518
20250,0.0008303949329747527
20251,0.9998727175338324
20252,6.11553776210631e-05
20253,4.36784631498498e-05
20257,0.0007335297847933146
20263,0.0024428864496677484
20271,0.005111492925018042
20272,7.048083194376647e-05
20279,6.118571903715033e-05
20290,0.9858345532020377
20292,0.0009683855312854912
20293,0.0003921010651064518
20294,9.680136030041882e-05
20295,0.005111430321253707
20296,0.014366894183993954
20297,0.9996224962220819
20306,4.990348619498389e-05
20308,0.0035882903502960934
20313,0.0014892689250884834
20318,5.270837204143093e-05
20319,0.9992684376272701
20324,0.00014435762500079443
20326,0.9980523598763044
20330,3.6842603544390786e-05
20332,0.9998923370842788
20335,0.9999832815707336
20339,0.00196097464149843
20343,0.9999473133555481
20348,0.23528342926558957
20349,5.9460473564217507e-05
20352,0.9473784115901248
20355,0.00014223040098696742
20356,0.007626924434646636
20361,0.0003294076063234156
20362,0.0003489828322499265
20363,0.0008353762052111808
20369,8.825040237274523e-05
20380,0.9965088883071903
20381,0.9999526426022866
20382,0.00020107479980595945
20384,3.526370285294696e-05
20385,0.0001077557518754141
20388,0.00020107479980595945
20390,4.16532371067625e-05
20398,3.064047711007963e-05
20409,0.000315211304386939
20415,0.9998657423469635
20416,0.2225729167574657
20426,0.00012734492032281163
20430,5.9460473564217507e-05
20436,0.00012196613435931723
20444,4.9802890811725866e-05
20454,0.00032936511113992276
20460,0.0008303847188266249
20461,0.9990072647893932
20465,0.9999499568979832
20468,0.00026013380591040494
20472,0.9987495518152459
20475,0.005723389742325767
20479,9.995309139319764e-05
20482,0.22294847171758742
20487,3.303726520385771e-05
20488,0.23528342926558957
20490,5.1619473797477944e-05
20493,9.537201456968648e-05
20501,4.990348619498389e-05
20502,0.002269389749789689
20506,0.0003921010651064518
20512,0.0007382912243374749
20514,0.9997727594964603
20516,5.247215666202429e-05
20522,0.00196097464149843
20524,3.248316311800037e-05
20526,0.0008303949329747527
20528,0.9996223163522101
20535,5.255267892605444e-05
20536,0.00196097464149843
20539,0.002075760536193004
20541,5.270837204143093e-05
20542,0.0009669031085228232
20543,0.2225729167574657
20545,3.0097426689155756e-05
20550,0.9992684376272701
20551,0.0017090175743221699
20558,0.0008303949329747527
20559,0.0017090385776086848
20566,0.9999568776445106
20570,0.9992684286277963
20576,0.0001077557518754141
20579,0.9999836293320881
20580,0.0026371346473041085
20588,0.0001232424246496812
20589,0.0012862378961371185
20600,0.002755013582434655
20602,6.890809554310564e-05
20606,3.303726520385771e-05
20608,9.979994851932418e-05
20617,0.999924047825515
20623,0.999621553730851
20624,0.23528342926558957
20628,0.9999210094281771
20630,0.9992684376272701
20631,0.0007939010076001599
20632,0.00196097464149843
20642,0.000952746187990989
20644,0.00196097464149843
20646,4.830402508277897e-05
20647,0.0003496875210024585
20654,4.947755505274092e-05
20670,6.669610210327244e-05
20671,0.000952746187990989
20674,0.00025906216009356553
20681,0.0003152102071780363
20688,0.0007382912243374749
20691,0.0024428864496677484
20701,0.00014291747113753236
20716,0.00020107479980595945
20718,0.99873581706373
20725,0.002369870185919107
20728,4.939437942899333e-05
20729,0.0007939010076001599
20731,0.9473784115901248
20737,5.270837204143093e-05
20738,4.363620673341469e-05
20739,0.005354615830193132
20740,0.00018286361234585898
20749,3.059352813200732e-05
20752,0.0009669031085228232
20754,0.0007382912243374749
20758,0.0009339076959921525
20763,0.004098352335203868
20767,0.9999499568979832
20771,0.00018286361234585898
20789,0.005140755260584698
20793,0.960970080576001
20794,4.830461971156742e-05
20795,0.9999063500225552
20796,0.9473785851750359
20806,0.0007956311236266933
20809,0.9998657423469635
20810,0.0003300301995967342
20815,9.190610179282718e-05
20820,6.757968991654644e-05
20823,3.248316311800037e-05
20826,0.9998657423469635
20831,0.9997733950535433
20832,0.9998657423469635
20833,4.8884553910226695e-05
20836,0.9999104849502187
20837,0.00014223040098696742
20839,0.9999812976361887
20840,0.0003489828322499265
20843,0.9999410645749532
20848,0.999828779648926
20856,0.0007335388084518602
20859,5.921551891752585e-05
20864,0.0007956311236266933
20866,6.118571903715033e-05
20872,0.0003489828322499265
20873,8.746996203058479e-05
20876,0.0008303847188266249
20882,0.00012196613435931723
20884,7.632007959199317e-05
20885,0.0007197695610940449
20886,0.9999648492164995
20887,0.9999378386319983
20893,0.000417693891382247
20899,0.00018286361234585898
20904,4.3633652185942235e-05
20908,0.02202204439970071
20910,0.0018088221646381769
20918,7.243784440618535e-05
20923,6.317303913812666e-05
20926,0.9999473133555481
20929,0.9998932057107776
20942,0.0016232016907456724
20946,0.0009373216812578322
20956,6.502098659299737e-05
20958,6.925365782098223e-05
20961,0.9997120035482449
20966,0.0007231362477448386
20973,6.414134335184196e-05
20974,7.854077226421422e-05
20975,4.954318439933166e-05
20977,7.139906422789197e-05
20980,5.9551719259913306e-05
20981,0.0012439201977550009
20992,0.0019609987351751927
20996,0.9998657423469635
20998,0.0006304375112297416
20999,0.002759229903327865
21007,6.118571903715033e-05
21010,0.9998727175338324
21013,0.01028144148284517
21015,0.00020066762545047415
21016,0.0004176887514791801
21017,0.0003611341422352126
21020,0.9999444747458763
21024,3.524535332626971e-05
21045,0.23528342926558957
21053,0.0002597353063143384
21056,9.995309139319764e-05
21059,0.9998437096806833
21060,0.00901211573207907
21061,0.0008303847188266249
21064,0.0002597353063143384
21072,0.00015729204791610285
21078,0.00014291923030359686
21088,0.9998746234326046
21091,8.825040237274523e-05
21092,0.00196097464149843
21094,5.9306388737784195e-05
21099,0.003056399004164884
21104,0.0003921010651064518
21109,0.0019609987351751927
21115,4.36784631498498e-05
21119,8.645801978867636e-05
21123,0.9488613368441116
21134,7.243784440618535e-05
21146,0.0008303847188266249
21147,0.23528342926558957
21150,0.9473785851750359
21152,0.00014223040098696742
21165,0.23528342926558957
21166,0.0025355485088868496
21168,0.0003152102071780363
21169,0.9998835253501641
21179,0.0063319641576577304
21181,4.990348619498389e-05
21186,0.0003294076063234156
21191,0.0008303949329747527
21195,0.2225729167574657
21201,0.9987495518152459
21206,0.00020107479980595945
21209,0.960068030659492
21214,0.0009669031085228232
21215,0.00022996701298344857
21221,7.423214122859364e-05
21222,0.03181146383678695
21225,0.0007939010076001599
21227,0.00618595648019875
21228,0.015374437238133278
21230,0.9999195917756377
21233,0.00605733709048263
21236,0.9998204001246006
21237,0.0018088221646381769
21238,5.8998934010765126e-05
21240,0.9996223163522101
21241,0.011684100462575488
21245,0.23528342926558957
21246,0.9998657423469635
21247,0.0019609987351751927
21252,0.23528342926558957
21253,0.9977867444110265
21258,3.059352813200732e-05
21261,0.00018286361234585898
21266,0.00019223952449051726
21275,6.584865233641874e-05
21276,0.002369870185919107
21277,0.9999310290323018
21278,4.9802890811725866e-05
21282,0.9960543192475193
21285,5.2501837663869845e-05
21287,0.00012196613435931723
21289,0.0020368299312688016
21301,7.430402392503915e-05
21306,5.250336234883159e-05
21308,0.9990565363791533
21312,0.9999303261561714
21314,4.5589961691584216e-05
21318,0.000630934997070971
21319,6.297770451899694e-05
21321,0.9985681107823603
21322,0.23528342926558957
21328,0.2225729167574657
21331,0.9473784115901248
21337,4.9765305183604125e-05
21346,0.00015729204791610285
21352,0.9999840697940373
21359,5.938198661234411e-05
21364,0.00901211573207907
21365,7.243784440618535e-05
21366,0.0003152102071780363
21367,0.9970088024775343
21368,0.00020066762545047415
21372,0.00026013380591040494
21378,0.23528342926558957
21390,0.00026013380591040494
21394,0.00014223040098696742
21396,0.999906630939681
21399,0.0003152102071780363
21401,0.00014223040098696742
21402,0.00018286361234585898
21404,0.002767441262719967
21405,0.999621553730851
21410,0.9992684376272701
21412,0.000417693891382247
21413,0.9998724399668965
21417,0.002061999755018048
21419,8.645801978867636e-05
21420,3.059352813200732e-05
21423,3.5299440766062444e-05
21428,0.005723389742325767
21429,4.357130717860938e-05
21441,7.048169955266968e-05
21448,0.000952746187990989
21451,3.056393025534321e-05
21455,4.950210296142815e-05
21459,0.999828779648926
21465,0.9998594576388387
21468,4.586563522306168e-05
21471,0.0007335388084518602
21478,0.0007369607867453374
21485,0.0003294076063234156
21492,0.0008303949329747527
21509,0.00020066762545047415
21513,8.177985792963223e-05
21516,0.998799240631583
21523,0.9999833685978098
21524,0.9994783115377269
21529,8.74710387549412e-05
21531,0.00028283636599312634
21532,0.9992684376272701
21536,0.007626924434646636
21538,0.00019733540215887804
21550,0.9999648477017928
21558,0.000417693891382247
21564,0.0003152102071780363
21567,0.9992684376272701
21571,0.9473785851750359
21573,0.0007335297847933146
21575,0.2225729167574657
21581,4.412303522645268e-05
21591,4.939437942899333e-05
21593,8.654174039039744e-05
21602,0.00196097464149843
21605,0.9989676385412505
21617,0.000315211304386939
21619,0.000952746187990989
21625,0.9999519975416081
21627,0.000315211304386939
21629,0.00018286361234585898
21630,0.002061999755018048
21631,0.00028283636599312634
21636,0.0003496875210024585
21637,0.22294847171758742
21642,0.9999151191957167
21646,0.00044997041368243873
21647,5.3168219727365504e-05
21652,0.0007956311236266933
21654,0.0010179779370654157
21657,0.999872219382945
21664,0.00029105310622022835
21676,0.015374437238133278
21683,4.8884553910226695e-05
21690,0.00018286361234585898
21695,5.807817151692507e-05
21699,0.0013182524325186767
21701,4.77798913342049e-05
21707,0.23528342926558957
21708,4.596566331885813e-05
21719,0.0005028658649900774
21720,0.0035882903502960934
21724,0.999708282888662
21737,0.9998657423469635
21743,0.00012734492032281163
21744,0.23528342926558957
21746,0.9998835203314828
21750,0.00018397463350916496
21758,0.004745523307857395
21762,0.000326231031246402
21770,0.0002597353063143384
21772,0.0007956311236266933
21775,5.807817151692507e-05
21786,0.9998724399668965
21787,0.0008303949329747527
21796,0.9999819938281546
21799,0.9992684376272701
21805,0.00014223040098696742
21816,0.0003921010651064518
21820,0.0007197607066964709
21826,0.999906630939681
21834,7.048083194376647e-05
21835,4.950210296142815e-05
21839,0.00022067729558604302
21841,0.0009683855312854912
21851,0.002181762929988489
21854,0.0003489828322499265
21855,0.000315211304386939
21857,5.250336234883159e-05
21863,0.0009669031085228232
21866,4.77798913342049e-05
21867,0.9999632362781291
21868,5.960938701671091e-05
21872,5.9551719259913306e-05
21874,0.00018286361234585898
21875,0.0008303847188266249
21877,4.36784631498498e-05
21889,0.9996223163522101
21890,0.005732122805785984
21891,3.059352813200732e-05
21894,8.412269025630678e-05
21897,0.00012215328705734969
21898,0.9987313342380877
21900,0.23528342926558957
21905,0.9998727175338324
21907,3.303726520385771e-05
21910,5.681464706624779e-05
21911,6.586038453583094e-05
21912,7.850261865968507e-05
21915,0.9998835203314828
21919,0.0024428864496677484
21922,0.9998657423469635
21934,0.9999741331766765
21935,6.586038453583094e-05
21942,0.00028283636599312634
21943,0.0012444919227764014
21952,5.1730895903729595e-05
21954,5.9518052967203426e-05
21956,0.0001077557518754141
21964,5.807817151692507e-05
21966,0.22294847171758742
21968,0.0003921010651064518
21970,0.999906630939681
21971,0.9992684286277963
21974,4.198155606916126e-05
21976,3.9063204635608604e-05
21977,0.00020066762545047415
21982,0.22294847171758742
21983,0.0003152102071780363
21991,0.9998835253501641
21992,0.00018286361234585898
22003,0.9999410645749532
22006,0.0003294076063234156
22009,0.004367320389457687
22010,3.248316311800037e-05
22011,9.995309139319764e-05
22015,0.23528342926558957
22017,0.002178427096575681
22019,0.9999151191957167
22025,0.0007603887156336702
22027,0.003988140232725101
22028,0.9993794385986038
22034,0.002178427096575681
22035,7.430402392503915e-05
22040,0.9999499568979832
22047,4.9765305183604125e-05
22053,4.361350075037471e-05
22064,5.807817151692507e-05
22065,7.048169955266968e-05
22067,0.007795136269552964
22068,0.00044997041368243873
22072,3.526370285294696e-05
22073,4.930208342516405e-05
22077,0.0007939010076001599
22081,0.22294847171758742
22087,4.3680429369395224e-05
22090,0.9999783362129983
22100,0.00026013380591040494
22102,0.9998727175338324
22105,0.00468024985102596
22107,0.23528342926558957
22112,0.23528342926558957
22117,7.430402392503915e-05
22118,0.0007939010076001599
22119,7.59938127452237e-05
22121,0.0009373216812578322
22123,7.430402392503915e-05
22126,0.002075760536193004
22131,4.8884553910226695e-05
22147,4.558790952076361e-05
22158,0.9993344028907214
22169,0.0003496875210024585
22170,0.0009669031085228232
22178,5.154270144686488e-05
22181,0.006507439032569228
22185,0.9473785851750359
22189,0.0019609987351751927
22193,5.9518052967203426e-05
22196,0.00028283636599312634
22200,0.999803132193682
22211,0.0017010687590371112
22212,0.003087649530949634
22213,0.00901211573207907
22221,0.00018286361234585898
22223,0.005547394407932111
22224,3.5299440766062444e-05
22231,4.979345512463346e-05
22233,0.002735794355241847
22234,0.9999410645749532
22239,4.9802890811725866e-05
22241,0.003087649530949634
22244,0.23528342926558957
22245,0.9998724399668965
22247,8.538388338283752e-05
22250,0.0009669031085228232
22252,0.0030410406056064804
22254,0.0029351709834033748
22257,4.9765305183604125e-05
22259,0.9997835287968561
22268,0.0008037088560648402
22269,4.950210296142815e-05
22273,0.99873581706373
22279,0.0009373216812578322
22283,0.9998657423469635
22284,4.4231548015827105e-05
22287,3.678615168602482e-05
22288,0.006015148923402386
22293,0.0017090175743221699
22294,0.9999151191957167
22301,0.0003921010651064518
22303,0.0007382912243374749
22310,0.9999855490687554
22317,0.00020107479980595945
22318,0.0018688248110641556
22320,4.950210296142815e-05
22328,4.198155606916126e-05
22337,0.00014223040098696742
22338,0.9993289115899769
22341,0.0007939010076001599
22346,0.0008303847188266249
22351,0.0009339076959921525
22353,9.979994851932418e-05
22360,0.9992684286277963
22370,0.9964218896923575
22371,0.0017090175743221699
22372,0.0007939010076001599
22377,0.9999836293320881
22382,0.00020066762545047415
22387,0.0003489828322499265
22394,0.9998657423469635
22401,4.959116072929575e-05
22402,0.23528342926558957
22414,0.002755013582434655
22415,0.2225729167574657
22422,6.952707990364242e-05
22428,0.9999525539780105
22429,0.9473784115901248
22444,0.9999836293320881
22449,0.22294847171758742
22461,0.0018088221646381769
22462,0.9998894441255551
22467,0.22294847171758742
22478,0.9999648477017928
22480,0.00011254421380958478
22486,0.0008303949329747527
22488,0.00196097464149843
22498,0.0003921010651064518
22505,0.0007417536054868211
22507,0.0029306866007651525
22511,0.9998594576388387
22517,5.3168219727365504e-05
22518,0.00029105310622022835
22521,9.979994851932418e-05
22533,8.645801978867636e-05
22538,0.9999805439124154
22545,0.0001077557518754141
22546,0.9999855490687554
22551,3.012657282093908e-05
22557,9.989047032803534e-05
22561,0.00028283636599312634
22563,0.0020368549550457585
22568,0.23528342926558957
22570,0.999951564094725
22572,0.9998400388275899
22576,0.9998281263054793
22580,0.0003921010651064518
22583,0.006483092771989294
22584,0.00020066762545047415
22591,0.9992684286277963
22592,0.00011731880383578854
22597,4.4510588771598355e-05
22599,0.002369870185919107
22604,0.0003921010651064518
22605,6.586038453583094e-05
22607,0.9999334346258979
22613,0.9998977723201392
22628,3.5299440766062444e-05
22630,0.0008303847188266249
22631,0.00011044715495842429
22636,5.9551719259913306e-05
22637,0.00020107479980595945
22640,0.9987313342380877
22641,0.0012444919227764014
22642,0.001275979893869128
22646,0.0009792553448332516
22654,0.0003489828322499265
22655,0.000315211304386939
22657,0.23528342926558957
22664,6.118571903715033e-05
22666,0.23528342926558957
22668,4.292610253668812e-05
22672,5.811224857081732e-05
22675,4.3680429369395224e-05
22678,0.07131049579431503
22679,0.00018286361234585898
22680,5.9643622946078996e-05
22687,4.16532371067625e-05
22688,3.064047711007963e-05
22691,0.0012444766214345147
22695,4.558790952076361e-05
22696,4.3680429369395224e-05
22702,0.9999525539780105
22703,5.960938701671091e-05
22706,0.9998657423469635
22708,5.270837204143093e-05
22713,4.9802890811725866e-05
22715,0.22294847171758742
22716,0.000952746187990989
22719,0.0004123073536401814
22726,0.9999812976361887
22731,0.0017010687590371112
22736,0.00018286361234585898
22738,0.23528342926558957
22739,0.0003489828322499265
22754,3.6842603544390786e-05
22756,0.0003300301995967342
22758,7.039204077722671e-05
22761,0.00015729204791610285
22762,0.00018286361234585898
22765,0.9999410645749532
22772,0.00018286361234585898
22773,3.7390826096239374e-05
22774,5.3658013213535084e-05
22777,0.0002597353063143384
22780,0.0003489828322499265
22787,3.2986643860003994e-05
22795,7.430402392503915e-05
22807,0.999803132193682
22809,0.0006489350877357901
22814,0.9999568080484527
22820,0.9999519975416081
22823,5.811224857081732e-05
22824,0.2225729167574657
22830,0.000315211304386939
22831,0.9998724399668965
22832,0.0018088221646381769
22835,0.0007939010076001599
22846,6.55390073908903e-05
22855,5.9735149678797104e-05
22857,0.0029306866007651525
22858,0.0013802279596660423
22868,0.004367320389457687
22869,0.9998724399668965
22872,0.0004176887514791801
22875,0.002369870185919107
22876,0.0003921010651064518
22877,3.059352813200732e-05
22885,4.830402508277897e-05
22886,0.0007939010076001599
22887,3.303726520385771e-05
22890,0.0002597353063143384
22891,0.000952746187990989
22892,6.237599467730028e-05
22898,0.9999840697940373
22899,3.9063204635608604e-05
22909,0.014969345030304441
22910,0.0008901137609057823
22912,0.999951564094725
22919,0.00018286361234585898
22926,5.841571582501597e-05
22935,0.9999519954731275
22936,0.9998727175338324
22937,7.850261865968507e-05
22941,4.357130717860938e-05
22942,0.23528342926558957
22943,0.00028283636599312634
22945,0.00029105310622022835
22951,0.000315211304386939
22952,3.012657282093908e-05
22953,6.932071993706728e-05
22955,0.002541394234689496
22957,0.9987495518152459
22962,5.681464706624779e-05
22970,0.00020066762545047415
22977,0.9998727175338324
22985,5.320102194467529e-05
22995,0.99873581706373
23000,0.0002923211119583854
23015,0.00028283636599312634
23018,0.0007956311236266933
23019,0.0019609987351751927
23022,0.0009669031085228232
23023,0.23528342926558957
23024,4.614869885371506e-05
23025,0.0003025039257935313
23026,0.0012444766214345147
23028,0.0007956311236266933
23034,0.9999378386319983
23036,0.00012196613435931723
23039,0.22294847171758742
23040,0.002075760536193004
23041,3.678615168602482e-05
23042,9.537201456968648e-05
23043,0.0007939010076001599
23054,0.00196097464149843
23055,0.999951564094725
23058,0.0009339076959921525
23059,0.9996883594108567
23062,8.916971618446132e-05
23070,0.00014223040098696742
23071,0.960068030659492
23073,0.9473785851750359
23076,0.00018286361234585898
23079,3.5299440766062444e-05
23080,0.00012734492032281163
23081,5.250400866928995e-05
23086,0.0003025039257935313
23094,0.0007956311236266933
23104,0.0003921010651064518
23106,0.00044997041368243873
23107,0.004367320389457687
23109,7.139906422789197e-05
23111,5.901076580935242e-05
23112,0.9998933232361251
23116,0.0006304375112297416
23119,0.999961258875119
23122,0.9998727175338324
23124,0.9998657423469635
23125,0.0003489828322499265
23128,0.0003921010651064518
23132,0.9987495364405733
23135,6.584865233641874e-05
23136,0.9998727175338324
23140,0.22294847171758742
23143,0.0003921010651064518
23145,0.002525498960716512
23150,0.0007956311236266933
23151,4.9802890811725866e-05
23154,5.918584598836989e-05
23155,0.23528342926558957
23159,0.9998657423469635
23167,0.0006304375112297416
23168,0.005140755260584698
23172,0.0029351709834033748
23173,4.9765305183604125e-05
23176,0.0018688248110641556
23177,4.36784631498498e-05
23181,8.645801978867636e-05
23188,0.9999648492164995
23192,0.0028334201429591906
23197,0.0017010896648016567
23198,4.3680429369395224e-05
23199,0.9999812976361887
23204,0.00026013380591040494
23205,0.9992684376272701
23208,0.00020066762545047415
23214,0.9473784115901248
23218,0.9999510331817772
23222,0.00020066762545047415
23224,7.296613865915029e-05
23227,0.9998835253501641
23234,5.311950632929762e-05
23245,0.0003025039257935313
23246,0.0010747820407562808
23251,3.012657282093908e-05
23252,0.9993344028907214
23256,0.9999568776445106
23257,0.2225729167574657
23271,3.684094510962778e-05
23273,4.8884553910226695e-05
23274,5.247215666202429e-05
23277,0.22294847171758742
23285,0.9999410645749532
23286,0.00011347764082196614
23287,6.118571903715033e-05
23293,0.000630934997070971
23298,0.9999119730214132
23300,0.9999106770087686
23312,0.9990066895409897
23314,0.999947394083066
23315,0.00029105310622022835
23321,0.9978056248750833
23323,0.002369870185919107
23326,0.000315211304386939
23332,0.00016716715660778432
23337,0.00032936511113992276
23338,0.22294847171758742
23340,0.009884586474106123
23346,4.363817105083811e-05
23348,0.0007956311236266933
23353,3.2986643860003994e-05
23355,0.0002597353063143384
23356,0.0009278858444497353
23362,0.0007956311236266933
23363,0.0008303949329747527
23364,0.9488613368441116
23368,3.678615168602482e-05
23370,7.430402392503915e-05
23372,0.999947394083066
23379,0.9999648492164995
23386,0.000417693891382247
23392,4.8884553910226695e-05
23402,0.00020066762545047415
23406,0.9998727175338324
23408,4.990348619498389e-05
23411,0.9999303261561714
23412,0.004745523307857395
23420,0.9998835253501641
23422,0.000315211304386939
23426,0.000952746187990989
23429,0.00018286361234585898
23434,0.00011731735974361013
23435,0.0019609987351751927
23436,0.00018286361234585898
23438,0.0002463506730823969
23439,5.807817151692507e-05
23441,5.625074289453747e-05
23442,5.960938701671091e-05
23444,0.9999836411479883
23454,0.0001671650990284317
23455,5.9551719259913306e-05
23459,0.0003152102071780363
23461,0.9998657423469635
23469,0.00018286361234585898
23472,0.9992684376272701
23475,7.238920682367822e-05
23484,0.0017090175743221699
23488,0.0001232424246496812
23491,0.01028144148284517
23495,5.802320831745888e-05
23498,0.00012734492032281163
23500,3.0610833813759486e-05
23503,7.58471595843089e-05
23504,4.36784631498498e-05
23506,0.9973433265142237
23507,0.006092414671259864
23508,0.0007956311236266933
23509,4.586563522306168e-05
23517,8.74710387549412e-05
23519,7.243784440618535e-05
23526,0.00020107479980595945
23529,0.0009792553448332516
23532,4.984167379817237e-05
23539,0.00018286361234585898
23547,0.9992684286277963
23552,3.059352813200732e-05
23553,0.9473784115901248
23556,0.00018286361234585898
23557,0.9999812574203041
23559,0.00022067729558604302
23562,0.0003152102071780363
23563,9.537201456968648e-05
23573,0.0001232424246496812
23576,0.00028283636599312634
23580,0.9998657423469635
23587,0.004253003917995008
23588,0.9488613368441116
23589,0.23528342926558957
23600,0.00012215328705734969
23603,0.9999618881412762
23605,5.960938701671091e-05
23611,0.9999104849502187
23614,0.0007939010076001599
23618,0.00020066762545047415
23619,0.00196097464149843
23632,6.237599467730028e-05
23635,0.9990565363791533
23641,0.0003152102071780363
23642,0.22294847171758742
23652,0.9997054738058267
23653,4.3474152606512995e-05
23656,0.9998724399668965
23665,0.0007956311236266933
23666,0.0009669031085228232
23671,6.098563068394302e-05
23678,0.0003025039257935313
23681,0.22294847171758742
23688,0.00020066762545047415
23690,0.001286069590300607
23691,7.048169955266968e-05
23693,5.807817151692507e-05
23695,0.0020368549550457585
23698,0.0018688248110641556
23699,0.9999812976361887
23711,0.0002098415947567484
23714,0.000952746187990989
23717,4.36784631498498e-05
23719,0.0007335388084518602
23726,0.00014223040098696742
23733,0.0025355485088868496
23736,0.9998933186395719
23738,0.0006304375112297416
23741,0.9999568080484527
23750,0.00012215328705734969
23753,0.9992684286277963
23754,0.9999648477017928
23755,0.0008303949329747527
23758,5.986707178831173e-05
23761,5.9643622946078996e-05
23764,0.9999812574203041
23770,4.984167379817237e-05
23775,0.9999812976361887
23779,5.250336234883159e-05
23791,0.0001671650990284317
23793,0.0005659931187681221
23799,4.596566331885813e-05
23801,0.000315211304386939
23802,0.0009669031085228232
23805,0.00018286361234585898
23806,7.073894396614462e-05
23812,0.0017090175743221699
23814,0.23528342926558957
23835,0.006104408017846475
23840,3.7392509283560714e-05
23841,0.0002918733189469976
23848,0.9999848001105475
23851,7.430402392503915e-05
23861,0.0007197607066964709
23864,0.0003496875210024585
23868,0.9998657423469635
23872,0.9999812976361887
23880,0.0007335297847933146
23883,5.379592212530207e-05
23887,0.23528342926558957
23892,5.1569535303348584e-05
23906,0.00044997041368243873
23909,0.9999819938281546
23917,9.979383743495139e-05
23922,0.00012215328705734969
23925,0.0020368299312688016
23929,3.7390826096239374e-05
23930,0.999906630939681
23949,0.2225729167574657
23960,0.9998727175338324
23964,4.3680429369395224e-05
23967,7.048169955266968e-05
23974,0.0005028658649900774
23981,8.690654935332071e-05
23986,0.0002597353063143384
24000,0.2225729167574657
24003,0.005547462321522952
24005,0.0008303949329747527
24008,5.9460473564217507e-05
24009,0.9998724399668965
24010,0.00012196613435931723
24013,5.921551891752585e-05
24014,0.0076270176114838295
24017,0.9999119730214132
24020,3.0097426689155756e-05
24021,0.00016716715660778432
24022,0.00020066762545047415
24023,0.9992684286277963
24027,3.737136975879578e-05
24031,4.198155606916126e-05
24034,0.9993344028907214
24035,0.00026013380591040494
24043,4.939437942899333e-05
24049,5.472975487151807e-05
24050,0.0009339076959921525
24053,0.0003496875210024585
24054,0.9998724399668965
24057,0.9999794112261701
24059,0.2225729167574657
24062,0.00020066762545047415
24063,0.22294847171758742
24064,0.00020107479980595945
24065,0.9999210094281771
24069,0.00028283636599312634
24071,4.558790952076361e-05
24075,0.9999568776445106
24076,0.00020107479980595945
24077,0.077593504906698
24080,0.002222625642549714
24082,0.0014296913470183256
24085,9.12947452479209e-05
24102,0.0009373216812578322
24110,0.02202111633725729
24116,0.9998724399668965
24118,0.23528342926558957
24119,5.930371917706188e-05
24120,6.952707990364242e-05
24122,0.960970080576001
24123,0.9992684286277963
24124,0.00012215328705734969
24126,4.1715279811296715e-05
24129,0.0003025039257935313
24130,0.9999848001105475
24143,0.0018688248110641556
24146,7.296613865915029e-05
24149,0.00018286361234585898
24154,0.00011347764082196614
24157,0.001275979893869128
24159,0.00901211573207907
24164,0.9998594576388387
24166,9.537201456968648e-05
24172,0.0004176887514791801
24180,0.9999783362129983
24182,0.0016232016907456724
24183,0.00028283636599312634
24184,0.000952746187990989
24185,0.0020368549550457585
24190,0.0009104718353442865
24193,5.807817151692507e-05
24199,3.737136975879578e-05
24200,0.0003489828322499265
24203,0.0009373216812578322
24204,0.9999192732797669
24207,0.9987313342380877
24217,0.9987495364405733
24222,5.3658013213535084e-05
24233,4.526543650395926e-05
24237,0.0006304375112297416
24240,5.9518052967203426e-05
24242,0.9999812976361887
24248,0.0003496875210024585
24252,0.9999832815707336
24255,0.0009683855312854912
24272,0.9997975774147873
24276,0.0003025039257935313
24279,0.22294847171758742
24280,5.802320831745888e-05
24281,4.586563522306168e-05
24282,0.9998724399668965
24294,8.113268274625e-05
24295,0.9999836293320881
24308,0.00018286361234585898
24311,0.00028283636599312634
24313,0.00020066762545047415
24314,6.118571903715033e-05
24317,0.9998657423469635
24318,0.9999063500225552
24319,0.0009175806812215426
24321,0.004752771421174122
24324,0.9473785851750359
24325,0.0003152102071780363
24331,4.8884553910226695e-05
24334,0.07626933620976893
24342,7.685398210574893e-05
24345,0.9999568061872536
24352,5.3168219727365504e-05
24355,4.936988493736761e-05
24362,0.0008303847188266249
24365,0.0009411993536449818
24366,3.684094510962778e-05
24367,0.0009669031085228232
24368,0.9976925669958735
24371,4.36784631498498e-05
24373,3.526370285294696e-05
24381,0.00012196613435931723
24383,0.23528342926558957
24385,0.9999812976361887
24386,0.000952746187990989
24387,7.423214122859364e-05
24392,0.0030410406056064804
24397,0.0006304375112297416
24399,5.807817151692507e-05
24400,0.9998724399668965
24401,4.9802890811725866e-05
24402,0.2225729167574657
24403,5.681464706624779e-05
24406,0.9999169819501809
24412,0.2225729167574657
24417,0.9999410645749532
24425,0.0003496875210024585
24426,6.586038453583094e-05
24432,0.9999830343283849
24433,0.003056399004164884
24434,0.07131131107508937
24438,0.0014334966958850566
24446,0.00020066762545047415
24465,5.807817151692507e-05
24466,0.9992684376272701
24469,0.9998727175338324
24475,3.684094510962778e-05
24478,4.361350075037471e-05
24479,0.9998657423469635
24480,0.004253003917995008
24482,0.9998724399668965
24491,0.00018286361234585898
24493,0.001275979893869128
24502,0.0003489828322499265
24504,0.999900690546973
24507,0.9999648477017928
24516,0.9999812574203041
24521,0.9999568061872536
24522,0.9998594636941474
24526,5.247215666202429e-05
24541,0.00020066762545047415
24548,0.00015729204791610285
24556,0.0051921582120633275
24559,0.00018286361234585898
24563,0.23528342926558957
24566,0.003087649530949634
24571,0.000736969852579889
24572,0.00020066762545047415
24573,0.9978056518298187
24574,0.9998727175338324
24576,6.118571903715033e-05
24579,0.0003025039257935313
24586,8.282474337774909e-05
24594,7.048083194376647e-05
24601,6.11553776210631e-05
24611,0.0003921010651064518
24613,0.9999550062893311
24616,0.22294847171758742
24621,5.3168219727365504e-05
24639,0.00018286361234585898
24644,0.2225729167574657
24649,0.0007463411385455769
24650,0.9967000848770158
24655,0.9992684286277963
24659,0.0003152102071780363
24663,0.9473785851750359
24669,0.00029105310622022835
24671,0.9998657423469635
24684,0.9999836293320881
24688,0.002075760536193004
24690,4.830402508277897e-05
24691,0.23528342926558957
24694,0.0009792553448332516
24695,0.9999151191957167
24697,0.0029870917238361498
24700,4.558790952076361e-05
24708,0.0003921010651064518
24710,0.0009669031085228232
24718,0.00911071577163505
24722,0.0017010687590371112
24726,0.0015290187425444116
24727,0.00012196613435931723
24728,0.9983974165288646
24732,0.0019609987351751927
24740,0.00020066762545047415
24741,0.00014223040098696742
24746,0.9995717180850213
24750,0.000952746187990989
24754,0.9999169819501809
24758,0.003087649530949634
24762,5.802320831745888e-05
24768,0.0003921010651064518
24774,0.9992684286277963
24779,0.00618595648019875
24781,0.0007939010076001599
24783,0.9998724399668965
24786,0.9999499568979832
24787,0.0002597353063143384
24791,8.746996203058479e-05
24798,0.00018286361234585898
24799,0.9999169819501809
24800,0.9999378386319983
24801,3.6842603544390786e-05
24802,0.22294847171758742
24812,0.002178427096575681
24816,4.182809535194174e-05
24822,0.0001077557518754141
24823,0.9955966582926852
24824,0.00020066762545047415
24826,0.00018286361234585898
24827,5.2976653991585695e-05
24836,0.00020066762545047415
24840,5.28613697475509e-05
24842,0.0003496875210024585
24844,0.0020368549550457585
24845,0.9998657423469635
24855,0.00029105310622022835
24869,0.00020107479980595945
24871,0.00012324090765188282
24873,0.0016232016907456724
24874,0.00044997041368243873
24884,0.0014296913470183256
24885,0.0009373216812578322
24887,0.23528342926558957
24889,0.999906630939681
24890,0.0003025039257935313
24906,3.6842603544390786e-05
24907,0.0016232016907456724
24908,0.000952746187990989
24911,0.0007335388084518602
24914,0.0061058660378524405
24915,0.23528342926558957
24922,0.9999640003330978
24927,0.22294847171758742
24932,0.0014296913470183256
24938,0.9998657423469635
24939,0.003584135654944882
24944,0.9999648477017928
24948,3.6842603544390786e-05
24952,0.9993344028907214
24954,0.9998727175338324
24955,0.009012005787607585
24957,0.000630934997070971
24958,0.9473784115901248
24963,4.990348619498389e-05
24965,0.000952746187990989
24968,0.0004176887514791801
24971,0.9999499568979832
24974,0.02202111633725729
24975,0.00026013380591040494
24978,0.00029105310622022835
24980,0.9973433265142237
24981,0.0002918733189469976
24983,0.22294847171758742
24993,0.000315211304386939
24994,0.0014297089223900316
25001,0.00026013380591040494
25005,0.23528342926558957
25010,5.379592212530207e-05
25014,0.23528342926558957
25015,5.320102194467529e-05
25022,4.990348619498389e-05
25025,0.0004176887514791801
25027,0.00011794298359327118
25028,4.24935205415871e-05
25036,5.173025909973979e-05
25037,0.000952746187990989
25046,0.000417693891382247
25055,0.000952746187990989
25057,3.6842603544390786e-05
25059,5.807817151692507e-05
25064,0.9997966769290615
25066,0.9998657423469635
25071,0.00017381270897049746
25072,0.0002597353063143384
25073,0.9999794427737073
25078,3.059352813200732e-05
25079,0.9999819938281546
25081,0.9999378386319983
25083,0.0004242837871281281
25101,4.939437942899333e-05
25102,0.9998657423469635
25104,0.0013182524325186767
25107,0.0008303847188266249
25109,0.0005659931187681221
25111,5.802320831745888e-05
25140,4.9802890811725866e-05
25144,0.9999444747458763
25148,0.00014435762500079443
25150,3.5297851792852416e-05
25151,0.0002597353063143384
25152,0.0019609987351751927
25153,0.00016398085817541613
25158,4.4231548015827105e-05
25163,0.0003921010651064518
25174,3.0097426689155756e-05
25176,5.9460473564217507e-05
25195,0.23528342926558957
25199,0.0009373216812578322
25201,0.9999818225377379
25210,0.0003489828322499265
25211,0.23528342926558957
25214,0.00014694591814190172
25224,5.2976653991585695e-05
25225,0.9999568080484527
25227,0.9998977710617711
25228,0.999884857577143
25230,0.0018688248110641556
25235,0.0008319486348780757
25236,0.00011807935500747968
25241,0.9998657423469635
25252,0.00018286361234585898
25254,0.9999541943733825
25256,4.3474152606512995e-05
25265,0.0005255778566517551
25271,0.00012037533423601353
25272,0.9976925669958735
25274,0.00012196613435931723
25279,0.9999840697940373
25280,0.9992684376272701
25282,0.00029105310622022835
25283,0.00032936511113992276
25285,0.00020066762545047415
25288,4.586563522306168e-05
25292,0.00020107479980595945
25297,0.0017090385776086848
25300,0.00018286361234585898
25317,5.1569535303348584e-05
25322,0.9999604073417305
25323,0.9999848001105475
25334,4.9802890811725866e-05
25340,3.7292460896564154e-05
25344,0.23528342926558957
25350,0.0020368549550457585
25351,0.22294847171758742
25355,5.3198627190438685e-05
25359,0.010243203929753652
25363,0.9998727175338324
25367,0.22294847171758742
25371,0.0008303847188266249
25378,0.0003921010651064518
25382,5.631654135492842e-05
25394,0.0007603887156336702
25396,0.00028283636599312634
25403,0.0008303847188266249
25405,0.9998657423469635
25406,0.00014223040098696742
25407,0.9999848001105475
25408,0.9990066895409897
25422,0.0017090385776086848
25423,0.0002923211119583854
25431,0.0005660000826093352
25433,0.006531051163236193
25434,8.194600370979624e-05
25436,4.8884553910226695e-05
25437,5.807817151692507e-05
25438,0.00018286361234585898
25440,0.9998594636941474
25462,0.0003921010651064518
25463,4.596566331885813e-05
25466,6.586038453583094e-05
25471,5.211854000935717e-05
25472,0.2225729167574657
25478,6.77535374266018e-05
25479,3.737136975879578e-05
25482,0.00037007323637957564
25493,0.0003489828322499265
25502,0.00014435762500079443
25507,0.000952746187990989
25509,0.002178427096575681
25510,0.23528342926558957
25511,0.00196097464149843
25512,0.000952746187990989
25518,0.996695037393001
25519,0.9999410645749532
25522,0.0006304375112297416
25526,0.0003300301995967342
25529,5.328417313837607e-05
25531,0.00014223040098696742
25534,0.001804892823843484
25537,0.001275979893869128
25541,0.0003921010651064518
25545,4.939437942899333e-05
25547,4.990348619498389e-05
25548,5.1759073029111035e-05
25552,0.002061999755018048
25556,0.0017090175743221699
25560,5.3168219727365504e-05
25566,0.23528342926558957
25567,6.586038453583094e-05
25568,0.00020107479980595945
25571,4.9802890811725866e-05
25573,0.00012734492032281163
25575,0.23528342926558957
25577,0.004839945899236867
25579,0.9993344028907214
25586,0.00020066762545047415
25594,0.001015896848436102
25595,0.9999323359877031
25598,0.9999855490687554
25599,0.0007956311236266933
25605,4.8884553910226695e-05
25608,0.0014297089223900316
25609,0.0003489828322499265
25613,7.423214122859364e-05
25614,0.002767441262719967
25617,0.00015729204791610285
25621,0.9998955953439705
25623,0.00020066762545047415
25624,0.004367320389457687
25635,0.004737212950455442
25636,0.0008303949329747527
25637,0.0003496875210024585
25638,0.0007757089070354445
25640,0.0007956311236266933
25642,0.0061058660378524405
25643,3.059352813200732e-05
25644,6.314552040496485e-05
25646,0.00012734492032281163
25649,0.003073669723003646
25655,0.0003152102071780363
25663,0.999884857577143
25666,0.0003496875210024585
25667,3.5297851792852416e-05
25672,0.005732122805785984
25673,0.00026013380591040494
25676,0.0014297089223900316
25679,3.5297851792852416e-05
25681,0.9999586363911022
25690,0.9999568061872536
25692,0.0006309272348006008
25710,0.23528342926558957
25711,0.0003489828322499265
25713,0.9992684376272701
25720,7.805240904246882e-05
25722,0.9992684286277963
25729,0.0001077557518754141
25731,0.0003496875210024585
25738,0.999906630939681
25740,0.0009669031085228232
25743,4.971716038820627e-05
25748,0.2225729167574657
25750,0.9999805439124154
25753,0.00018286361234585898
25755,0.000315211304386939
25757,0.00018286361234585898
25759,7.048169955266968e-05
25770,0.9999510331817772
25771,4.558790952076361e-05
25772,0.2225729167574657
25776,0.0005255778566517551
25779,0.9999819938281546
25781,0.00014223040098696742
25785,0.9987377517266016
25803,0.0029351709834033748
25808,0.003073669723003646
25812,0.00020107479980595945
25819,3.059352813200732e-05
25824,6.11553776210631e-05
25831,0.9998727175338324
25836,4.5589961691584216e-05
25837,0.00022855875309000183
25858,0.0003496875210024585
25860,0.0007939010076001599
25862,0.007181853776498755
25865,0.9997966769290615
25866,0.0005858852184974999
25870,0.9488613368441116
25871,0.9998724399668965
25887,0.9999119730214132
25889,0.0007335388084518602
25895,8.412269025630678e-05
25896,0.9581548454632551
25906,0.9998727175338324
25914,7.850261865968507e-05
25915,0.00013952109290865525
25920,0.0009373216812578322
25922,0.999828779648926
25924,3.524535332626971e-05
25926,0.0001232424246496812
25927,0.006786333931879534
25938,0.0018688248110641556
25939,6.145752749939242e-05
25943,0.0003489828322499265
25944,0.0003496875210024585
25945,0.9999836411479883
25954,5.1569535303348584e-05
25959,0.0029306866007651525
25968,0.9997354529542934
25969,0.9473785851750359
25970,0.9473785851750359
25971,0.9999568080484527
25972,0.9983974165288646
25975,0.005111430321253707
25977,0.00020107479980595945
25979,0.0007939010076001599
25988,0.00015586490166880965
25990,0.00020066762545047415
25995,0.23528342926558957
25997,0.0007956311236266933
26004,0.9998657423469635
26007,4.939437942899333e-05
26011,0.9999794427737073
26019,4.704675676985309e-05
26020,5.9551719259913306e-05
26021,0.000952746187990989
26024,3.059352813200732e-05
26032,7.048083194376647e-05
26033,0.0003152102071780363
26035,5.28613697475509e-05
26037,6.694065197230985e-05
26039,5.9460473564217507e-05
26042,7.430402392503915e-05
26048,5.807817151692507e-05
26052,0.9992684286277963
26054,0.0008958906966385092
26056,0.00020066762545047415
26059,5.85900884891341e-05
26061,0.9998657423469635
26064,0.999819033084534
26065,0.0008303847188266249
26071,5.8998934010765126e-05
26073,0.9998724399668965
26075,4.596566331885813e-05
26076,0.0009683855312854912
26077,5.379592212530207e-05
26078,0.22294847171758742
26091,0.0008303949329747527
26092,0.001074795257880185
26100,0.0003921010651064518
26104,0.9998977710617711
26107,7.854077226421422e-05
26114,5.9518052967203426e-05
26117,0.0004176887514791801
26119,0.0022694176242175766
26121,0.0003921010651064518
26127,0.9999106770087686
26128,0.0001671650990284317
26131,4.363817105083811e-05
26132,5.255031335435125e-05
26133,0.9994985241732534
26134,0.0003611341422352126
26137,4.596566331885813e-05
26140,0.0001077557518754141
26141,0.9473784115901248
26154,0.9999106770087686
26156,0.0009278858444497353
26157,4.950210296142815e-05
26158,0.00017381270897049746
26160,0.9987038443067012
26162,0.9999568776445106
26165,0.005732122805785984
26173,0.00020066762545047415
26175,6.584865233641874e-05
26177,5.807817151692507e-05
26183,0.0006309272348006008
26189,4.3680429369395224e-05
26200,0.0016232016907456724
26205,0.00012215328705734969
26216,3.012657282093908e-05
26220,4.8884553910226695e-05
26222,4.5589961691584216e-05
26229,0.9473785851750359
26237,5.1730895903729595e-05
26239,0.0020368549550457585
26246,0.9998727175338324
26248,7.584809324692268e-05
26255,4.990348619498389e-05
26259,0.9999106770087686
26261,0.9999568776445106
26263,0.9999378386319983
26276,0.9999812574203041
26277,0.00012037533423601353
26279,0.23528342926558957
26285,0.00018286361234585898
26286,4.990348619498389e-05
26290,0.0008303949329747527
26291,0.077593504906698
26292,0.22294847171758742
26295,0.0003611341422352126
26296,0.0002462428004402518
26300,0.9997553956532382
26301,0.9978056248750833
26307,0.999951564094725
26308,0.9473785851750359
26313,0.999811062399116
26319,0.0014296913470183256
26332,4.6328684081510264e-05
26333,5.2976653991585695e-05
26337,0.0005660000826093352
26339,0.00020066762545047415
26342,0.0001443933841402191
26344,0.9998657423469635
26347,4.9802890811725866e-05
26348,0.005723389742325767
26353,0.9998724399668965
26354,0.0005028658649900774
26357,0.0007956311236266933
26369,0.0007956311236266933
26371,0.22294847171758742
26374,3.064047711007963e-05
26375,0.00029105310622022835
26388,0.2225729167574657
26392,8.86482851627741e-05
26394,6.586038453583094e-05
26409,0.000315211304386939
26415,6.414134335184196e-05
26419,5.631654135492842e-05
26422,4.9765305183604125e-05
26430,0.9998657423469635
26431,0.000952746187990989
26441,7.850261865968507e-05
26445,4.552010735628039e-05
26448,5.3620459245113866e-05
26459,0.9987495364405733
26462,0.00605733709048263
26465,0.0009792553448332516
26466,0.0007335388084518602
26468,0.9990963439708602
26469,4.939437942899333e-05
26470,7.59938127452237e-05
26472,0.2225729167574657
26473,0.9999844124185779
26476,0.0007956311236266933
26477,8.74710387549412e-05
26481,0.0002597353063143384
26482,0.9998727175338324
26483,0.00012196613435931723
26492,0.9999832815707336
26499,0.0003152102071780363
26500,4.363620673341469e-05
26505,0.0009373216812578322
26507,0.2225729167574657
26516,0.9473785851750359
26518,4.971716038820627e-05
26519,0.9992684286277963
26523,0.9998657423469635
26526,0.004246514712537119
26534,0.22294847171758742
26539,0.000952746187990989
26543,6.098563068394302e-05
26545,0.9998783443860909
26551,0.22294847171758742
26553,5.169951288770619e-05
26556,0.0009373216812578322
26559,0.0005255843234949455
26560,0.002222625642549714
26565,4.296767133218797e-05
26568,3.733521486688266e-05
26570,0.9999836411479883
26575,0.00017067732955305904
26576,0.99873581706373
26579,0.22294847171758742
26582,5.249947438058162e-05
26583,0.9974755967558074
26588,0.9998977723201392
26592,9.527975236225929e-05
26594,3.733521486688266e-05
26601,0.002178427096575681
26604,0.9999812574203041
26606,0.9999550062893311
26607,0.0003489828322499265
26610,5.802320831745888e-05
26611,0.00044997041368243873
26616,0.003056399004164884
26621,0.9999104849502187
26623,0.9998727175338324
26627,0.0009683855312854912
26631,0.0017090175743221699
26640,0.0019609987351751927
26642,0.0005028658649900774
26649,4.363620673341469e-05
26655,3.059352813200732e-05
26656,0.9999104849502187
26661,3.012657282093908e-05
26662,0.00018286361234585898
26667,0.0023506052563985243
26669,0.9999550062893311
26676,0.0001232424246496812
26679,0.003056399004164884
26684,0.00037007323637957564
26687,0.9992684286277963
26698,0.00035178234969438865
26703,0.0008303847188266249
26704,0.00020066762545047415
26706,0.077593504906698
26708,3.9005106181215564e-05
26712,6.066433536950979e-05
26718,9.12947452479209e-05
26720,0.9999747977533606
26728,0.0026371346473041085
26730,0.002541394234689496
26731,9.995309139319764e-05
26734,0.9998783443860909
26736,0.00196097464149843
26740,0.9999812976361887
26744,0.00011808080847816313
26746,0.9998724399668965
26753,0.2225729167574657
26759,0.0014297089223900316
26760,0.005723389742325767
26761,5.9460473564217507e-05
26767,0.0001671650990284317
26777,0.00020066762545047415
26778,4.788409402005109e-05
26781,0.0029351709834033748
26789,0.0009683855312854912
26791,0.00011347764082196614
26792,0.00018397463350916496
26794,0.9998727175338324
26796,0.0026371346473041085
26799,0.0003152102071780363
26800,0.000952746187990989
26809,0.9992684286277963
26814,0.002181762929988489
26818,3.5299440766062444e-05
26820,6.118571903715033e-05
26822,0.9999063540576812
26827,5.247215666202429e-05
26829,5.811224857081732e-05
26830,0.0005659931187681221
26833,3.524535332626971e-05
26834,0.0005858852184974999
26835,5.9518052967203426e-05
26838,0.9999063540576812
26844,5.328417313837607e-05
26845,0.00020066762545047415
26846,0.9999741331766765
26848,0.0002918733189469976
26849,0.9999583636905568
26851,0.002312336623816038
26852,8.412372578039572e-05
26858,0.0007335297847933146
26859,0.9998657423469635
26865,0.0006309272348006008
26866,0.0017010896648016567
26869,0.00015276789045530126
26880,0.9999848001105475
26882,5.3168219727365504e-05
26884,0.0003496875210024585
26886,0.0032346263539202343
26887,0.00196097464149843
26888,0.002525498960716512
26890,0.0003294076063234156
26892,0.00044997041368243873
26898,0.00196097464149843
26902,0.0001077557518754141
26907,0.999621553730851
26909,0.001286069590300607
26917,0.9999071939822632
26920,0.004367320389457687
26928,0.9999848001105475
26931,4.36784631498498e-05
26940,0.0009373216812578322
26944,0.9999101859370471
26946,3.303726520385771e-05
26948,0.00019733540215887804
26952,3.248316311800037e-05
26953,0.9999303261561714
26955,0.00196097464149843
26958,0.00020107479980595945
26959,5.1730895903729595e-05
26963,0.9999830343283849
26964,0.00014435762500079443
26965,0.9997120035482449
26970,0.00020066762545047415
26975,3.524535332626971e-05
26979,0.9992684376272701
26981,0.0019609987351751927
26983,9.143177161767588e-05
26984,0.00015632459101073965
26996,0.00044997041368243873
26997,0.9998894441255551
26999,0.9999855490687554
27014,0.0005255778566517551
27023,0.9473784115901248
27027,0.9969788928300801
27030,0.00020066762545047415
27032,0.0007956311236266933
27034,5.255267892605444e-05
27038,0.00012215328705734969
27043,0.9999819938281546
27044,8.336272218685308e-05
27048,0.9998727175338324
27054,3.521125517426669e-05
27061,7.048083194376647e-05
27062,7.654828582184629e-05
27063,0.0008353762052111808
27064,0.0016232016907456724
27068,0.002369870185919107
27069,3.2986643860003994e-05
27072,0.0007335388084518602
27074,3.5297851792852416e-05
27082,0.00196097464149843
27083,0.003056399004164884
27084,0.9998594576388387
27091,0.0001240676927335701
27098,0.00018286361234585898
27099,0.999621553730851
27105,0.9998727175338324
27107,0.0020588466571659614
27109,5.216452309670074e-05
27117,0.2225729167574657
27124,0.07131131107508937
27130,7.632007959199317e-05
27135,0.0011272461986322187
27136,0.9999830343283849
27142,0.0003294076063234156
27149,5.681464706624779e-05
27151,0.9997599458638415
27153,0.2225729167574657
27160,0.0003921010651064518
27166,0.9998400388275899
27168,3.733521486688266e-05
27174,0.0007939010076001599
27175,6.586038453583094e-05
27178,7.423214122859364e-05
27182,0.9999840697940373
27186,0.0003921010651064518
27195,0.9997734344109633
27198,0.0014297089223900316
27200,4.9765305183604125e-05
27202,0.9992684376272701
27211,0.001275979893869128
27213,0.9999525539780105
27214,0.0003921010651064518
27217,0.002369870185919107
27218,0.23528342926558957
27219,0.9473784115901248
27221,0.004992793715275621
27222,0.0032346263539202343
27229,0.00016398085817541613
27232,0.9992684376272701
27234,0.0007939010076001599
27237,0.9999783362129983
27238,5.379592212530207e-05
27240,0.9999287947672695
27249,0.0007956311236266933
27250,4.4366481358653954e-05
27251,5.270837204143093e-05
27252,5.255031335435125e-05
27256,0.00014635048386884577
27258,0.0003921010651064518
27260,0.00020066762545047415
27265,0.0003152102071780363
27267,0.23528342926558957
27268,0.00012196613435931723
27275,4.36784631498498e-05
27278,0.0003152102071780363
27279,0.23528342926558957
27281,0.004745523307857395
27287,0.9473785851750359
27290,4.9802890811725866e-05
27307,0.004839945899236867
27310,6.414134335184196e-05
27318,0.9998657423469635
27322,0.0009373216812578322
27327,3.9063204635608604e-05
27345,0.0018688248110641556
27351,0.9996160362243841
27354,0.00012196613435931723
27356,0.00036420235996857485
27359,0.001275979893869128
27363,6.629840522857202e-05
27365,0.0009373216812578322
27370,0.0003489828322499265
27371,7.139906422789197e-05
27373,0.0007335388084518602
27383,0.9999510331817772
27397,0.9998894427646828
27398,0.999956879502631
27401,0.0003294076063234156
27406,0.9999106770087686
27409,7.430402392503915e-05
27410,0.0014296913470183256
27413,6.11553776210631e-05
27415,0.9995717180850213
27430,0.0003921010651064518
27433,0.00018286361234585898
27434,0.0008303949329747527
27439,0.000952746187990989
27440,0.00044997041368243873
27442,0.0003496875210024585
27445,0.00028154641397680453
27446,0.00020107479980595945
27447,5.255267892605444e-05
27449,0.011684100462575488
27450,0.0003496875210024585
27451,0.005899055748846881
27453,7.599474821296991e-05
27459,0.9998657423469635
27462,0.9999819938281546
27465,0.0009683855312854912
27467,0.0019609987351751927
27468,0.0002509612163143554
27472,0.00026013380591040494
27473,0.00029105310622022835
27476,0.9998594576388387
27477,0.9999771981057078
27482,0.0009373216812578322
27483,3.737136975879578e-05
27484,0.0003489828322499265
27486,5.328417313837607e-05
27490,0.0005659931187681221
27500,0.9998724399668965
27507,0.00020107479980595945
27509,0.9999473133555481
27516,0.00022855875309000183
27521,0.000952746187990989
27524,0.000417693891382247
27525,0.00196097464149843
27528,0.000952746187990989
27532,0.0003489828322499265
27534,3.524535332626971e-05
27535,0.0003489828322499265
27541,0.0013182524325186767
27545,0.0013182524325186767
27546,0.000417693891382247
27548,0.001286069590300607
27551,0.0001077557518754141
27555,0.2225729167574657
27561,0.9992684376272701
27562,0.9998727175338324
27566,0.00029105310622022835
27573,0.000952746187990989
27574,0.9998657423469635
27575,4.990348619498389e-05
27577,0.9998727175338324
27579,0.9998594576388387
27583,0.0005028658649900774
27586,5.960938701671091e-05
27589,0.22294847171758742
27595,0.004153576532544968
27598,4.939437942899333e-05
27599,0.007931274387584885
27603,5.807817151692507e-05
27604,0.9998894427646828
27605,5.472975487151807e-05
27610,0.000952746187990989
27615,0.0009683855312854912
27623,0.00018286361234585898
27630,0.9998727175338324
27633,5.960938701671091e-05
27634,0.004309779002986541
27640,0.999951564094725
27641,0.0003921010651064518
27651,0.2225729167574657
27656,0.00196097464149843
27658,0.9999287947672695
27662,0.0008303847188266249
27664,0.000952746187990989
27669,0.22294847171758742
27673,9.537201456968648e-05
27687,0.0008303847188266249
27694,0.9998894441255551
27701,0.000952746187990989
27704,0.014366894183993954
27707,0.9992684286277963
27708,3.5297851792852416e-05
27711,0.9998727175338324
27713,4.9802890811725866e-05
27716,0.007753700282538206
27717,0.23528342926558957
27719,0.0012542120913104301
27720,4.939437942899333e-05
27722,0.00028283636599312634
27723,0.00026013380591040494
27726,0.0011272461986322187
27728,0.0032346263539202343
27729,0.0006309272348006008
27732,0.00020066762545047415
27744,4.568712495050335e-05
27748,6.617728193095167e-05
27750,0.0005660000826093352
27760,0.999708282888662
27761,5.807817151692507e-05
27763,0.0003300301995967342
27769,0.00028283636599312634
27786,0.0003496875210024585
27793,0.9998727175338324
27794,0.0006309272348006008
27799,0.0003336060876938954
27803,0.00028283636599312634
27806,0.00012196613435931723
27816,0.9999519975416081
27817,5.9460473564217507e-05
27823,0.0003152102071780363
27825,0.9999104849502187
27826,0.0007335388084518602
27828,0.9999157906866493
27832,0.9473784115901248
27834,0.00020107479980595945
27846,0.00018286361234585898
27848,5.255031335435125e-05
27849,0.998799240631583
27852,0.00037007323637957564
27853,0.9998657423469635
27854,0.00196097464149843
27857,0.9473785851750359
27862,3.5297851792852416e-05
27865,0.00605733709048263
27871,0.0008303949329747527
27875,0.002181762929988489
27878,0.00020066762545047415
27879,0.0007956311236266933
27881,0.9998727175338324
27882,4.361350075037471e-05
27888,8.98832284089943e-05
27890,5.681464706624779e-05
27894,5.9551719259913306e-05
27898,0.23528342926558957
27902,4.363620673341469e-05
27905,5.9518052967203426e-05
27909,5.28613697475509e-05
27910,0.000952746187990989
27916,0.0002597353063143384
27917,0.0007197607066964709
27920,0.9998657423469635
27921,0.005899127942088734
27922,0.0020368549550457585
27923,0.006092414671259864
27932,0.999828779648926
27933,7.430402392503915e-05
27935,0.996695037393001
27937,0.0061058660378524405
27943,0.00020066762545047415
27951,0.0003300301995967342
27954,0.00196097464149843
27957,0.00011794298359327118
27959,6.228322541902321e-05
27960,4.930208342516405e-05
27969,3.5299440766062444e-05
27977,0.9999830343283849
27991,4.8884553910226695e-05
27993,0.9999840697940373
28002,0.9473784115901248
28005,0.000952746187990989
28011,0.0009106983817529727
28022,8.825040237274523e-05
28024,0.0014297089223900316
28028,0.0003025039257935313
28029,3.248316311800037e-05
28034,0.9999536480665743
28035,0.0008303847188266249
28037,0.0007335297847933146
28039,0.0012444919227764014
28045,0.0012444766214345147
28058,0.9992684286277963
28059,0.000952746187990989
28062,9.454933206012192e-05
28063,0.0001446804843587041
28064,0.9998657423469635
28065,4.947755505274092e-05
28068,5.811224857081732e-05
28069,3.524535332626971e-05
28074,4.9802890811725866e-05
28078,0.009012005787607585
28081,0.00020066762545047415
28083,0.9581531176814573
28085,4.8884553910226695e-05
28092,0.0003611341422352126
28096,0.9999510331817772
28110,5.28613697475509e-05
28115,5.247215666202429e-05
28121,0.9998287870257786
28128,0.9999830343283849
28132,0.0013802279596660423
28136,4.552010735628039e-05
28138,0.9998570543496462
28139,4.361350075037471e-05
28140,0.0007939010076001599
28141,0.0008303949329747527
28146,9.12947452479209e-05
28150,0.0003294076063234156
28153,0.9999855490687554
28156,0.0003921010651064518
28159,0.00014223040098696742
28160,0.07131131107508937
28164,0.9998951291087158
28165,0.0002597353063143384
28169,4.361350075037471e-05
28174,0.9998724399668965
28181,0.2225729167574657
28188,5.9518052967203426e-05
28190,5.169951288770619e-05
28194,0.00618595648019875
28196,4.936988493736761e-05
28200,0.0017090175743221699
28205,4.990348619498389e-05
28208,4.9802890811725866e-05
28210,0.00015586490166880965
28212,7.028735042040962e-05
28215,9.537201456968648e-05
28217,0.23528342926558957
28218,5.9460473564217507e-05
28219,4.198155606916126e-05
28223,0.9999525539780105
28225,0.9998724399668965
28226,0.0003025039257935313
28235,5.379592212530207e-05
28242,0.0007956311236266933
28246,0.9999151191957167
28248,6.925365782098223e-05
28249,5.270837204143093e-05
28250,0.9999064394939688
28256,0.000952746187990989
28260,0.004253003917995008
28266,0.22294847171758742
28269,0.9999783362129983
28270,0.9999767691864934
28273,0.9488613368441116
28276,0.00014223040098696742
28277,0.9999568776445106
28278,0.9999125043436331
28279,0.0006304375112297416
28280,0.0008303847188266249
28292,0.9995871489224863
28293,5.173025909973979e-05
28296,0.999951564094725
28301,0.999906630939681
28310,5.681464706624779e-05
28316,0.0009278858444497353
28321,0.004253003917995008
28322,0.0029306866007651525
28323,9.263614651720792e-05
28326,0.0009373216812578322
28331,4.939437942899333e-05
28337,0.000315211304386939
28338,0.9998657423469635
28344,0.00196097464149843
28348,0.0009792553448332516
28351,0.002759229903327865
28352,0.9998657423469635
28361,0.00028283636599312634
28362,0.0007956311236266933
28365,0.9999379658320403
28371,5.807817151692507e-05
28380,0.002061999755018048
28384,7.139906422789197e-05
28388,0.9998657423469635
28393,0.000315211304386939
28394,5.1759073029111035e-05
28396,3.012657282093908e-05
28397,4.357130717860938e-05
28402,0.9488613368441116
28407,8.86482851627741e-05
28413,0.00011856229737427553
28420,0.2225729167574657
28421,0.0003025039257935313
28422,0.9999819938281546
28423,0.9999210094281771
28426,8.412269025630678e-05
28430,0.0003921010651064518
28444,9.12947452479209e-05
28446,5.247215666202429e-05
28449,0.9998719573881523
28451,0.002222625642549714
28457,0.00020066762545047415
28459,0.0003152102071780363
28460,3.303726520385771e-05
28461,0.9999836411479883
28462,0.999947394083066
28466,0.0017010687590371112
28469,5.3168219727365504e-05
28470,0.22294847171758742
28472,0.9999848001105475
28475,0.002767441262719967
28482,0.2225729167574657
28483,0.0006304375112297416
28488,0.0007382912243374749
28490,0.000952746187990989
28492,7.850261865968507e-05
28493,8.399414528942796e-05
28498,0.0003611341422352126
28500,0.0018088221646381769
28503,0.000952746187990989
28505,0.000952746187990989
28506,4.596566331885813e-05
28508,0.9998594636941474
28509,4.77798913342049e-05
28513,0.22294847171758742
28516,0.001804892823843484
28518,0.00020107479980595945
28532,0.23528342926558957
28543,0.9998727175338324
28547,5.270837204143093e-05
28550,0.00029105310622022835
28551,0.9978657011748204
28562,0.0009351305293869733
28565,0.0002918733189469976
28571,0.9999536480665743
28576,0.00020066762545047415
28578,0.00018286361234585898
28579,0.0003496875210024585
28585,0.00018286361234585898
28589,0.9992684376272701
28597,0.9999741331766765
28599,0.9999632362781291
28609,0.00020107479980595945
28614,0.000315211304386939
28637,5.807817151692507e-05
28639,0.9978689645923923
28644,0.0006304375112297416
28650,0.9999499568979832
28653,0.9999830343283849
28656,0.0003496875210024585
28658,0.2225729167574657
28661,0.0007335297847933146
28665,0.007181853776498755
28666,0.00037863557327688435
28667,6.414134335184196e-05
28670,0.0014297089223900316
28672,0.0006304375112297416
28674,0.9999836293320881
28681,0.0007383003065265133
28695,0.0019609987351751927
28696,0.9992684286277963
28707,6.586038453583094e-05
28713,5.9551719259913306e-05
28719,4.3633652185942235e-05
28726,0.0020368299312688016
28731,5.937970874871105e-05
28735,0.00018286361234585898
28738,8.74710387549412e-05
28747,0.0014297089223900316
28749,0.9992684286277963
28750,0.0014334966958850566
28751,0.0007939010076001599
28752,9.995309139319764e-05
28759,0.9995895663719452
28761,0.2225729167574657
28763,6.915848633880243e-05
28767,0.9999568061872536
28770,0.0007586695454938954
28771,0.0013182524325186767
28775,0.9999812976361887
28776,0.2225729167574657
28778,0.0014296913470183256
28784,0.010243203929753652
28785,0.9998657423469635
28789,5.177651879533547e-05
28791,0.0028333853607670828
28792,0.2225729167574657
28794,0.23528342926558957
28799,5.2368456446649856e-05
28806,5.807817151692507e-05
28813,0.0007956311236266933
28819,0.000952746187990989
28822,0.22294847171758742
28825,0.0007939010076001599
28832,7.430402392503915e-05
28833,0.0003921010651064518
28836,0.00032936511113992276
28837,0.00018286361234585898
28842,0.0002597353063143384
28844,0.0001077557518754141
28846,4.950210296142815e-05
28850,5.328417313837607e-05
28857,0.0007939010076001599
28860,0.9998594576388387
28868,0.00028283636599312634
28875,0.007811632353563862
28876,0.004367320389457687
28878,0.9999830343283849
28879,0.0001446804843587041
28880,0.00020066762545047415
28881,0.0001443933841402191
28889,0.9999410645749532
28890,0.23528342926558957
28892,4.357130717860938e-05
28893,0.9999525539780105
28898,0.010243079121700452
28900,0.00012215328705734969
28901,8.412269025630678e-05
28905,0.00018286361234585898
28908,4.3474152606512995e-05
28909,0.005723389742325767
28910,0.0019609987351751927
28912,0.0026206358642014023
28919,0.9987495364405733
28920,0.0003921010651064518
28923,0.0009683855312854912
28924,0.9473784115901248
28932,0.9987038443067012
28939,0.9999119730214132
28947,0.23528342926558957
28951,0.000315211304386939
28952,0.0007383003065265133
28954,3.684094510962778e-05
28958,6.118571903715033e-05
28960,0.0003921010651064518
28964,0.0007335388084518602
28976,0.00018286361234585898
28979,0.0007756993650223504
28994,0.0009792553448332516
29000,0.9998657423469635
29005,0.9998727175338324
29007,0.00044997041368243873
29010,0.0002597353063143384
29011,0.23528342926558957
29013,0.004745523307857395
29016,4.5589961691584216e-05
29018,0.23528342926558957
29029,3.248316311800037e-05
29030,7.048083194376647e-05
29033,0.0003025039257935313
29035,3.059352813200732e-05
29038,0.002033954278745163
29049,0.0007939010076001599
29055,0.002222625642549714
29057,0.0007197607066964709
29064,0.00015923235599684554
29065,5.241528681921449e-05
29071,0.00028283636599312634
29074,0.00018286361234585898
29076,0.002759229903327865
29084,0.0007382912243374749
29086,0.000952746187990989
29092,5.681464706624779e-05
29098,0.9998835253501641
29101,4.5589961691584216e-05
29105,0.9999648477017928
29110,6.118571903715033e-05
29120,0.9993344028907214
29132,4.8365841086496134e-05
29134,4.36784631498498e-05
29141,0.22294847171758742
29147,0.00018286361234585898
29148,0.9999323359877031
29159,0.9999303261561714
29161,3.0097426689155756e-05
29165,0.00018286361234585898
29177,0.9998657423469635
29182,0.0003921010651064518
29184,4.959116072929575e-05
29190,0.00036420235996857485
29194,0.9999064394939688
29202,5.9460473564217507e-05
29206,5.255031335435125e-05
29207,0.009884706957685922
29210,0.0003921010651064518
29211,5.4455223648269276e-05
29213,0.00012196613435931723
29219,0.0007939010076001599
29221,0.9999830343283849
29228,0.000630934997070971
29236,5.807817151692507e-05
29239,0.00020107479980595945
29243,4.607798844367227e-05
29248,5.9306388737784195e-05
29250,0.0006309272348006008
29251,0.9999746796172315
29253,0.0002098415947567484
29255,0.0003489828322499265
29263,4.552010735628039e-05
29266,0.00012215328705734969
29269,0.0001493900410580033
29273,0.00037007323637957564
29276,0.005151909456057631
29281,0.00026013380591040494
29284,0.0007956311236266933
29285,0.001804892823843484
29298,0.9473784115901248
29302,0.9999830343283849
29304,0.9998657423469635
29305,0.0019609987351751927
29308,0.9999334354453012
29313,0.22294847171758742
29319,0.00020066762545047415
29322,0.003333793701693888
29325,6.586038453583094e-05
29329,0.00020107479980595945
29335,4.939437942899333e-05
29336,0.0020368549550457585
29342,7.805144824764233e-05
29352,0.0002918733189469976
29358,3.064047711007963e-05
29359,5.9518052967203426e-05
29370,0.9998885329924632
29373,0.0003152102071780363
29375,3.248316311800037e-05
29382,0.999924047825515
29383,0.9998657423469635
29385,0.00018286361234585898
29387,0.23528342926558957
29390,0.00044997041368243873
29392,5.374035516115738e-05
29401,5.681464706624779e-05
29411,0.9998727175338324
29412,0.9999064394939688
29416,0.000952746187990989
29419,0.00020066762545047415
29422,0.0003496875210024585
29426,0.00020107479980595945
29428,4.363817105083811e-05
29430,0.9999568080484527
29431,0.9999063540576812
29446,7.048083194376647e-05
29451,0.9999303261561714
29455,0.0008303949329747527
29461,0.0017010687590371112
29464,0.0051921582120633275
29473,3.524535332626971e-05
29474,0.9997120035482449
29476,0.004745523307857395
29477,0.003087649530949634
29478,0.000417693891382247
29490,0.9999082119189581
29506,6.586038453583094e-05
29511,0.9999848001105475
29513,0.999906630939681
29521,0.0003294076063234156
29526,7.430402392503915e-05
29534,0.9999192732797669
29537,0.0008958906966385092
29539,0.000315211304386939
29540,0.9997599458638415
29542,0.9995895663719452
29544,0.9999519975416081
29545,0.9992684286277963
29547,0.00028154641397680453
29555,0.001275979893869128
29560,0.23528342926558957
29561,4.9765305183604125e-05
29568,0.23528342926558957
29575,0.00026013380591040494
29581,0.9999210094281771
29583,0.0003294076063234156
29584,4.9802890811725866e-05
29585,0.004992793715275621
29589,5.681464706624779e-05
29594,0.00012215328705734969
29595,0.999708282888662
29598,0.9473784115901248
29599,0.00044997041368243873
29603,3.012657282093908e-05
29604,0.00015275305899727323
29608,0.0007956311236266933
29614,0.9998727175338324
29615,0.9993344028907214
29618,0.0003489828322499265
29622,0.0001077557518754141
29629,0.9999519975416081
29631,3.5297851792852416e-05
29632,0.9999769960724959
29660,0.9998657423469635
29666,0.002755013582434655
29679,0.00196097464149843
29680,0.00020066762545047415
29682,0.0011282364153317142
29683,0.0031117045531496054
29684,0.9998287870257786
29689,0.00037007323637957564
29707,0.9995895663719452
29716,0.9990963439708602
29720,0.0009792553448332516
29734,7.805240904246882e-05
29738,0.0009373216812578322
29741,0.0003921010651064518
29742,4.586563522306168e-05
29744,4.990348619498389e-05
29757,4.954318439933166e-05
29758,0.9999819938281546
29765,0.0003489828322499265
29767,0.00015275305899727323
29769,0.0007939010076001599
29781,0.0007939010076001599
29785,0.0003489828322499265
29787,4.9765305183604125e-05
29791,0.0019609987351751927
29805,3.7390826096239374e-05
29808,0.0003921010651064518
29812,0.0007417444808486156
29813,0.00016398085817541613
29815,0.9999844124185779
29816,7.238920682367822e-05
29817,8.436823096270445e-05
29818,0.9999836293320881
29819,0.0003496875210024585
29826,0.9999458560149769
29827,4.9802890811725866e-05
29829,0.00037007323637957564
29830,0.0003921010651064518
29833,0.00015923235599684554
29836,0.9994985241732534
29837,0.0014297089223900316
29845,0.9999830343283849
29853,0.9999192732797669
29855,0.9998287870257786
29859,0.000952746187990989
29860,0.00018286361234585898
29861,3.684094510962778e-05
29865,0.00014223040098696742
29869,6.586038453583094e-05
29873,0.000952746187990989
29874,5.807817151692507e-05
29876,0.9998724399668965
29877,7.423214122859364e-05
29878,5.3198627190438685e-05
29880,4.3591439119663445e-05
29885,0.9998657423469635
29890,7.423214122859364e-05
29893,0.9998746234326046
29894,0.0003921010651064518
29896,0.00029105310622022835
29898,0.0009683855312854912
29902,3.7292460896564154e-05
29903,0.9998657423469635
29904,0.00044997041368243873
29905,0.00020107479980595945
29909,0.000315211304386939
29911,9.995309139319764e-05
29912,0.0008303949329747527
29921,0.00018286361234585898
29922,3.303726520385771e-05
29923,0.00018286361234585898
29926,0.0020588466571659614
29931,6.288120982706638e-05
29932,0.07626933620976893
29933,0.0020368549550457585
29935,5.960938701671091e-05
29936,0.00037007323637957564
29939,0.00010208281340053267
29941,0.22294847171758742
29956,5.9518052967203426e-05
29957,0.0009792553448332516
29958,0.9999378386319983
29960,0.00026611489735811167
29967,0.0007956311236266933
29971,0.0007197607066964709
29982,0.23528342926558957
29983,0.9983838773723919
29984,0.002075760536193004
29985,0.00020066762545047415
29987,0.002369870185919107
29989,0.9999499568979832
29990,0.0009792553448332516
29991,5.901076580935242e-05
29995,0.9999473133555481
29997,6.669610210327244e-05
30003,4.363620673341469e-05
30008,0.00014223040098696742
30014,0.999906630939681
30020,0.9999063500225552
30024,0.0003294076063234156
30029,0.0003025039257935313
30032,0.0029306866007651525
30042,0.9999064394939688
30047,0.0009683855312854912
30052,4.947755505274092e-05
30057,0.9999410645749532
30065,0.0020368299312688016
30072,0.0009683855312854912
30074,0.0007383003065265133
30075,0.0007383003065265133
30077,0.000952746187990989
30081,0.9998727175338324
30082,0.23528342926558957
30084,0.9999848001105475
30088,0.9999323359877031
30105,0.22294847171758742
30110,0.9978056518298187
30111,0.00020066762545047415
30113,0.00011347764082196614
30117,0.9978657011748204
30124,0.002369870185919107
30136,0.0017010896648016567
30144,0.0004532118089115947
30149,7.32377506281823e-05
30156,0.999906630939681
30157,5.973374035699646e-05
30158,0.0013182524325186767
30161,0.0009373216812578322
30164,0.0762702035280661
30165,0.0003921010651064518
30171,0.0008303847188266249
30174,0.9998727175338324
30176,0.9999526426022866
30180,0.0026371346473041085
30181,9.499264710992848e-05
30190,0.0012712279988481728
30198,0.9992684376272701
30202,0.0014296913470183256
30220,0.9473785851750359
30223,0.0017090385776086848
30225,5.28613697475509e-05
30230,0.00011254421380958478
30231,6.11553776210631e-05
30235,0.9999058160516413
30237,0.00026013380591040494
30238,0.9999379658320403
30241,0.0003921010651064518
30242,0.0003921010651064518
30245,3.6842603544390786e-05
30248,3.737136975879578e-05
30253,4.007612222051802e-05
30259,0.9473784115901248
30262,0.999956879502631
30264,0.9990066895409897
30265,3.012657282093908e-05
30267,0.0003921010651064518
30268,0.0007939010076001599
30270,6.890809554310564e-05
30274,0.000315211304386939
30275,0.9998727175338324
30276,0.00020107479980595945
30277,0.9998657423469635
30283,0.00011808080847816313
30291,0.0003489828322499265
30295,0.0020588466571659614
30298,9.499264710992848e-05
30310,0.9998594636941474
30311,0.9998724399668965
30320,5.807817151692507e-05
30323,0.0001815510930515491
30324,0.9999119730214132
30328,9.499264710992848e-05
30334,0.00012734492032281163
30337,0.000952746187990989
30339,3.526370285294696e-05
30341,6.932071993706728e-05
30346,0.00018286361234585898
30347,5.9643622946078996e-05
30350,0.0003496875210024585
30355,0.9999771380076427
30360,0.0016232016907456724
30366,0.9999106770087686
30367,0.000315211304386939
30370,0.0003489828322499265
30372,0.00018286361234585898
30373,0.00020107479980595945
30374,0.9999771380076427
30378,0.00012196613435931723
30380,0.999947394083066
30388,0.011684100462575488
30397,3.524535332626971e-05
30398,5.034163911507626e-05
30410,6.118571903715033e-05
30412,0.9999119730214132
30418,4.36784631498498e-05
30422,4.9802890811725866e-05
30424,0.9998727175338324
30432,0.0014297089223900316
30439,0.2225729167574657
30440,0.00012734492032281163
30449,0.002682766521279212
30451,0.00196097464149843
30452,0.9998933232361251
30455,0.00196097464149843
30459,0.0007383003065265133
30460,0.9999151191957167
30479,4.788409402005109e-05
30483,0.9999323359877031
30484,0.999951564094725
30489,0.9998657423469635
30493,0.0014296913470183256
30500,0.00911071577163505
30503,4.245241044072606e-05
30516,0.0003294076063234156
30520,4.9802890811725866e-05
30522,0.000952746187990989
30526,0.00020107479980595945
30527,4.363817105083811e-05
30528,0.000895901715820509
30537,0.9488613368441116
30545,0.9997966769290615
30549,0.9473784115901248
30551,0.0003489828322499265
30555,0.0007383003065265133
30558,0.9998977710617711
30560,0.0009683855312854912
30562,0.004227015467084751
30570,0.014078245481704601
30577,0.2225729167574657
30580,0.00018286361234585898
30582,0.9999323359877031
30583,7.430402392503915e-05
30584,0.000315211304386939
30588,5.270837204143093e-05
30594,5.270837204143093e-05
30602,0.0006304452674788647
30603,0.9992684376272701
30610,8.412372578039572e-05
30612,0.9998748739526668
30616,0.9999586363911022
30622,0.000736969852579889
30623,0.999159160879989
30624,0.00080371874235043
30629,0.000648943071412129
30630,0.9999119730214132
30637,0.0017090175743221699
30643,0.0013162351325675177
30657,0.9488613368441116
30658,0.9998657423469635
30665,6.118571903715033e-05
30668,6.584865233641874e-05
30671,5.9460473564217507e-05
30674,6.586038453583094e-05
30675,0.9999840697940373
30676,0.0007956311236266933
30682,0.00026013380591040494
30695,0.0017090175743221699
30696,0.9999568061872536
30697,0.0009278858444497353
30699,0.9993134657147776
30701,0.0003489828322499265
30705,0.0007956311236266933
30710,0.9999510331817772
30711,5.807817151692507e-05
30718,0.9998400388275899
30725,5.85900884891341e-05
30726,0.9998727175338324
30727,0.00020107479980595945
30729,6.440614235541515e-05
30731,0.9999410645749532
30735,0.9994985241732534
30738,0.0007939010076001599
30740,7.048083194376647e-05
30743,0.0008303847188266249
30744,0.0017090385776086848
30749,3.524535332626971e-05
30755,9.143177161767588e-05
30759,0.22294847171758742
30760,0.0007939010076001599
30762,8.436823096270445e-05
30765,0.00018286361234585898
30766,6.575594970846687e-05
30774,5.696450173003968e-05
30786,0.00196097464149843
30787,0.9992684286277963
30795,4.990348619498389e-05
30796,3.056393025534321e-05
30797,0.22294847171758742
30798,0.9473785851750359
30802,0.0007417444808486156
30806,0.23528342926558957
30812,0.00037007323637957564
30819,0.0007335297847933146
30821,0.23528342926558957
30825,0.0007956311236266933
30831,0.23528342926558957
30832,4.361350075037471e-05
30833,0.00018286361234585898
30837,0.00026013380591040494
30839,0.9999510331817772
30840,5.2976653991585695e-05
30842,0.0017010896648016567
30843,0.0005660000826093352
30844,0.00196097464149843
30858,0.002178427096575681
30862,0.9998287870257786
30866,5.177651879533547e-05
30870,3.737136975879578e-05
30871,0.9999568061872536
30875,0.00044997041368243873
30876,0.22294847171758742
30885,0.00011808080847816313
30889,0.0009373216812578322
30890,0.00014223040098696742
30896,0.00020066762545047415
30899,0.0007939010076001599
30900,0.0002597353063143384
30906,0.0017090385776086848
30907,4.8884553910226695e-05
30912,0.0007939010076001599
30913,5.328417313837607e-05
30914,0.0001077557518754141
30921,0.0018088221646381769
30926,6.118571903715033e-05
30928,0.00018286361234585898
30929,0.011197169747356423
30931,0.0003921010651064518
30934,8.820664102152867e-05
30940,5.374035516115738e-05
30943,5.172642837821202e-05
30948,0.9997054738058267
30949,4.6146621533253116e-05
30951,0.9999844124185779
30965,0.22294847171758742
30968,0.00020066762545047415
30978,0.22294847171758742
30980,0.016298087347089953
30983,0.000125637237433466
30986,0.00026013380591040494
30987,0.0004176887514791801
30989,0.00012470484299638508
30990,0.00012406616557876187
30991,0.00011807935500747968
30995,0.9987495518152459
30997,6.663157892067235e-05
30999,0.0007603887156336702
31002,0.02202204439970071
31005,0.9999063500225552
31007,0.9999525539780105
31008,0.007811917747650524
31014,0.9473784115901248
31017,0.00015753339843251656
31027,4.936988493736761e-05
31029,0.9999836293320881
31030,0.9999525539780105
31031,5.3658013213535084e-05
31036,4.939437942899333e-05
31042,0.0018088221646381769
31046,0.00605733709048263
31048,0.00030740222947100635
31051,0.00196097464149843
31052,0.0009792553448332516
31053,4.451113670477447e-05
31056,0.9473785851750359
31060,0.0007335388084518602
31062,0.9999836411479883
31064,0.23528342926558957
31070,0.00011731735974361013
31073,0.9977780516535503
31077,6.118571903715033e-05
31081,5.681464706624779e-05
31085,0.9999410645749532
31093,0.0009373216812578322
31094,0.0020368299312688016
31096,0.00196097464149843
31097,0.00018286361234585898
31102,0.9996885102937777
31103,3.248316311800037e-05
31107,5.2165165246239245e-05
31109,0.0012439201977550009
31110,0.002755013582434655
31120,0.0003496875210024585
31126,0.0009683855312854912
31136,0.0003152102071780363
31138,0.00020066762545047415
31139,0.9473784115901248
31143,4.984167379817237e-05
31145,0.9999840697940373
31153,0.0019609987351751927
31158,0.0019609987351751927
31162,0.0014296913470183256
31165,0.9999106770087686
31166,0.9998719573881523
31174,0.0003152102071780363
31177,8.825040237274523e-05
31179,0.0020368549550457585
31180,7.63939839891538e-05
31181,0.0007382912243374749
31183,0.00196097464149843
31184,0.00012215328705734969
31187,0.0002918733189469976
31193,5.2421393295752985e-05
31197,4.296767133218797e-05
31202,3.684094510962778e-05
31205,0.9997733950535433
31208,0.004253003917995008
31214,7.048083194376647e-05
31217,5.1569535303348584e-05
31224,8.917081383032545e-05
31229,0.0002923211119583854
31242,0.00020107479980595945
31246,0.9998400388275899
31249,3.059352813200732e-05
31256,0.9473785851750359
31261,0.9999525539780105
31266,0.0003294076063234156
31267,0.0007956311236266933
31269,0.9999536480665743
31278,0.003087649530949634
31281,0.3115322474924647
31282,4.990348619498389e-05
31289,0.00037007323637957564
31290,4.8884553910226695e-05
31291,0.9993739177572012
31293,0.9999378386319983
31297,0.0007956311236266933
31299,0.0032405075980284663
31300,0.9999410645749532
31303,0.9999063540576812
31304,0.001275979893869128
31312,5.3198627190438685e-05
31316,4.353890745567721e-05
31317,0.00014223040098696742
31318,0.0014297089223900316
31323,5.807817151692507e-05
31324,0.9999836411479883
31326,5.3198627190438685e-05
31335,0.0009669031085228232
31339,0.0006304452674788647
31342,5.4929935731589505e-05
31350,5.247215666202429e-05
31351,3.248316311800037e-05
31352,0.002312336623816038
31356,6.586038453583094e-05
31358,0.0008303847188266249
31365,7.430402392503915e-05
31368,0.9998727175338324
31374,0.9987377517266016
31376,0.9990565363791533
31377,0.0001077557518754141
31378,0.0007335388084518602
31379,5.3168219727365504e-05
31380,0.0019609987351751927
31383,0.9999287947672695
31389,0.9980523359461434
31390,0.0002509612163143554
31399,6.669610210327244e-05
31401,0.00011807935500747968
31404,5.255031335435125e-05
31407,0.22294847171758742
31410,4.830461971156742e-05
31411,0.0009373216812578322
31421,0.00018286361234585898
31423,7.805240904246882e-05
31425,0.001015896848436102
31426,0.9488613368441116
31433,5.4729081153788385e-05
31436,0.0007939010076001599
31438,0.000952746187990989
31440,0.00012215328705734969
31442,4.830461971156742e-05
31443,0.9993344028907214
31445,4.9802890811725866e-05
31449,0.00012215328705734969
31463,0.0007956311236266933
31469,0.22294847171758742
31470,0.23528342926558957
31473,6.586038453583094e-05
31474,0.000315211304386939
31486,0.000417693891382247
31490,0.011355693518888666
31498,5.2165165246239245e-05
31502,0.00012196613435931723
31507,0.0035882903502960934
31508,4.990348619498389e-05
31511,0.964271914770662
31532,0.999924047825515
31539,0.002541394234689496
31540,0.9998724399668965
31545,0.0030410406056064804
31546,0.00011731880383578854
31547,0.00018286361234585898
31548,0.9473784115901248
31557,0.9999648492164995
31565,0.00018754704804776595
31567,0.00020066762545047415
31570,0.23528342926558957
31572,7.430402392503915e-05
31578,6.118571903715033e-05
31588,0.9999106770087686
31607,5.374035516115738e-05
31608,0.9999106770087686
31609,0.00020066762545047415
31611,0.9999832815707336
31614,0.9992684286277963
31618,0.00016398085817541613
31619,0.00022067729558604302
31620,9.979383743495139e-05
31624,0.0018688248110641556
31625,0.005547462321522952
31628,0.0003152102071780363
31632,0.00196097464149843
31638,0.002525498960716512
31639,0.9473784115901248
31640,0.9473785851750359
31645,0.9995895663719452
31659,0.000417693891382247
31666,0.0017090385776086848
31678,0.000952746187990989
31681,0.00018286361234585898
31684,0.999900690546973
31686,0.9987495364405733
31688,0.999621553730851
31692,0.9996885102937777
31696,0.00019733540215887804
31698,0.23528342926558957
31699,0.00012215328705734969
31700,0.00012196613435931723
31702,0.001804892823843484
31707,0.00018286361234585898
31708,0.9998594636941474
31710,0.0013162351325675177
31713,0.0003496875210024585
31718,0.00015923235599684554
31719,0.004839945899236867
31720,0.0009104718353442865
31723,0.0009669031085228232
31724,5.960938701671091e-05
31734,0.00028283636599312634
31741,4.936988493736761e-05
31749,4.198155606916126e-05
31751,0.00029105310622022835
31754,4.984167379817237e-05
31755,0.0005659931187681221
31757,3.5299440766062444e-05
31771,6.584865233641874e-05
31772,0.000952746187990989
31778,0.0007956311236266933
31779,0.9983974165288646
31783,0.00011825041713323572
31789,0.9999379658320403
31792,0.003056399004164884
31795,0.002369870185919107
31796,0.00020107479980595945
31803,3.012657282093908e-05
31814,0.9998894441255551
31819,0.004367320389457687
31821,0.00037007323637957564
31823,0.9989884032023679
31824,4.8884553910226695e-05
31825,4.6165171911714914e-05
31826,6.586038453583094e-05
31829,0.0003025039257935313
31835,4.1940941244475646e-05
31836,6.118571903715033e-05
31837,0.9998727175338324
31838,0.0001077557518754141
31840,0.9999812976361887
31841,0.0003496875210024585
31844,0.0009683855312854912
31846,0.0007956311236266933
31850,0.23528342926558957
31857,6.586038453583094e-05
31866,7.59938127452237e-05
31867,0.9999379658320403
31868,9.979994851932418e-05
31876,0.0019609987351751927
31878,7.423214122859364e-05
31883,0.9993344028907214
31886,0.000895901715820509
31890,0.00020107479980595945
31893,0.999956879502631
31895,0.9999119730214132
31898,0.000952746187990989
31905,6.952707990364242e-05
31913,0.9488613368441116
31919,5.2501837663869845e-05
31921,7.243784440618535e-05
31922,5.807817151692507e-05
31923,0.00020066762545047415
31925,0.00014223040098696742
31931,0.00020066762545047415
31932,0.002369870185919107
31933,0.9999855490687554
31940,0.07131131107508937
31948,0.0009373216812578322
31953,0.0020588466571659614
31954,0.005109548757822856
31957,0.002075760536193004
31959,0.0003489828322499265
31960,7.243784440618535e-05
31961,0.0003489828322499265
31962,0.005547462321522952
31963,0.0003921010651064518
31966,0.0003152102071780363
31975,0.0006309272348006008
31980,0.9998724399668965
31983,0.0010179779370654157
31987,0.9581548454632551
31989,0.9999568061872536
31995,3.012657282093908e-05
32002,0.0003489828322499265
32003,0.00012734492032281163
32005,3.012657282093908e-05
32007,0.0014892689250884834
32015,0.9999840697940373
32016,4.9765305183604125e-05
32021,7.584809324692268e-05
32035,0.0003025039257935313
32037,9.274589945510172e-05
32044,3.524535332626971e-05
32050,0.0018088221646381769
32051,0.00020066762545047415
32054,0.0004176887514791801
32057,0.9992684286277963
32060,5.3168219727365504e-05
32061,0.9998724399668965
32062,0.07131131107508937
32066,0.0014297089223900316
32071,0.9995762671864633
32073,0.000315211304386939
32076,4.3680429369395224e-05
32084,0.0002918733189469976
32086,5.3198627190438685e-05
32090,0.22294847171758742
32091,0.00020107479980595945
32096,0.9993344028907214
32097,0.00020066762545047415
32099,0.9473784115901248
32103,0.9998657423469635
32107,3.012657282093908e-05
32109,0.0005660000826093352
32112,9.12947452479209e-05
32115,0.004253003917995008
32116,0.9998972377952217
32117,5.9551719259913306e-05
32120,0.9999812574203041
32127,0.0007956311236266933
32130,0.0024428864496677484
32131,0.0003496875210024585
32136,4.950210296142815e-05
32142,0.00018286361234585898
32148,0.0003921010651064518
32152,0.9998727175338324
32154,4.614869885371506e-05
32159,0.00961084601137933
32166,0.000315211304386939
32172,0.0018688248110641556
32173,0.0004176887514791801
32176,5.973374035699646e-05
32179,0.9999568061872536
32189,0.9488613368441116
32190,0.0003489828322499265
32194,0.9995206937947904
32200,6.586038453583094e-05
32201,9.979994851932418e-05
32205,4.959116072929575e-05
32210,0.00025693871330990025
32216,6.20843930916153e-05
32224,9.7028408396325e-05
32226,4.990348619498389e-05
32227,7.430402392503915e-05
32232,0.9473784115901248
32236,0.0003496875210024585
32239,0.0003489828322499265
32240,0.0009339076959921525
32252,0.000952746187990989
32257,0.000315211304386939
32259,0.003087649530949634
32280,9.989047032803534e-05
32284,0.23528342926558957
32286,4.990348619498389e-05
32291,0.0020368549550457585
32292,0.9990963439708602
32295,0.9999525539780105
32298,0.00018286361234585898
32310,0.0007146805230800242
32314,0.00018286361234585898
32315,0.0009669031085228232
32316,0.9999157906866493
32326,0.9998724399668965
32330,0.00029105310622022835
32333,0.011683958305208901
32335,0.001804892823843484
32344,0.9581531176814573
32345,0.9990113728351213
32348,0.9998657423469635
32349,5.2417646312967205e-05
32351,0.0009373216812578322
32354,6.77535374266018e-05
32355,0.0003152102071780363
32358,0.0007463411385455769
32359,3.2986643860003994e-05
32363,0.0008303949329747527
32366,0.22294847171758742
32380,4.950210296142815e-05
32385,5.681464706624779e-05
32386,8.654174039039744e-05
32387,0.0002918733189469976
32391,5.9460473564217507e-05
32396,0.00016397883980823154
32397,0.23528342926558957
32399,0.9992684286277963
32401,0.9990768958847911
32405,0.23528342926558957
32414,0.00901211573207907
32416,0.9999063540576812
32418,0.00020107479980595945
32419,0.00011347764082196614
32422,0.9998933232361251
32428,0.00020066762545047415
32434,0.0007231362477448386
32435,0.9999812574203041
32436,6.118571903715033e-05
32438,0.000952746187990989
32449,0.0004176887514791801
32451,5.9518052967203426e-05
32452,0.9999119730214132
32454,0.9999303261561714
32456,0.00018286361234585898
32457,5.9460473564217507e-05
32469,0.0003025039257935313
32472,0.00015586490166880965
32474,0.000952746187990989
32479,0.22294847171758742
32486,0.0005659931187681221
32490,5.4729081153788385e-05
32505,0.0006309272348006008
32508,0.004253003917995008
32510,0.00018286361234585898
32512,0.00018286361234585898
32515,0.0007956311236266933
32517,0.9999848001105475
32519,0.0007939010076001599
32523,0.0762702035280661
32535,0.2225729167574657
32540,0.9998400388275899
32544,0.00012196613435931723
32545,0.2225729167574657
32549,4.4165763056891736e-05
32550,0.00018286361234585898
32557,0.0006304375112297416
32558,0.00026013380591040494
32571,4.939437942899333e-05
32577,0.2225729167574657
32580,0.007588427971883349
32581,0.002269389749789689
32583,0.9488613368441116
32590,0.00044997041368243873
32600,4.596566331885813e-05
32633,0.002369870185919107
32636,0.0009104718353442865
32639,0.22294847171758742
32641,0.0003152102071780363
32642,3.9063204635608604e-05
32645,5.973374035699646e-05
32653,0.0020368299312688016
32654,0.0003489828322499265
32655,7.430402392503915e-05
32656,0.00020066762545047415
32659,0.000952746187990989
32667,5.2165165246239245e-05
32668,4.8365841086496134e-05
32674,3.9063204635608604e-05
32678,0.9999006577290362
32679,0.00014223040098696742
32680,5.807817151692507e-05
32682,0.9488613368441116
32688,0.23528342926558957
32699,0.2225729167574657
32701,0.0003489828322499265
32705,0.9998724399668965
32710,0.9473784115901248
32714,4.939437942899333e-05
32715,0.9999769794570079
32720,7.423214122859364e-05
32723,0.07131049579431503
32727,0.0001077557518754141
32731,0.000417693891382247
32734,0.9999323359877031
32739,4.4231548015827105e-05
32744,4.1715279811296715e-05
32755,0.005716625614006741
32759,0.0003300301995967342
32761,0.23528342926558957
32763,0.2225729167574657
32764,0.0009373216812578322
32768,0.00011507786644878865
32771,0.9998657423469635
32774,3.7294139656037825e-05
32778,0.0020368299312688016
32802,0.9999410645749532
32803,4.990348619498389e-05
32805,0.0003489828322499265
32808,0.9998727175338324
32809,0.0003152102071780363
32810,0.0008303847188266249
32814,5.960938701671091e-05
32817,0.9998657423469635
32824,9.979994851932418e-05
32831,0.9999855490687554
32832,0.0006304375112297416
32838,0.00020107479980595945
32863,0.9999840697940373
32872,0.0003294076063234156
32876,0.9999169819501809
32883,0.9999819938281546
32886,0.0014297089223900316
32888,0.9998657423469635
32889,5.807817151692507e-05
32891,4.990348619498389e-05
32895,5.681464706624779e-05
32905,0.00028283636599312634
32921,0.0007939010076001599
32924,4.361350075037471e-05
32928,0.9999568061872536
32930,4.984167379817237e-05
32942,9.537201456968648e-05
32946,0.0003025039257935313
32947,0.000952746187990989
32954,0.00029105310622022835
32959,0.011294374949873008
32967,0.22294847171758742
32978,0.00014223040098696742
32983,0.9999805267144197
32985,0.9996673327416711
32987,0.00020107479980595945
32989,0.0009373216812578322
32994,0.9999106770087686
32995,0.014078245481704601
33000,0.9473785851750359
33001,5.921551891752585e-05
33002,0.9999058160516413
33003,5.9551719259913306e-05
33011,0.00020066762545047415
33013,7.535860621380014e-05
33021,0.22294847171758742
33023,0.9997553956532382
33025,0.0010747820407562808
33032,0.000952746187990989
33043,0.9998727175338324
33046,0.9994774953774737
33049,0.9999832815707336
33054,0.00019223952449051726
33056,0.00605733709048263
33063,0.0007335388084518602
33065,0.9473784115901248
33069,0.23528342926558957
33073,0.00018286361234585898
33080,0.999956879502631
33098,5.379592212530207e-05
33101,0.007181853776498755
33103,3.5297851792852416e-05
33104,0.00020066762545047415
33105,0.22294847171758742
33106,0.00012734492032281163
33107,0.0006489350877357901
33108,0.0009683855312854912
33112,6.136612415584311e-05
33114,4.479971344691348e-05
33117,0.9999473133555481
33118,5.173025909973979e-05
33120,0.00012734492032281163
33124,3.248316311800037e-05
33130,3.524535332626971e-05
33136,4.363817105083811e-05
33137,0.00018286361234585898
33140,0.00018286361234585898
33141,0.0065203631154570115
33144,7.136365847252913e-05
33152,5.328417313837607e-05
33153,0.9998727175338324
33158,0.00011347764082196614
33161,0.2225729167574657
33163,4.990348619498389e-05
33178,0.00080371874235043
33183,0.23528342926558957
33186,0.00961084601137933
33188,0.0020368299312688016
33191,6.694065197230985e-05
33193,0.9998933186395719
33210,0.00020107479980595945
33215,4.3680429369395224e-05
33219,0.00011731880383578854
33228,0.23528342926558957
33229,5.681464706624779e-05
33233,0.9992684376272701
33234,0.00018286361234585898
33246,0.9999836293320881
33248,3.012657282093908e-05
33250,0.00018286361234585898
33258,0.0009373216812578322
33263,0.0003496875210024585
33266,0.0018088221646381769
33267,0.00020066762545047415
33274,0.00011347764082196614
33275,0.0003496875210024585
33298,5.9460473564217507e-05
33303,0.0003025039257935313
33307,4.479971344691348e-05
33311,0.9998657423469635
33314,0.00196097464149843
33315,5.811224857081732e-05
33322,0.99873581706373
33324,0.9992684286277963
33335,0.003073669723003646
33343,0.0009669031085228232
33344,0.9998727175338324
33349,0.0006489350877357901
33354,0.0029306866007651525
33356,5.9551719259913306e-05
33357,0.0003489828322499265
33365,5.2976653991585695e-05
33367,0.999924047825515
33370,0.00014223040098696742
33372,0.9999096514478534
33373,0.22294847171758742
33375,5.960938701671091e-05
33378,0.0017090385776086848
33381,0.00901211573207907
33388,0.0002597353063143384
33391,6.757968991654644e-05
33394,0.0036147789130475654
33396,3.524535332626971e-05
33400,0.9999379658320403
33411,6.11553776210631e-05
33414,0.00014223040098696742
33419,0.9998933232361251
33420,4.4366481358653954e-05
33424,0.22294847171758742
33428,0.2225729167574657
33434,0.0017090175743221699
33436,4.1715279811296715e-05
33448,0.000417693891382247
33449,0.9998400388275899
33457,3.9541954945937043e-05
33471,0.9999836293320881
33474,5.379592212530207e-05
33478,0.0007939010076001599
33481,0.00014223040098696742
33487,8.613273412182481e-05
33488,0.00196097464149843
33489,7.654828582184629e-05
33491,3.524535332626971e-05
33496,5.9518052967203426e-05
33497,0.9999006577290362
33504,0.22294847171758742
33512,0.0007939010076001599
33517,0.22294847171758742
33518,3.684094510962778e-05
33524,0.015374437238133278
33529,0.9999525539780105
33532,0.0003921010651064518
33541,0.000648943071412129
33542,0.23528342926558957
33546,0.2225729167574657
33550,0.0010747820407562808
33552,0.996647837420526
33555,0.999805790148788
33561,0.9999063540576812
33562,8.916971618446132e-05
33564,0.00014223040098696742
33566,0.005732122805785984
33576,4.990348619498389e-05
33582,0.9998727175338324
33586,0.0003921010651064518
33591,5.802320831745888e-05
33595,0.000816994164089274
33596,0.9999119730214132
33601,0.00020066762545047415
33603,0.002312336623816038
33605,6.118571903715033e-05
33607,0.9473784115901248
33609,0.9998727175338324
33611,0.0002463506730823969
33618,0.0027674752376394113
33619,0.0007956311236266933
33627,0.0014297089223900316
33633,0.0009373216812578322
33637,3.059352813200732e-05
33638,0.00018286361234585898
33640,0.23528342926558957
33644,0.9473784115901248
33647,0.9473784115901248
33648,0.9999648477017928
33652,0.9999855490687554
33654,0.00018754935645466
33657,5.3198627190438685e-05
33659,8.412372578039572e-05
33662,0.0009373216812578322
33669,0.00029105310622022835
33670,5.2417646312967205e-05
33682,0.00028283636599312634
33685,0.9998783443860909
33690,0.00022288263395376916
33704,0.9999426949993422
33715,0.0014334966958850566
33716,0.0008518378781490525
33722,4.4800264939105734e-05
33723,0.0005858852184974999
33733,0.000159476683266819
33737,3.064047711007963e-05
33739,0.001275979893869128
33740,0.9473784115901248
33743,6.237599467730028e-05
33747,0.002369870185919107
33757,0.0003489828322499265
33766,0.0008456899491242941
33769,0.0007939010076001599
33783,0.9999647745934648
33786,0.999924047825515
33790,0.9999151191957167
33794,0.9998905836686046
33796,0.9473784115901248
33798,0.9998727175338324
33802,0.9473784115901248
33804,0.22294847171758742
33807,0.9990565363791533
33809,0.002312336623816038
33810,4.704675676985309e-05
33811,5.9551719259913306e-05
33812,0.00020107479980595945
33821,0.000417693891382247
33833,0.00196097464149843
33834,0.23528342926558957
33837,0.00020107479980595945
33838,4.936988493736761e-05
33839,0.0003496875210024585
33843,4.198155606916126e-05
33848,4.479971344691348e-05
33849,4.558790952076361e-05
33854,4.361350075037471e-05
33856,0.000315211304386939
33860,0.9999541943733825
33862,0.00014842602019174902
33867,0.9994563715061342
33869,0.000952746187990989
33875,0.0002597353063143384
33876,0.00018286361234585898
33877,0.0023506052563985243
33879,7.423214122859364e-05
33883,0.9998400457194301
33885,5.2417646312967205e-05
33887,0.9998727175338324
33889,0.9999568776445106
33900,0.9998724399668965
33903,3.678615168602482e-05
33905,5.807817151692507e-05
33908,0.9999848001105475
33912,0.9999064394939688
33915,0.0003294076063234156
33920,0.9978689645923923
33926,0.0007382912243374749
33927,0.07626933620976893
33929,0.22294847171758742
33932,3.064047711007963e-05
33951,0.00018286361234585898
33965,5.9518052967203426e-05
33971,0.00012215328705734969
33972,5.9518052967203426e-05
33976,4.984167379817237e-05
33980,0.22294847171758742
33982,0.0019609987351751927
33984,0.0003489828322499265
33985,0.0007956311236266933
33991,5.233733093777394e-05
33995,0.0005659931187681221
34001,0.9999510331817772
34007,0.0017090385776086848
34011,5.173025909973979e-05
34014,0.00018286361234585898
34017,0.0003489828322499265
34020,0.0009683855312854912
34022,0.9992684286277963
34024,0.0004176887514791801
34025,0.9998724399668965
34027,0.0003611341422352126
34037,0.00020066762545047415
34040,0.9998400388275899
34046,0.9998657423469635
34047,0.00026013380591040494
34052,3.012657282093908e-05
34053,0.011294374949873008
34055,0.004246514712537119
34056,0.0003025039257935313
34057,0.0007363123315033726
34058,0.005899055748846881
34059,0.0009669031085228232
34061,0.0009373216812578322
34067,5.681464706624779e-05
34070,0.9999379658320403
34075,0.22294847171758742
34077,0.0007939010076001599
34084,0.0005660000826093352
34088,0.9488613368441116
34090,0.000585878010140859
34095,0.23528342926558957
34096,3.524535332626971e-05
34098,0.00013889235802775062
34101,0.0003152102071780363
34102,3.4621028334100934e-05
34106,7.423214122859364e-05
34112,6.118571903715033e-05
34115,0.0026371346473041085
34116,0.00011347764082196614
34117,0.0006309272348006008
34120,3.7390826096239374e-05
34128,0.00028283636599312634
34129,0.9999584488921697
34139,0.9998977710617711
34140,4.5589961691584216e-05
34150,0.999951564094725
34152,0.0007335388084518602
34155,0.0007939010076001599
34158,0.0007382912243374749
34159,0.999708282888662
34165,0.00037007323637957564
34167,0.0001716947641372574
34170,0.9999119730214132
34171,0.9985912479844966
34172,0.9581548454632551
34176,0.00196097464149843
34182,6.221572290437048e-05
34184,0.0032346263539202343
34187,0.0003921010651064518
34191,4.959116072929575e-05
34195,0.9999151191957167
34198,0.00018286361234585898
34202,0.00196097464149843
34209,6.586038453583094e-05
34216,4.3680429369395224e-05
34219,5.2421393295752985e-05
34226,0.000417693891382247
34227,0.00018286361234585898
34229,4.4800264939105734e-05
34231,0.9999210094281771
34237,0.0009669031085228232
34242,0.0008303847188266249
34250,0.00029105310622022835
34253,0.22294847171758742
34257,5.9460473564217507e-05
34262,0.9998657423469635
34265,0.0003489828322499265
34266,3.2986643860003994e-05
34274,0.000952746187990989
34280,0.000585878010140859
34281,0.006092414671259864
34283,0.9999119730214132
34296,0.9993794385986038
34300,0.0007956311236266933
34302,5.9460473564217507e-05
34307,0.0030410406056064804
34308,0.0007956311236266933
34310,0.000952746187990989
34311,0.0003496875210024585
34314,0.0007939010076001599
34317,3.064047711007963e-05
34333,0.001275979893869128
34337,0.00020066762545047415
34338,0.004367320389457687
34341,3.684094510962778e-05
34342,0.000952746187990989
34343,5.328417313837607e-05
34345,0.9997966769290615
34346,0.9998727175338324
34351,0.00020107479980595945
34360,4.990348619498389e-05
34363,0.9999812976361887
34366,0.000315211304386939
34369,0.9995871438420891
34371,4.353890745567721e-05
34372,0.2225729167574657
34373,0.0003025039257935313
34375,0.22294847171758742
34376,4.479971344691348e-05
34385,5.3658013213535084e-05
34388,0.9999848001105475
34394,0.9473784115901248
34402,0.0012712279988481728
34403,0.9992684376272701
34406,0.0003089554379001477
34408,0.9998657423469635
34410,0.06932206381522554
34414,0.9999640003330978
34415,0.00012470484299638508
34416,9.7028408396325e-05
34424,0.9992684376272701
34426,0.9999063500225552
34433,0.00020066762545047415
34435,0.9998909301844443
34441,0.9998594636941474
34444,0.999946629036552
34452,0.0020368299312688016
34453,0.9998727175338324
34455,6.118571903715033e-05
34456,0.0020368299312688016
34459,5.5235090125018534e-05
34460,0.000952746187990989
34466,5.250336234883159e-05
34467,3.6842603544390786e-05
34475,4.357130717860938e-05
34476,0.00020066762545047415
34481,0.9997638186448435
34494,0.0013424073831972347
34495,0.9998657423469635
34496,0.0011272461986322187
34498,0.9999378386319983
34500,0.9999379658320403
34502,4.990348619498389e-05
34507,0.000315211304386939
34508,0.0007382912243374749
34510,5.1619473797477944e-05
34513,0.0006304452674788647
34516,0.9987377517266016
34519,0.0001493900410580033
34520,0.9998325681411522
34526,5.9460473564217507e-05
34529,0.9998977710617711
34536,0.001672712272862932
34539,4.704675676985309e-05
34542,0.0019609987351751927
34544,5.681464706624779e-05
34550,0.9999812574203041
34557,0.00016397883980823154
34571,0.00011347764082196614
34575,0.9999192732797669
34578,0.0030915736318089956
34586,0.9999811623733025
34587,0.9995895663719452
34594,0.000315211304386939
34597,0.005723389742325767
34599,0.00011794298359327118
34601,0.0017090385776086848
34611,0.004253003917995008
34614,0.00032936511113992276
34615,7.048169955266968e-05
34619,0.9473784115901248
34621,5.9460473564217507e-05
34622,0.0003489828322499265
34623,0.9978056518298187
34630,0.00012196613435931723
34643,3.7390826096239374e-05
34646,0.0001221517520725131
34647,0.000952746187990989
34652,0.0016256759159371701
34653,0.0003294076063234156
34654,0.23528342926558957
34655,0.000952746187990989
34657,0.9992684286277963
34667,3.012657282093908e-05
34670,0.999924047825515
34681,7.59938127452237e-05
34682,4.552010735628039e-05
34684,0.0018688248110641556
34688,0.0003496875210024585
34690,0.9999830343283849
34693,9.979994851932418e-05
34705,0.9999568080484527
34715,5.341165060373725e-05
34717,0.00016398085817541613
34718,0.000131889150515846
34719,0.0019609987351751927
34721,4.361350075037471e-05
34722,5.387605044529288e-05
34727,0.0028333853607670828
34729,0.0003489828322499265
34730,0.9999303261561714
34731,0.0009373216812578322
34733,0.0009669031085228232
34734,0.9999473133555481
34735,0.002369870185919107
34736,0.9998657423469635
34738,0.999906630939681
34743,0.0005660000826093352
34748,0.0017010687590371112
34753,0.9998967751576561
34760,0.0003496875210024585
34765,0.9999526426022866
34769,0.9998727175338324
34773,0.0003152102071780363
34778,0.0008303847188266249
34786,0.9998727175338324
34788,0.9998657423469635
34792,0.000952746187990989
34794,0.9999550062893311
34810,7.654828582184629e-05
34815,0.9999499568979832
34816,0.00012563569096148903
34822,4.479971344691348e-05
34824,0.0007956311236266933
34830,4.586563522306168e-05
34836,0.9999119730214132
34841,6.915848633880243e-05
34845,0.9999525539780105
34848,0.9473785851750359
34849,0.00012196613435931723
34851,0.0013802279596660423
34856,4.939437942899333e-05
34859,0.004246514712537119
34862,0.000417693891382247
34864,0.0028333853607670828
34865,5.918584598836989e-05
34870,0.9998727175338324
34871,0.2225729167574657
34876,0.00028283636599312634
34886,0.00012215328705734969
34889,0.0027674752376394113
34890,0.00044997041368243873
34891,0.0003611341422352126
34895,0.0035882903502960934
34896,0.00020066762545047415
34897,0.000952746187990989
34903,5.930371917706188e-05
34908,0.999722379826928
34909,3.2986643860003994e-05
34914,0.9999568080484527
34917,0.00020107479980595945
34924,0.0002597353063143384
34926,0.00044997041368243873
34934,0.0007417536054868211
34936,0.0035080888356639997
34938,0.00196097464149843
34941,0.0008303949329747527
34948,0.0003152102071780363
34957,0.9998719573881523
34961,8.412269025630678e-05
34962,0.0009683855312854912
34966,0.9999832815707336
34968,0.0019609987351751927
34969,5.811224857081732e-05
34974,0.0003921010651064518
34975,0.999379465322838
34976,0.23528342926558957
34977,3.6842603544390786e-05
34982,0.000952746187990989
34988,4.357130717860938e-05
34990,0.9998727175338324
34993,0.00032936511113992276
35024,0.0001443933841402191
35027,0.00020107479980595945
35034,0.06932206381522554
35036,0.00022855875309000183
35051,3.064047711007963e-05
35053,0.999951564094725
35077,0.0013182524325186767
35080,0.0014297089223900316
35083,0.00016397883980823154
35084,0.0002923211119583854
35091,0.01968880579983274
35104,0.0005028658649900774
35108,7.63939839891538e-05
35117,0.9999568061872536
35125,0.0014297089223900316
35128,0.002369870185919107
35132,0.004253003917995008
35134,0.00037007323637957564
35137,0.9999836293320881
35140,0.00017381270897049746
35141,5.255267892605444e-05
35146,9.369205285682757e-05
35147,0.9993344028907214
35150,0.00012215328705734969
35153,0.006507359443577124
35164,0.9998657423469635
35165,0.9999832815707336
35168,0.00020066762545047415
35186,0.9999568080484527
35187,0.23528342926558957
35192,0.000159476683266819
35195,4.950210296142815e-05
35198,0.0003921010651064518
35205,5.81294745388145e-05
35206,0.9999323359877031
35210,0.00018286361234585898
35214,0.0001232424246496812
35215,0.0001077557518754141
35219,0.006507359443577124
35223,0.003056399004164884
35227,0.9998727175338324
35229,0.9999192732797669
35232,0.0002918733189469976
35234,0.00022067729558604302
35235,5.807817151692507e-05
35247,0.9997975774147873
35251,0.2225729167574657
35254,4.950210296142815e-05
35258,0.0009683855312854912
35260,0.004745523307857395
35261,0.009012005787607585
35262,0.23528342926558957
35263,0.000952746187990989
35264,0.9982248413476741
35265,0.9999063500225552
35270,4.990348619498389e-05
35272,0.23528342926558957
35283,0.000952746187990989
35286,0.9998727175338324
35308,0.0009373216812578322
35311,0.9999830343283849
35312,5.9460473564217507e-05
35315,0.9999384375273949
35319,0.0076270176114838295
35321,0.9995895663719452
35322,3.524535332626971e-05
35323,0.07131131107508937
35330,0.0017010896648016567
35335,9.995309139319764e-05
35343,0.002369870185919107
35345,0.9998657423469635
35347,0.00012037533423601353
35351,4.950210296142815e-05
35352,4.704675676985309e-05
35358,0.9998727175338324
35361,0.9488613368441116
35363,0.005547394407932111
35365,0.0007939010076001599
35368,0.0025414254415800255
35370,0.9992684376272701
35372,0.00019756326493786477
35376,0.000630934997070971
35382,5.328417313837607e-05
35385,0.00020066762545047415
35386,0.9987174999037967
35388,0.0007939010076001599
35392,0.0008353762052111808
35397,0.23528342926558957
35401,0.0013205758147271525
35409,3.059352813200732e-05
35411,0.00020066762545047415
35415,4.939437942899333e-05
35417,0.0007417536054868211
35420,0.9998885329924632
35422,0.9999830343283849
35434,0.00037007323637957564
35442,0.2225729167574657
35445,0.0026206358642014023
35448,6.066433536950979e-05
35454,0.003947070063438499
35456,0.999872219382945
35457,0.00020107479980595945
35464,0.003584135654944882
35467,0.9999855490687554
35468,0.0008303847188266249
35473,0.9983974165288646
35475,7.296613865915029e-05
35484,0.014969345030304441
35487,0.00029105310622022835
35491,0.0008303949329747527
35493,0.22294847171758742
35494,7.423214122859364e-05
35508,0.9581548454632551
35517,0.9999568776445106
35524,0.0003921010651064518
35525,0.0005028658649900774
35527,0.000952746187990989
35528,3.2986643860003994e-05
35532,9.129362145996405e-05
35536,0.0004176887514791801
35537,0.000417693891382247
35544,0.9999525539780105
35546,0.00196097464149843
35550,0.00020107479980595945
35561,0.0003489828322499265
35563,0.9999832815707336
35566,0.22294847171758742
35569,0.9983838773723919
35570,0.2225729167574657
35576,0.9999410645749532
35578,0.2225729167574657
35581,0.0019609987351751927
35583,6.952707990364242e-05
35587,0.00020066762545047415
35589,0.0002463506730823969
35590,0.9999379658320403
35591,0.9488613368441116
35594,0.00196097464149843
35595,0.9998657423469635
35600,0.000952746187990989
35601,0.006070996645694081
35605,0.0014297089223900316
35606,4.8884553910226695e-05
35612,0.00014223040098696742
35613,0.0003921010651064518
35622,0.00028283636599312634
35626,0.001074795257880185
35633,0.00020066762545047415
35639,0.9822360288268749
35641,8.336272218685308e-05
35650,0.00016398085817541613
35652,0.9999323359877031
35654,0.006507359443577124
35656,0.9992684376272701
35657,4.586563522306168e-05
35660,8.846959497358408e-05
35664,7.430402392503915e-05
35667,0.0003152102071780363
35673,0.0003489828322499265
35674,6.663157892067235e-05
35677,5.270837204143093e-05
35678,3.7427034839261676e-05
35682,0.999621553730851
35683,0.000315211304386939
35685,0.23528342926558957
35687,0.9998727175338324
35689,0.003087649530949634
35690,5.5235090125018534e-05
35692,5.154270144686488e-05
35701,0.999924047825515
35702,0.004745523307857395
35703,8.645801978867636e-05
35707,0.9999303261561714
35713,4.363620673341469e-05
35716,0.0001221517520725131
35718,8.917081383032545e-05
35720,0.9999410645749532
35721,0.999621553730851
35727,0.0027674752376394113
35728,0.9998657423469635
35738,0.0003489828322499265
35746,0.9473785851750359
35753,0.001275979893869128
35754,5.28613697475509e-05
35755,0.0006489350877357901
35758,3.012657282093908e-05
35760,0.0004176887514791801
35767,0.0005858852184974999
35778,0.0003336060876938954
35786,0.002369870185919107
35796,0.22294847171758742
35811,0.0007335297847933146
35814,6.586038453583094e-05
35816,0.9999855490687554
35824,0.0016232016907456724
35826,0.9999210094281771
35827,0.9998657423469635
35829,0.00020066762545047415
35832,0.0002597353063143384
35837,0.0003921010651064518
35843,0.9473785851750359
35844,0.0020588466571659614
35845,0.00019763818345950405
35848,0.00020066762545047415
35861,0.0022082087154549107
35864,0.0005255778566517551
35867,0.0003489828322499265
35870,0.9999287947672695
35874,0.9998724399668965
35877,0.9997548230724566
35879,0.0003496875210024585
35883,0.0008319384016347835
35901,0.22294847171758742
35902,0.0002098415947567484
35905,0.0019609987351751927
35908,7.423214122859364e-05
35912,0.00196097464149843
35914,6.221572290437048e-05
35916,5.374035516115738e-05
35917,0.9999210094281771
35919,0.9993344028907214
35928,0.0001172294619007838
35929,0.000952746187990989
35933,0.9998959876616756
35942,0.22294847171758742
35945,0.00011347764082196614
35955,7.423214122859364e-05
35962,8.654174039039744e-05
35969,7.139906422789197e-05
35972,7.59938127452237e-05
35977,6.118571903715033e-05
35986,0.010680959099108376
35988,0.001049537844567472
35989,0.00018286361234585898
35990,0.9992684286277963
35991,6.584865233641874e-05
35996,0.001275979893869128
36000,0.0003025039257935313
36009,0.9998657423469635
36011,0.00012215328705734969
36012,5.802320831745888e-05
36013,0.00018286361234585898
36023,0.0008303847188266249
36025,0.0006489350877357901
36026,4.596566331885813e-05
36027,0.9999473133555481
36031,0.9998325681411522
36032,0.000315211304386939
36041,4.3680429369395224e-05
36043,3.064047711007963e-05
36050,5.802320831745888e-05
36052,0.9993344028907214
36053,0.0003489828322499265
36061,0.9999832815707336
36066,8.746996203058479e-05
36074,0.9999830343283849
36075,3.6842603544390786e-05
36077,3.684094510962778e-05
36092,6.11553776210631e-05
36097,0.0003152102071780363
36098,0.00020066762545047415
36099,0.00026013380591040494
36101,0.9996223163522101
36104,0.0006309272348006008
36107,4.353890745567721e-05
36108,0.9999473133555481
36110,0.07131049579431503
36111,0.9998783443860909
36113,5.960938701671091e-05
36117,3.684094510962778e-05
36123,0.9987495364405733
36128,6.20843930916153e-05
36129,3.6842603544390786e-05
36131,0.9999848001105475
36140,0.9992684286277963
36142,0.0003496875210024585
36146,0.2225729167574657
36149,0.00011044715495842429
36151,4.947755505274092e-05
36152,5.973374035699646e-05
36153,5.9518052967203426e-05
36168,0.0009278858444497353
36178,4.9802890811725866e-05
36181,0.001804892823843484
36186,0.0025414254415800255
36191,0.9999119730214132
36193,3.012657282093908e-05
36194,0.0019609987351751927
36197,9.214850647165869e-05
36204,4.4072508608230064e-05
36207,5.811224857081732e-05
36208,0.22294847171758742
36209,0.0003921010651064518
36211,7.423214122859364e-05
36223,0.9473784115901248
36225,3.2986643860003994e-05
36232,7.048083194376647e-05
36246,0.00028283636599312634
36250,0.0014297089223900316
36255,6.237599467730028e-05
36262,0.2225729167574657
36264,8.983590416348566e-05
36268,6.118571903715033e-05
36277,4.296767133218797e-05
36278,5.992504490292767e-05
36296,3.524535332626971e-05
36300,3.6842603544390786e-05
36302,4.830461971156742e-05
36305,4.939437942899333e-05
36308,4.479971344691348e-05
36311,0.9969384144633009
36314,0.9998727175338324
36315,4.947755505274092e-05
36316,6.575594970846687e-05
36320,0.2225729167574657
36321,0.00012324090765188282
36327,0.960970080576001
36329,0.00012215328705734969
36333,0.2225729167574657
36341,4.9765305183604125e-05
36346,5.9460473564217507e-05
36349,0.000315211304386939
36352,5.169951288770619e-05
36355,0.0009669031085228232
36361,0.00020066762545047415
36373,0.006105791330099424
36374,4.607798844367227e-05
36376,0.0015009165134114478
36382,5.28613697475509e-05
36396,6.584865233641874e-05
36398,7.850261865968507e-05
36407,0.9999379658320403
36411,0.9998400388275899
36412,8.194600370979624e-05
36413,0.9999836411479883
36416,5.960938701671091e-05
36420,0.0003294076063234156
36423,0.0008686296922297118
36447,4.9802890811725866e-05
36449,5.1619473797477944e-05
36451,0.0028333853607670828
36454,0.999621553730851
36459,3.678615168602482e-05
36460,0.001074795257880185
36461,0.9999526426022866
36471,0.0002597353063143384
36472,0.004227015467084751
36477,0.9998909301844443
36481,0.00022067729558604302
36487,7.048169955266968e-05
36490,0.0035882903502960934
36491,0.0009339076959921525
36498,0.9999063500225552
36504,3.059352813200732e-05
36510,4.8884553910226695e-05
36517,0.0019609987351751927
36520,4.939437942899333e-05
36522,0.0007956311236266933
36526,0.0002923211119583854
36530,0.0007956311236266933
36535,4.930208342516405e-05
36537,0.9998657423469635
36539,0.9982335829995957
36541,0.9999855490687554
36544,0.0018088221646381769
36546,0.9999106770087686
36547,0.0001232424246496812
36553,4.8884553910226695e-05
36555,0.0026206358642014023
36560,0.9999830343283849
36565,0.0002597353063143384
36570,0.0003025039257935313
36572,0.22294847171758742
36574,0.0009792553448332516
36583,0.999924047825515
36589,5.3151096980598485e-05
36590,0.00468030719862288
36597,0.0007382912243374749
36606,4.947755505274092e-05
36607,0.0009373216812578322
36608,9.989047032803534e-05
36614,5.3658013213535084e-05
36618,0.000952746187990989
36619,0.0018037406095286273
36627,0.9998727175338324
36630,3.248316311800037e-05
36634,0.9999473133555481
36641,0.9998727175338324
36645,5.918584598836989e-05
36646,9.868242832771371e-05
36653,0.0007335388084518602
36656,0.0003611341422352126
36658,0.0003294076063234156
36661,0.0003921010651064518
36669,3.684094510962778e-05
36672,0.9999586363911022
36673,5.177884953619539e-05
36680,0.00020107479980595945
36683,0.9999536177534301
36684,0.00020066762545047415
36689,0.001804892823843484
36696,0.9978453371823103
36699,0.9999830343283849
36705,0.0005660000826093352
36706,4.939437942899333e-05
36713,0.00044997041368243873
36716,0.00020066762545047415
36717,0.00196097464149843
36721,0.9992684286277963
36729,0.999956879502631
36730,0.0001077557518754141
36739,0.0003489828322499265
36740,0.9994783115377269
36742,0.010202664448022262
36749,0.00016397883980823154
36752,0.0004801867743923144
36753,5.696450173003968e-05
36754,5.9518052967203426e-05
36755,0.00044997041368243873
36758,0.00018286361234585898
36760,9.129362145996405e-05
36766,5.311950632929762e-05
36768,3.248316311800037e-05
36769,0.00012215328705734969
36770,0.9993344028907214
36787,3.248316311800037e-05
36792,0.000952746187990989
36793,0.0003294076063234156
36795,5.2368456446649856e-05
36797,0.23528342926558957
36801,4.950210296142815e-05
36802,6.586038453583094e-05
36805,6.915848633880243e-05
36812,3.9541954945937043e-05
36817,0.001804892823843484
36819,0.0009792553448332516
36821,0.9998400457194301
36822,0.0003496875210024585
36829,0.004992732558001728
36835,0.00020066762545047415
36836,0.9999119730214132
36838,4.9802890811725866e-05
36843,0.8423721313133714
36845,0.0112938937566478
36846,4.4800264939105734e-05
36849,4.950210296142815e-05
36850,0.00028283636599312634
36851,0.999837929905693
36854,3.012657282093908e-05
36858,0.9998724399668965
36871,8.412372578039572e-05
36874,0.00020066762545047415
36876,0.0003489828322499265
36883,3.5297851792852416e-05
36888,0.9987495364405733
36895,0.9982435345859826
36899,0.00026013380591040494
36905,0.0009339076959921525
36911,8.825040237274523e-05
36914,0.9998724399668965
36916,0.0016232016907456724
36918,4.936988493736761e-05
36924,4.9802890811725866e-05
36927,0.9999536480665743
36930,0.9998977710617711
36932,0.9992684376272701
36934,0.9999444747458763
36938,0.00032936511113992276
36942,5.3658013213535084e-05
36943,0.23528342926558957
36954,5.9306388737784195e-05
36961,0.0007939010076001599
36963,0.0017090385776086848
36964,0.00901211573207907
36966,5.960938701671091e-05
36969,0.0003294076063234156
36974,0.0007956311236266933
36977,4.8365841086496134e-05
36990,4.479971344691348e-05
36993,5.3168219727365504e-05
36994,0.0007956311236266933
36997,0.00029105310622022835
36999,0.002759229903327865
37004,0.00012215328705734969
37009,9.129362145996405e-05
37014,0.9998724399668965
37017,0.2225729167574657
37018,0.0003496875210024585
37022,3.521125517426669e-05
37028,5.811224857081732e-05
37032,5.2165165246239245e-05
37034,0.0007939010076001599
37038,0.0009373216812578322
37039,0.0026371346473041085
37045,0.0010747820407562808
37048,0.0032346263539202343
37050,0.0011272461986322187
37053,0.0007939010076001599
37054,0.9998657423469635
37055,5.802320831745888e-05
37056,0.0028334201429591906
37059,7.139906422789197e-05
37063,0.0003294076063234156
37065,0.006507439032569228
37068,5.2417646312967205e-05
37072,0.0006304452674788647
37083,0.000315211304386939
37088,0.22294847171758742
37090,3.5297851792852416e-05
37093,0.9998657423469635
37096,0.00016396698720344904
37100,0.0003025039257935313
37102,4.990348619498389e-05
37107,0.0008303847188266249
37108,0.9998727175338324
37118,0.0009792553448332516
37120,0.0011272461986322187
37122,5.811224857081732e-05
37128,4.788409402005109e-05
37129,0.9999519954731275
37143,0.00020066762545047415
37146,0.23528342926558957
37155,0.0007956311236266933
37156,0.9999769960724959
37162,0.000952746187990989
37166,0.22294847171758742
37169,0.0013162351325675177
37171,0.999159160879989
37178,0.00026013380591040494
37183,0.0007197607066964709
37185,0.004984847555171946
37195,0.0014297089223900316
37197,0.9998657423469635
37200,0.003947073554703603
37205,4.36784631498498e-05
37206,0.9992684286277963
37208,0.0005659931187681221
37212,0.0008303949329747527
37217,0.0003921010651064518
37219,5.807817151692507e-05
37221,0.0001839723690928067
37222,3.7427034839261676e-05
37227,3.303726520385771e-05
37237,4.990348619498389e-05
37238,7.430402392503915e-05
37255,3.524535332626971e-05
37259,0.00014223040098696742
37260,0.000315211304386939
37261,0.00020066762545047415
37263,6.586038453583094e-05
37267,4.939437942899333e-05
37270,0.00017381270897049746
37273,7.850261865968507e-05
37275,0.9999568776445106
37278,0.9999812574203041
37279,0.23528342926558957
37283,0.0004176887514791801
37286,0.23528342926558957
37288,6.932071993706728e-05
37289,0.0014297089223900316
37290,0.0002918733189469976
37292,0.00037007323637957564
37307,0.00044997041368243873
37313,0.9995717180850213
37316,5.241528681921449e-05
37318,0.00020107479980595945
37319,0.0007231362477448386
37321,0.0017010687590371112
37322,9.989047032803534e-05
37333,4.479971344691348e-05
37343,0.998799240631583
37344,0.9992684376272701
37346,6.430897637046749e-05
37355,0.0008303949329747527
37362,6.118571903715033e-05
37363,0.9999323359877031
37365,0.9998933232361251
37371,0.00012196613435931723
37386,0.00020107479980595945
37388,0.0003489828322499265
37389,0.9998951291087158
37393,4.526543650395926e-05
37397,0.9998657423469635
37398,0.00012196613435931723
37400,5.311950632929762e-05
37401,0.00010208281340053267
37402,0.00028283636599312634
37404,0.9999819938281546
37405,4.607798844367227e-05
37407,0.02202111633725729
37418,0.0011272461986322187
37420,9.499264710992848e-05
37421,0.9999568061872536
37422,0.0018088221646381769
37429,0.0009373216812578322
37432,0.0003294076063234156
37439,0.9999410645749532
37443,0.006507359443577124
37446,0.9488613368441116
37455,5.807817151692507e-05
37460,0.0008303847188266249
37463,0.0027674752376394113
37467,5.177651879533547e-05
37468,0.0011272461986322187
37470,0.00037007323637957564
37471,0.9999106770087686
37476,0.9992684286277963
37481,0.0007956311236266933
37482,5.3658013213535084e-05
37483,0.000952746187990989
37487,5.374035516115738e-05
37493,5.921551891752585e-05
37494,0.999872219382945
37501,0.9998719573881523
37505,0.0001077557518754141
37519,0.22294847171758742
37522,5.472975487151807e-05
37525,0.00016716715660778432
37541,0.9989884032023679
37544,0.000315211304386939
37546,5.9460473564217507e-05
37553,0.0009373216812578322
37554,0.2225729167574657
37563,0.0032346263539202343
37568,3.5297851792852416e-05
37571,0.9488613368441116
37573,0.23528342926558957
37574,5.250336234883159e-05
37579,0.002369870185919107
37582,0.005564304501881062
37583,0.003073669723003646
37594,0.002759229903327865
37597,0.00020066762545047415
37602,0.9998724399668965
37608,0.00018286361234585898
37609,0.0003089554379001477
37610,0.0010747820407562808
37614,0.0008303847188266249
37615,0.0003489828322499265
37616,4.9802890811725866e-05
37619,0.0008303847188266249
37622,0.00018286361234585898
37643,0.00011044715495842429
37646,0.9995677331171706
37648,0.0003921010651064518
37650,0.002541394234689496
37651,0.0003921010651064518
37656,0.00018286361234585898
37661,9.499264710992848e-05
37668,0.9998657423469635
37669,3.7294139656037825e-05
37674,0.002178427096575681
37675,0.00026013380591040494
37677,3.524535332626971e-05
37678,0.0008456899491242941
37679,0.0019609987351751927
37680,0.0014296913470183256
37692,0.0003489828322499265
37698,0.0003489828322499265
37699,0.002369870185919107
37703,0.00196097464149843
37705,7.423214122859364e-05
37710,0.9998727175338324
37713,0.00020066762545047415
37716,0.000952746187990989
37719,3.5297851792852416e-05
37728,0.0003152102071780363
37729,0.9992684376272701
37731,0.00020066762545047415
37732,0.0003921010651064518
37735,0.9999741331766765
37736,0.002369870185919107
37739,0.0007197607066964709
37741,0.9997969946240888
37752,0.00014694591814190172
37760,0.0008303847188266249
37767,0.005723389742325767
37773,0.9993344028907214
37774,4.4800264939105734e-05
37776,0.0009373216812578322
37779,0.0007383003065265133
37780,0.9992684286277963
37781,0.00012196613435931723
37782,3.742871965649661e-05
37785,0.002369870185919107
37786,0.0007939010076001599
37787,0.8423721313133714
37789,0.9999526426022866
37790,0.9999457395927464
37801,0.2225729167574657
37804,4.363620673341469e-05
37806,0.0006304375112297416
37812,0.00011794298359327118
37818,0.9998727175338324
37824,0.0007956311236266933
37827,3.5297851792852416e-05
37835,0.0003489828322499265
37836,0.0013182524325186767
37851,6.757968991654644e-05
37852,0.9999670476662612
37853,4.990348619498389e-05
37855,0.0007197607066964709
37859,0.0005028658649900774
37863,4.9765305183604125e-05
37866,0.9999519954731275
37872,0.0014297089223900316
37873,0.0003489828322499265
37874,0.9999840697940373
37876,0.00013889235802775062
37884,0.0001232424246496812
37890,4.552010735628039e-05
37891,0.9992684286277963
37894,0.0003611341422352126
37900,0.00468030719862288
37901,0.9998885329924632
37902,0.00196097464149843
37903,0.00012215328705734969
37909,0.00026013380591040494
37914,0.005732122805785984
37915,0.9992684286277963
37919,0.00020107479980595945
37920,6.118571903715033e-05
37923,0.9999510331817772
37924,5.457543703598316e-05
37930,0.0001671650990284317
37936,0.9999525539780105
37937,0.9996223163522101
37940,0.9992684286277963
37944,0.0013205758147271525
37956,0.9998657423469635
37959,8.74710387549412e-05
37964,3.6842603544390786e-05
37966,0.9999378386319983
37969,7.430402392503915e-05
37979,0.0007956311236266933
37981,0.0001077557518754141
37983,0.00018286361234585898
37988,4.990348619498389e-05
37991,6.584865233641874e-05
37995,0.9998657423469635
37996,4.9802890811725866e-05
37998,0.000417693891382247
37999,0.0019609987351751927
38001,0.0017010687590371112
38002,0.001275979893869128
38007,0.9978689645923923
38011,0.0003921010651064518
38016,8.669068664703192e-05
38017,4.939437942899333e-05
38020,0.00017381270897049746
38027,0.0014296913470183256
38029,5.164949696494596e-05
38033,0.9999287947672695
38036,3.524535332626971e-05
38053,4.4800264939105734e-05
38055,0.9999410645749532
38060,0.9999855490687554
38062,6.915848633880243e-05
38064,0.000585878010140859
38076,0.00016397883980823154
38082,0.0009792553448332516
38086,4.3633652185942235e-05
38093,0.9999210094281771
38095,3.4567980353356386e-05
38097,0.9998727175338324
38099,6.11553776210631e-05
38102,0.0009812177056681343
38108,0.001804892823843484
38111,0.0008303847188266249
38114,0.0009683855312854912
38116,0.0026814979147092182
38117,0.0036820945814971255
38120,0.0003489828322499265
38124,0.0003025039257935313
38135,0.0024428864496677484
38145,0.9992684286277963
38149,0.9457839634164231
38150,0.0003025039257935313
38152,5.85900884891341e-05
38153,0.9998623461850793
38158,0.999520699692496
38161,0.9998724399668965
38178,0.9998657423469635
38179,0.0009278858444497353
38187,0.00011567974551586005
38192,0.0002918733189469976
38195,0.000630934997070971
38198,0.9998657423469635
38199,0.0003921010651064518
38204,5.918584598836989e-05
38206,0.9997120035482449
38217,4.479971344691348e-05
38220,0.0007956311236266933
38221,0.99873581706373
38230,0.00196097464149843
38234,0.23528342926558957
38244,0.998284806466193
38246,5.28613697475509e-05
38256,0.23528342926558957
38259,0.0031117045531496054
38261,4.558790952076361e-05
38263,0.000895901715820509
38269,5.623025235002796e-05
38275,0.9997623469017161
38277,0.00029105310622022835
38279,0.9997733950535433
38280,0.005111492925018042
38284,9.129362145996405e-05
38287,3.2986643860003994e-05
38291,0.00010208281340053267
38292,0.22294847171758742
38293,0.9998724399668965
38301,0.9999741331766765
38302,0.00012215328705734969
38306,0.0019609987351751927
38307,0.9999568776445106
38312,4.8884553910226695e-05
38315,0.0007956311236266933
38319,0.0014297089223900316
38326,0.9473785851750359
38327,0.00028283636599312634
38329,9.995309139319764e-05
38343,5.623025235002796e-05
38344,0.009012005787607585
38347,0.07626933620976893
38353,0.00020066762545047415
38356,0.00012201883033758756
38357,0.0012439201977550009
38361,0.23528342926558957
38362,0.23528342926558957
38368,0.00016398085817541613
38369,0.0003611341422352126
38371,0.0020368299312688016
38374,0.0030410406056064804
38375,7.647423216277808e-05
38377,0.0031117045531496054
38378,0.9998657423469635
38380,0.002061999755018048
38384,0.0026206358642014023
38387,0.9995895663719452
38390,3.5297851792852416e-05
38391,0.0008958906966385092
38392,0.007550734252296299
38408,8.746996203058479e-05
38410,0.9987495364405733
38423,0.23528342926558957
38425,0.0009373216812578322
38426,0.00020107479980595945
38428,9.995309139319764e-05
38431,0.9998911816083057
38432,0.0002113847013467929
38434,5.807817151692507e-05
38435,4.5786763752115844e-05
38436,0.9999210094281771
38438,0.22294847171758742
38439,0.00020066762545047415
38440,0.0017090385776086848
38445,5.9735149678797104e-05
38447,0.0013162351325675177
38456,0.004992793715275621
38463,0.9999006577290362
38475,4.9802890811725866e-05
38479,0.2225729167574657
38480,0.0023506052563985243
38484,0.9969374008402886
38486,0.0003921010651064518
38487,4.363620673341469e-05
38497,4.947755505274092e-05
38499,0.9473785851750359
38501,0.0014334966958850566
38502,5.9551719259913306e-05
38507,0.9999537475210077
38512,5.930371917706188e-05
38517,9.129362145996405e-05
38527,0.0007939010076001599
38530,6.925365782098223e-05
38532,0.000952746187990989
38533,5.9518052967203426e-05
38535,0.999803132193682
38540,0.0008303949329747527
38541,0.00028283636599312634
38547,5.3168219727365504e-05
38555,0.9999151191957167
38561,9.979994851932418e-05
38562,0.0003496875210024585
38563,4.3680429369395224e-05
38564,0.00020107479980595945
38565,5.3198627190438685e-05
38566,0.9999473133555481
38570,0.0003025039257935313
38580,0.00014223040098696742
38583,0.9998437096806833
38585,0.0002923211119583854
38586,9.30688173264811e-05
38587,4.979345512463346e-05
38593,0.0007383003065265133
38594,0.000952746187990989
38597,4.939437942899333e-05
38598,5.2421393295752985e-05
38600,0.01121449986618125
38604,0.0013424073831972347
38607,7.430402392503915e-05
38608,5.328417313837607e-05
38610,5.1619473797477944e-05
38617,0.00037007323637957564
38621,0.07131049579431503
38625,0.0017090385776086848
38630,0.00011807935500747968
38637,0.0008303949329747527
38649,0.0009373216812578322
38653,3.2986643860003994e-05
38656,0.9999287947672695
38662,0.9999379658320403
38666,0.001286069590300607
38669,0.2225729167574657
38675,5.9518052967203426e-05
38680,0.23528342926558957
38686,0.0003496875210024585
38687,0.9999586363911022
38689,0.000315211304386939
38690,0.9488613368441116
38692,0.0003152102071780363
38710,0.999947394083066
38712,0.9998657423469635
38719,0.9998727175338324
38726,0.00037007323637957564
38732,4.950210296142815e-05
38742,0.0008303949329747527
38743,0.9999568061872536
38744,0.000315211304386939
38749,0.0019609987351751927
38754,4.353890745567721e-05
38758,0.9999410645749532
38759,0.0017090385776086848
38761,0.0001671650990284317
38765,0.00018286361234585898
38766,0.0018688248110641556
38767,5.930371917706188e-05
38773,0.9998724399668965
38775,0.9998835253501641
38778,0.010243203929753652
38781,0.0004801867743923144
38784,0.00020066762545047415
38787,4.9802890811725866e-05
38789,0.011684100462575488
38795,0.00018286361234585898
38797,0.00018286361234585898
38798,5.374035516115738e-05
38801,0.0008303949329747527
38803,0.0009278858444497353
38809,0.9999334354453012
38811,0.0003921010651064518
38812,0.0006837435887409223
38814,0.0008303949329747527
38822,0.9473785851750359
38831,0.0007939010076001599
38836,0.000816994164089274
38837,0.0007756993650223504
38840,0.9998657423469635
38841,0.000630934997070971
38843,0.9998594636941474
38844,0.9994783115377269
38846,0.9992684286277963
38848,9.214850647165869e-05
38851,0.0007756993650223504
38853,0.9999378386319983
38855,0.0017010896648016567
38864,0.0017010896648016567
38870,0.00020107479980595945
38871,0.2225729167574657
38874,0.9998727175338324
38880,7.654828582184629e-05
38882,5.85900884891341e-05
38891,0.00011254421380958478
38896,0.0002923211119583854
38899,9.12947452479209e-05
38901,0.00012196613435931723
38903,0.0032346263539202343
38904,0.9999840697940373
38910,0.0003152102071780363
38915,0.9998724399668965
38918,0.000952746187990989
38923,0.0004409739513783168
38925,0.004253003917995008
38930,0.9999836293320881
38936,5.9771070337555124e-05
38938,5.270837204143093e-05
38940,0.9995895663719452
38943,0.006507439032569228
38945,0.9473785851750359
38947,3.303726520385771e-05
38950,4.296767133218797e-05
38956,0.000315211304386939
38957,0.0003489828322499265
38971,0.2225729167574657
38972,4.990348619498389e-05
38979,0.0020368549550457585
38985,0.000952746187990989
38989,7.430402392503915e-05
38992,0.9997894764303848
38999,0.0003921010651064518
39001,0.9488613368441116
39002,4.9765305183604125e-05
39003,3.678615168602482e-05
39008,0.00020066762545047415
39009,0.999708282888662
39014,0.22294847171758742
39018,0.9998933186395719
39019,4.6165171911714914e-05
39021,0.9999618881412762
39024,0.9994941412963935
39028,5.270837204143093e-05
39029,0.0007956311236266933
39031,6.586038453583094e-05
39035,3.2986643860003994e-05
39037,0.00020107479980595945
39040,5.255031335435125e-05
39054,0.0009792553448332516
39064,0.9998915930571055
39065,5.379592212530207e-05
39069,0.23528342926558957
39073,0.0009683855312854912
39078,0.00011347764082196614
39083,5.2165165246239245e-05
39084,3.733521486688266e-05
39085,4.363817105083811e-05
39089,0.0003489828322499265
39090,5.811224857081732e-05
39094,0.0001443933841402191
39097,0.0008319384016347835
39099,0.9999473133555481
39102,0.00037007323637957564
39103,0.9998657423469635
39105,0.0002463506730823969
39106,5.255267892605444e-05
39111,0.9978453371823103
39112,0.0007335388084518602
39113,0.9999519954731275
39117,0.22294847171758742
39123,0.0019609987351751927
39124,0.0003025039257935313
39130,0.23528342926558957
39133,0.0003921010651064518
39135,0.23528342926558957
39140,3.5299440766062444e-05
39144,0.0002463506730823969
39145,3.012657282093908e-05
39151,0.0007956311236266933
39155,4.990348619498389e-05
39166,9.12947452479209e-05
39167,0.9961216395055116
39174,0.0007383003065265133
39176,0.0009669031085228232
39179,0.00018286361234585898
39180,0.001804892823843484
39181,0.0005858852184974999
39184,0.9999323359877031
39185,0.22294847171758742
39186,0.00011807935500747968
39190,3.303726520385771e-05
39196,0.9999812976361887
39199,7.654828582184629e-05
39205,0.9993344028907214
39207,0.9488613368441116
39212,0.0003921010651064518
39215,0.00020066762545047415
39216,5.807817151692507e-05
39219,0.0009669031085228232
39221,0.9999840697940373
39225,0.000952746187990989
39227,0.0017090385776086848
39229,0.9999537475210077
39230,0.00032936511113992276
39231,0.22294847171758742
39233,0.0010179779370654157
39235,0.000952746187990989
39237,0.9997966769290615
39246,0.0009373216812578322
39247,0.0015290187425444116
39248,0.9999064394939688
39249,3.248316311800037e-05
39254,0.0010747820407562808
39257,5.2976653991585695e-05
39260,0.9999570522880501
39265,0.22294847171758742
39270,0.9999830343283849
39272,0.22294847171758742
39274,0.23528342926558957
39282,0.0020368549550457585
39287,0.9999767691864934
39289,0.00018286361234585898
39290,0.0023506052563985243
39305,0.9999812976361887
39309,0.00012196613435931723
39318,0.9999855490687554
39320,5.904266506942008e-05
39325,0.0003489828322499265
39327,0.23528342926558957
39328,0.0003921010651064518
39329,0.9992684286277963
39333,0.0026371346473041085
39336,0.00196097464149843
39338,0.00013711284283573854
39339,0.0025414254415800255
39340,0.9999746796172315
39341,4.9765305183604125e-05
39344,0.9998835253501641
39345,8.336272218685308e-05
39355,0.00020107479980595945
39356,5.9551719259913306e-05
39357,4.990348619498389e-05
39359,0.004253003917995008
39361,0.00011808080847816313
39362,0.00028283636599312634
39367,0.0005028658649900774
39372,0.9998724399668965
39373,0.0003489828322499265
39377,0.0028388306532996224
39385,0.9992684286277963
39386,3.737136975879578e-05
39393,0.00011347764082196614
39396,4.363620673341469e-05
39406,0.00012196613435931723
39408,0.0003921010651064518
39411,0.00018286361234585898
39412,0.9998835203314828
39413,0.9999819938281546
39415,5.9518052967203426e-05
39418,0.000417693891382247
39429,0.9999848001105475
39433,5.960938701671091e-05
39435,0.0004176887514791801
39441,0.00018286361234585898
39453,0.0007956311236266933
39466,0.00020066762545047415
39480,0.9999192732797669
39505,0.9992684286277963
39507,0.0007382912243374749
39519,4.596566331885813e-05
39522,9.995309139319764e-05
39540,0.00026013380591040494
39552,0.0018688248110641556
39554,0.06932206381522554
39555,0.9983613011156656
39561,0.0009669031085228232
39569,5.802320831745888e-05
39571,0.0019609987351751927
39573,0.002369870185919107
39575,0.00030162902793411144
39579,0.0007956311236266933
39582,0.001941209739751219
39588,9.454933206012192e-05
39591,0.9473784115901248
39595,0.00018286361234585898
39600,4.596566331885813e-05
39605,0.0030410406056064804
39608,0.9998657423469635
39614,0.00034602988260242916
39621,4.596566331885813e-05
39624,0.9998933232361251
39625,5.9735149678797104e-05
39628,0.00014223040098696742
39629,0.0007231273519612269
39631,4.552010735628039e-05
39632,0.9998727175338324
39636,0.00018286361234585898
39639,0.0005255778566517551
39641,7.423214122859364e-05
39649,0.23528342926558957
39651,0.002075760536193004
39657,0.0007939010076001599
39671,0.00020066762545047415
39672,4.8884553910226695e-05
39676,0.00026652318224960745
39679,0.9999063540576812
39683,7.243784440618535e-05
39686,0.0029351709834033748
39688,0.9982153836933019
39693,3.5297851792852416e-05
39694,0.0003496875210024585
39698,4.939437942899333e-05
39699,0.0060710709303153105
39702,0.9998724399668965
39703,0.9998727175338324
39707,0.0003152102071780363
39710,0.9997623469017161
39712,0.00020066762545047415
39716,0.000952746187990989
39717,0.006507439032569228
39718,0.9999192732797669
39719,3.678615168602482e-05
39730,0.00012196613435931723
39731,0.00014223040098696742
39734,4.950210296142815e-05
39737,6.118571903715033e-05
39740,3.5297851792852416e-05
39744,0.002222625642549714
39746,0.0020368299312688016
39747,0.0024428864496677484
39752,4.586563522306168e-05
39762,0.0009278858444497353
39764,0.2225729167574657
39768,4.9802890811725866e-05
39770,5.9460473564217507e-05
39772,0.9999568061872536
39775,0.9999741728113958
39784,0.23528342926558957
39785,0.9998835203314828
39790,3.7427034839261676e-05
39792,0.000952746187990989
39793,0.9999741331766765
39797,0.00011808080847816313
39798,0.9473784115901248
39799,8.645801978867636e-05
39806,5.986707178831173e-05
39807,5.811224857081732e-05
39815,6.118571903715033e-05
39820,0.0016256759159371701
39831,0.000952746187990989
39832,0.0001671650990284317
39837,0.0003496875210024585
39838,0.003073669723003646
39841,0.005111430321253707
39843,0.00016398085817541613
39844,0.00196097464149843
39848,0.004367320389457687
39856,5.802320831745888e-05
39859,7.423214122859364e-05
39860,0.9992684376272701
39862,0.0027399813435090904
39865,0.00029105310622022835
39869,0.000952746187990989
39892,0.00020066762545047415
39897,0.0003294076063234156
39899,0.00020107479980595945
39904,7.790178350376676e-05
39917,8.474979539295437e-05
39939,0.004367320389457687
39943,0.0003921010651064518
39945,0.0007956311236266933
39946,8.336272218685308e-05
39949,3.9063204635608604e-05
39950,0.000952746187990989
39956,4.36784631498498e-05
39957,6.098563068394302e-05
39963,0.0007939010076001599
39966,0.00011807935500747968
39973,0.0026371346473041085
39975,0.0003294076063234156
39980,0.000648943071412129
39981,0.00018286361234585898
39982,0.0007939010076001599
39985,0.9999064394939688
39987,0.9473785851750359
39989,0.9999410645749532
39996,0.999900690546973
40004,0.0003489828322499265
40009,0.0017010687590371112
40016,0.000952746187990989
40017,0.9999848001105475
40019,0.00012324090765188282
40025,0.0009683855312854912
40028,0.0009373216812578322
40030,0.999621553730851
40032,0.9999848001105475
40033,3.064047711007963e-05
40037,5.558718448156417e-05
40038,0.00012215328705734969
40043,0.0003921010651064518
40052,0.9999430144094646
40061,0.00020066762545047415
40062,0.000952746187990989
40075,4.936988493736761e-05
40076,7.296613865915029e-05
40088,0.9999510331817772
40095,4.950210296142815e-05
40097,4.357130717860938e-05
40100,5.973374035699646e-05
40110,0.00011807935500747968
40113,0.0007369607867453374
40116,0.9998325681411522
40120,3.012657282093908e-05
40122,0.99681309094158
40123,4.558790952076361e-05
40124,3.064047711007963e-05
40134,0.0001493900410580033
40135,4.363620673341469e-05
40138,5.2976653991585695e-05
40141,6.915848633880243e-05
40142,0.000952746187990989
40148,0.00018286361234585898
40151,0.00037007323637957564
40163,7.139906422789197e-05
40165,0.000315211304386939
40170,0.0003489828322499265
40171,5.28613697475509e-05
40175,7.243784440618535e-05
40179,0.0035882903502960934
40181,0.9999104849502187
40185,0.0031117045531496054
40197,0.00020066762545047415
40202,0.0003921010651064518
40206,0.00018286361234585898
40210,7.805144824764233e-05
40215,0.9999303261561714
40216,7.63939839891538e-05
40225,0.00018286361234585898
40229,0.2225729167574657
40232,0.0009373216812578322
40264,9.499264710992848e-05
40265,0.9999151191957167
40267,5.9518052967203426e-05
40269,0.003056399004164884
40272,5.3168219727365504e-05
40281,0.014366894183993954
40286,0.000159476683266819
40291,0.00020066762545047415
40292,0.004839945899236867
40298,0.00020066762545047415
40310,0.9999568061872536
40324,4.9802890811725866e-05
40328,5.901076580935242e-05
40329,6.757968991654644e-05
40332,0.0007586695454938954
40337,0.9999844124185779
40338,5.255031335435125e-05
40345,0.00020066762545047415
40351,0.00014223040098696742
40353,0.0024428864496677484
40356,0.9992684376272701
40363,5.3168219727365504e-05
40366,4.182809535194174e-05
40374,0.0003496875210024585
40375,0.0007956311236266933
40388,0.00014223040098696742
40395,0.0007956311236266933
40397,0.9998727175338324
40399,0.0009792553448332516
40408,0.00032936511113992276
40410,0.0001077557518754141
40412,0.0008456899491242941
40426,6.297770451899694e-05
40427,0.00020107479980595945
40436,0.00037007323637957564
40437,0.22294847171758742
40440,0.9999812976361887
40445,0.9473784115901248
40447,0.00011731880383578854
40450,5.807817151692507e-05
40452,0.22294847171758742
40454,5.807817151692507e-05
40461,0.0001232424246496812
40462,0.2225729167574657
40472,0.23528342926558957
40485,0.0008303949329747527
40490,0.9998657423469635
40493,0.9994985241732534
40499,3.5299440766062444e-05
40504,0.0008303949329747527
40512,5.328417313837607e-05
40517,0.9999192732797669
40528,0.00018286361234585898
40535,0.000417693891382247
40545,0.00012734492032281163
40548,0.999956879502631
40554,4.788409402005109e-05
40565,0.0003294076063234156
40571,0.004347268847470001
40572,0.000585878010140859
40576,4.6146621533253116e-05
40581,4.9802890811725866e-05
40583,0.002759229903327865
40592,0.9999499568979832
40596,0.0003294076063234156
40597,4.3633652185942235e-05
40600,0.00012698982728096342
40601,0.9999525539780105
40603,0.000952746187990989
40604,4.990348619498389e-05
40608,4.830461971156742e-05
40617,3.064047711007963e-05
40620,4.9802890811725866e-05
40631,4.947755505274092e-05
40632,5.4729081153788385e-05
40640,0.9999819551092717
40642,0.000648943071412129
40644,0.9999287947672695
40646,0.0007335388084518602
40658,0.000952746187990989
40663,3.064047711007963e-05
40666,0.9994563648173123
40667,5.918584598836989e-05
40670,0.000417693891382247
40673,5.9460473564217507e-05
40681,0.0002597353063143384
40694,0.000315211304386939
40699,0.00012215328705734969
40701,8.96222599441971e-05
40705,0.9999151191957167
40706,0.0001493900410580033
40710,0.0014296913470183256
40711,0.999621553730851
40715,0.9999410645749532
40718,4.6165171911714914e-05
40725,0.00037007323637957564
40729,0.9998727175338324
40731,0.00018286361234585898
40735,0.9998727175338324
40741,5.9518052967203426e-05
40743,0.00012563569096148903
40751,0.0008958906966385092
40752,6.584865233641874e-05
40753,5.811224857081732e-05
40754,0.003056399004164884
40756,6.669610210327244e-05
40765,0.0003489828322499265
40768,3.059352813200732e-05
40775,0.00018286361234585898
40780,0.9993344028907214
40782,0.0007939010076001599
40791,4.9765305183604125e-05
40794,0.000630934997070971
40796,4.939437942899333e-05
40805,0.3115322474924647
40815,0.0008303949329747527
40819,0.9998657423469635
40821,0.0026371346473041085
40822,0.9992684376272701
40825,0.00018286361234585898
40827,0.0020368549550457585
40831,0.23528342926558957
40843,0.9999855490687554
40849,0.0003489828322499265
40864,7.139906422789197e-05
40865,6.584865233641874e-05
40866,9.979994851932418e-05
40867,0.2225729167574657
40873,0.000630934997070971
40878,0.9998977723201392
40879,0.00011347764082196614
40882,3.248316311800037e-05
40885,5.921551891752585e-05
40892,0.0009669031085228232
40894,0.00032936511113992276
40895,3.5299440766062444e-05
40899,0.9992684376272701
40901,0.00020066762545047415
40911,0.9999568080484527
40913,0.9473785851750359
40919,0.9998835253501641
40924,0.0024544688968789626
40925,0.00018286361234585898
40926,0.0007939010076001599
40930,0.9998727175338324
40937,0.9999568080484527
40938,5.7678122181227455e-05
40945,6.575594970846687e-05
40954,0.0001671650990284317
40956,4.8884553910226695e-05
40959,0.00012324090765188282
40963,3.4567980353356386e-05
40969,0.0003489828322499265
40970,0.00020066762545047415
40976,4.8884553910226695e-05
40982,0.2225729167574657
40986,6.139807191055802e-05
41006,0.0003152102071780363
41008,0.00011807935500747968
41009,0.9998977710617711
41013,0.005547394407932111
41019,0.0003921010651064518
41025,0.0016232016907456724
41031,0.00011808080847816313
41032,3.2986643860003994e-05
41033,0.0018088221646381769
41037,4.950210296142815e-05
41040,0.01121449986618125
41044,4.704675676985309e-05
41045,0.0014296913470183256
41048,0.0003025039257935313
41055,0.00020066762545047415
41057,0.00020107479980595945
41058,0.999924047825515
41062,6.586038453583094e-05
41069,0.00011794298359327118
41070,5.9643622946078996e-05
41072,0.2225729167574657
41074,0.00044997041368243873
41077,0.000952746187990989
41080,5.328417313837607e-05
41082,0.0008303847188266249
41084,3.012657282093908e-05
41087,0.9998727175338324
41088,0.0009373216812578322
41095,0.0009669031085228232
41096,0.0013182524325186767
41101,0.9998727175338324
41102,4.984167379817237e-05
41106,0.2225729167574657
41111,0.0009669031085228232
41117,0.0009792553448332516
41124,4.947755505274092e-05
41127,4.8884553910226695e-05
41135,0.0007335297847933146
41138,0.001015896848436102
41139,8.74710387549412e-05
41143,7.430402392503915e-05
41144,5.4929935731589505e-05
41153,0.00012734492032281163
41165,0.2225729167574657
41166,0.9999812976361887
41172,0.9999840697940373
41176,0.0008303949329747527
41177,5.211854000935717e-05
41186,5.3198627190438685e-05
41187,4.9802890811725866e-05
41191,4.363620673341469e-05
41196,0.9999832815707336
41197,7.423214122859364e-05
41209,8.825040237274523e-05
41213,0.9992684286277963
41216,0.0003489828322499265
41218,0.9998657423469635
41220,0.0002463506730823969
41221,7.002598020221513e-05
41223,0.001804892823843484
41224,0.2225729167574657
41235,0.9999379658320403
41239,0.0004532118089115947
41242,4.9802890811725866e-05
41244,3.2986643860003994e-05
41245,5.3658013213535084e-05
41246,4.8884553910226695e-05
41250,0.0003921010651064518
41251,0.00026652318224960745
41252,0.9488613368441116
41254,0.00020066762545047415
41256,0.9992684376272701
41257,0.23528342926558957
41261,0.014078245481704601
41268,7.423214122859364e-05
41270,0.9473784115901248
41272,0.000952746187990989
41276,8.74710387549412e-05
41278,4.16532371067625e-05
41279,5.9735149678797104e-05
41281,0.0005255843234949455
41284,0.00018286361234585898
41285,0.00020107479980595945
41287,0.006507439032569228
41289,4.9802890811725866e-05
41291,0.006483092771989294
41292,0.9998727175338324
41295,0.00468030719862288
41299,0.9473785851750359
41306,0.960068030659492
41313,0.0003152102071780363
41315,0.0007939010076001599
41317,0.0008303847188266249
41318,0.9983838773723919
41325,4.558790952076361e-05
41331,0.9999499568979832
41332,0.0009683855312854912
41335,0.00012215328705734969
41341,0.0008303847188266249
41345,4.363620673341469e-05
41352,0.00018286361234585898
41358,0.9998657423469635
41359,0.00196097464149843
41365,0.0014296913470183256
41375,0.0003921010651064518
41388,0.0003489828322499265
41399,3.6842603544390786e-05
41402,0.0007956311236266933
41413,4.4800264939105734e-05
41414,0.23528342926558957
41416,0.9998657423469635
41423,0.9998835253501641
41425,0.006092414671259864
41427,0.00468024985102596
41429,0.000952746187990989
41430,0.005345436867303579
41432,0.003056399004164884
41439,5.3168219727365504e-05
41440,0.22294847171758742
41445,0.0007956311236266933
41449,0.00196097464149843
41451,0.007811536939100736
41453,0.0002923211119583854
41460,0.9982515066090728
41467,3.059352813200732e-05
41468,0.0017090385776086848
41469,0.0018688248110641556
41475,3.9005106181215564e-05
41480,0.0020368549550457585
41488,0.9999632362781291
41492,0.9473784115901248
41499,0.9985762500190177
41501,0.9473784115901248
41503,0.0003489828322499265
41510,0.9960776336527056
41511,0.0009339076959921525
41518,0.9999848001105475
41524,0.0032128504386769842
41527,0.0003921010651064518
41530,0.0008303847188266249
41540,0.9998400457194301
41541,0.000417693891382247
41546,0.002369870185919107
41554,0.002755013582434655
41555,0.002755013582434655
41559,0.9999830343283849
41573,0.0007939010076001599
41577,0.9999525539780105
41583,0.00044997041368243873
41584,0.23528342926558957
41587,0.0035882903502960934
41591,0.0023506052563985243
41596,0.00029105310622022835
41600,0.00020107479980595945
41601,8.654174039039744e-05
41614,0.0017010896648016567
41617,4.357130717860938e-05
41631,4.3591439119663445e-05
41634,0.9996160362243841
41644,0.0003921010651064518
41647,5.034163911507626e-05
41655,7.048083194376647e-05
41661,0.00014223040098696742
41666,0.999803132193682
41668,0.0007956311236266933
41669,0.9999840697940373
41677,7.430402392503915e-05
41682,0.0008303949329747527
41683,0.007811632353563862
41685,0.9998835203314828
41693,0.9998657423469635
41695,0.9999855490687554
41698,0.2225729167574657
41706,0.9999812976361887
41707,0.004246514712537119
41712,0.22294847171758742
41715,0.2225729167574657
41723,5.807817151692507e-05
41726,0.00018286361234585898
41728,0.0003489828322499265
41735,5.960938701671091e-05
41738,0.001804892823843484
41742,0.00020066762545047415
41756,0.9998724399668965
41757,0.000952746187990989
41760,4.182809535194174e-05
41761,9.537201456968648e-05
41763,0.0007382912243374749
41769,0.0003294076063234156
41771,0.00028005990529979296
41772,0.0009278858444497353
41776,0.9998724399668965
41778,5.930371917706188e-05
41785,0.00018286361234585898
41787,3.012657282093908e-05
41790,0.0007939010076001599
41797,0.9999071939822632
41798,5.328417313837607e-05
41801,8.825040237274523e-05
41802,0.999621553730851
41805,0.9995537572190368
41811,0.0006304452674788647
41816,0.0007335388084518602
41818,0.2225729167574657
41831,0.000952746187990989
41834,0.2225729167574657
41839,0.0008353762052111808
41847,0.9992684286277963
41850,0.014078245481704601
41852,3.064047711007963e-05
41853,0.002735794355241847
41855,0.000952746187990989
41859,3.678615168602482e-05
41871,4.9802890811725866e-05
41875,0.9999058160516413
41885,0.9999568061872536
41898,3.7236995959936146e-05
41901,0.0001077557518754141
41903,0.9999586363911022
41904,0.9473785851750359
41908,0.9999855490687554
41910,0.00012215328705734969
41915,0.000630934997070971
41920,0.0012444919227764014
41923,0.00044997041368243873
41927,0.004246514712537119
41931,0.00020066762545047415
41934,0.0009373216812578322
41942,3.524535332626971e-05
41956,0.9977780516535503
41957,7.243784440618535e-05
41958,0.23528342926558957
41959,0.000952746187990989
41961,0.0005659931187681221
41967,0.999828779648926
41970,4.830461971156742e-05
41973,0.9999830343283849
41991,0.9999410645749532
41993,5.442180979795914e-05
41997,0.9998724399668965
42005,0.0007939010076001599
42009,0.9998727175338324
42011,0.9999169819501809
42012,0.0007939010076001599
42022,0.9969788928300801
42024,0.00026013380591040494
42026,0.9999104849502187
42036,0.9473785851750359
42042,0.9978056248750833
42043,0.0019609987351751927
42044,0.00011508904027978393
42047,0.002541394234689496
42048,0.0007383003065265133
42060,5.3168219727365504e-05
42062,5.379592212530207e-05
42070,0.0002339547323175695
42079,0.9473785851750359
42082,0.000630934997070971
42084,0.9999819551092717
42085,0.011197169747356423
42087,0.01968880579983274
42097,5.28613697475509e-05
42099,4.88372611445455e-05
42100,0.23528342926558957
42101,0.996647837420526
42115,0.00016397883980823154
42116,0.00012734492032281163
42121,0.9999287947672695
42122,0.999708282888662
42127,0.9999855490687554
42130,0.0001077557518754141
42131,5.2976653991585695e-05
42132,0.9992684376272701
42138,0.00018286361234585898
42144,0.23528342926558957
42149,0.01121449986618125
42156,4.4800264939105734e-05
42160,0.00028283636599312634
42170,5.85900884891341e-05
42173,0.0007956311236266933
42174,4.558790952076361e-05
42176,0.9999747977533606
42177,0.0028333853607670828
42178,0.9473784115901248
42183,0.9998977723201392
42186,0.00018286361234585898
42187,0.9999151191957167
42188,0.9998724399668965
42193,0.9473785851750359
42194,0.00032936511113992276
42196,0.9993344028907214
42200,0.00196097464149843
42204,0.0006304375112297416
42216,0.9998657423469635
42223,7.850261865968507e-05
42227,0.00014223040098696742
42228,0.9999104849502187
42229,0.9999151191957167
42243,0.008553236628911757
42244,0.0007939010076001599
42245,0.0022694176242175766
42248,0.00018286361234585898
42251,0.9999064394939688
42252,0.003056399004164884
42254,0.001049537844567472
42265,0.0009683855312854912
42273,0.00011808080847816313
42275,0.0003025039257935313
42281,0.00020066762545047415
42286,0.9999525539780105
42287,0.0003489828322499265
42289,5.811224857081732e-05
42303,0.9999811623733025
42304,0.9999812976361887
42305,0.9998423963632717
42306,4.9765305183604125e-05
42308,4.9802890811725866e-05
42315,0.9999836293320881
42319,8.178086461654442e-05
42321,0.9999104849502187
42337,0.00012215328705734969
42341,0.9999604073417305
42348,0.22294847171758742
42352,0.9999844124185779
42355,0.23528342926558957
42373,0.9996223163522101
42375,0.9998657423469635
42384,0.00605733709048263
42398,0.0003489828322499265
42400,7.243784440618535e-05
42401,5.928872659348649e-05
42405,0.0014297089223900316
42407,0.0004176887514791801
42410,0.2225729167574657
42411,0.0013182524325186767
42412,4.830402508277897e-05
42415,0.0003921010651064518
42420,8.690654935332071e-05
42426,0.9992684376272701
42428,0.0018688248110641556
42437,0.0017010687590371112
42439,0.00026013380591040494
42441,0.00037007323637957564
42447,5.442180979795914e-05
42458,0.0008303949329747527
42470,0.00015586490166880965
42476,0.0009669031085228232
42481,0.9999525539780105
42484,0.0020588466571659614
42485,0.0003294076063234156
42488,0.00020107479980595945
42490,0.9998933232361251
42494,0.001804892823843484
42497,4.984167379817237e-05
42498,0.9473784115901248
42499,0.000156206937514713
42500,3.90649631038659e-05
42507,0.0009669031085228232
42508,0.0007335297847933146
42509,5.1730895903729595e-05
42510,0.00022067729558604302
42519,0.9473785851750359
42523,0.014078245481704601
42526,4.950210296142815e-05
42532,0.003056399004164884
42535,0.0008958906966385092
42537,5.2501837663869845e-05
42542,3.7427034839261676e-05
42549,5.960938701671091e-05
42550,0.0035882903502960934
42579,9.995309139319764e-05
42583,4.4800264939105734e-05
42584,0.00018286361234585898
42593,0.000315211304386939
42595,5.412110352826748e-05
42596,0.00037007323637957564
42601,0.0002597353063143384
42604,4.363620673341469e-05
42609,4.363817105083811e-05
42611,0.00017381270897049746
42616,0.0004801867743923144
42623,0.9998657423469635
42624,0.9999819938281546
42628,4.435116829489197e-05
42635,0.0003294076063234156
42637,0.23528342926558957
42640,8.846959497358408e-05
42641,0.9992684376272701
42643,0.000952746187990989
42645,0.0009669031085228232
42651,6.575594970846687e-05
42652,0.001275979893869128
42653,0.019689637547841872
42654,0.003235558232974092
42659,0.9473784115901248
42660,0.0007197607066964709
42665,0.000952746187990989
42670,0.2225729167574657
42687,0.0003489828322499265
42690,0.9995895663719452
42695,0.0001446822652224954
42700,0.9984008985709164
42709,0.9998724399668965
42714,4.704675676985309e-05
42724,4.990348619498389e-05
42733,0.9998724399668965
42740,5.802320831745888e-05
42741,0.00020066762545047415
42748,0.9998657423469635
42749,4.950210296142815e-05
42753,0.00016397883980823154
42754,0.0007335297847933146
42759,0.003056399004164884
42765,4.8884553910226695e-05
42774,0.9998746234326046
42779,0.9994770105400372
42780,4.3633652185942235e-05
42781,8.846959497358408e-05
42784,4.614869885371506e-05
42786,0.0002289094309271827
42787,0.9999064394939688
42793,0.00018286361234585898
42795,0.012432835309496702
42796,4.558790952076361e-05
42800,0.0029306866007651525
42814,0.00018286361234585898
42828,0.0003489828322499265
42830,4.552010735628039e-05
42831,0.9998657423469635
42834,5.807817151692507e-05
42838,0.00018286361234585898
42844,0.0007956311236266933
42850,5.3168219727365504e-05
42852,0.9999499568979832
42853,0.00014223040098696742
42854,0.010243203929753652
42862,0.0007939010076001599
42864,5.4421139870795765e-05
42877,0.0009411993536449818
42884,0.00018286361234585898
42887,0.9957413664375785
42888,0.999951564094725
42889,0.9993344028907214
42903,0.9999550062893311
42904,0.0003025039257935313
42907,0.00016716715660778432
42910,0.0005028658649900774
42912,0.003947073554703603
42921,4.990348619498389e-05
42923,0.0003025039257935313
42934,0.9998724399668965
42937,4.9802890811725866e-05
42938,4.586563522306168e-05
42940,0.0035080888356639997
42947,0.9973433265142237
42948,0.00016716715660778432
42951,0.000952746187990989
42960,5.930371917706188e-05
42962,7.423214122859364e-05
42963,4.9802890811725866e-05
42964,3.737136975879578e-05
42969,4.5589961691584216e-05
42974,5.3168219727365504e-05
42976,6.629840522857202e-05
42977,3.5297851792852416e-05
42978,0.9994985241732534
42986,5.3658013213535084e-05
42989,0.00029105310622022835
43002,0.005109548757822856
43004,0.9998727175338324
43011,0.0006268654924940422
43012,4.558790952076361e-05
43019,5.960938701671091e-05
43022,7.243784440618535e-05
43032,3.524535332626971e-05
43033,0.999828779648926
43035,0.0004176887514791801
43037,0.0003496875210024585
43038,4.950210296142815e-05
43042,0.00020107479980595945
43051,0.0009683855312854912
43055,0.9992684376272701
43056,0.0004176887514791801
43057,0.0009669031085228232
43059,5.379592212530207e-05
43062,0.00020107479980595945
43065,0.99873581706373
43066,0.0003152102071780363
43067,8.86482851627741e-05
43078,0.0003496875210024585
43081,4.950210296142815e-05
43084,7.632007959199317e-05
43087,8.96222599441971e-05
43088,0.000952746187990989
43090,0.006507359443577124
43091,9.979994851932418e-05
43094,0.9998657423469635
43100,0.9999195917756377
43102,0.00020107479980595945
43109,0.9999794112261701
43112,0.9998727175338324
43114,0.0017010896648016567
43115,0.000952746187990989
43116,4.9802890811725866e-05
43118,0.9999648492164995
43119,0.0007939010076001599
43121,9.979994851932418e-05
43123,3.4567980353356386e-05
43132,5.328417313837607e-05
43140,0.000952746187990989
43147,0.9999525539780105
43159,0.9999519975416081
43161,0.007712427256208215
43169,7.048169955266968e-05
43170,0.0002918733189469976
43174,0.00011820412935507322
43177,0.9992684286277963
43180,0.9992684286277963
43182,0.000648943071412129
43191,6.586038453583094e-05
43194,0.0003489828322499265
43196,0.999924047825515
43201,0.9981853992253368
43207,0.006393367849453732
43208,0.9999583636905568
43211,0.0007939010076001599
43212,5.802320831745888e-05
43213,6.586038453583094e-05
43219,4.3680429369395224e-05
43220,0.00037007323637957564
43224,0.9987313342380877
43236,0.0003921010651064518
43237,0.003056399004164884
43244,0.002061999755018048
43248,0.000736969852579889
43249,4.361350075037471e-05
43253,0.9998727175338324
43259,0.0009683855312854912
43263,0.9998933186395719
43265,5.930371917706188e-05
43269,0.9987313342380877
43282,4.950210296142815e-05
43285,0.00032936511113992276
43287,0.9993344028907214
43293,0.9473785851750359
43294,0.9998657423469635
43299,0.00020066762545047415
43300,0.9999848001105475
43313,0.9998727175338324
43325,0.23528342926558957
43329,0.0007463319575162534
43334,0.000952746187990989
43335,0.0006309272348006008
43339,0.9998287870257786
43343,0.007181853776498755
43346,0.9998657423469635
43347,0.002258840483687748
43348,0.0007939010076001599
43355,5.247215666202429e-05
43361,0.00011044715495842429
43364,3.524535332626971e-05
43368,4.77798913342049e-05
43369,5.3151751274296496e-05
43374,0.0007939010076001599
43384,0.23528342926558957
43387,0.0003294076063234156
43391,0.0003152102071780363
43392,0.23528342926558957
43394,5.960938701671091e-05
43395,0.9994783115377269
43396,4.363817105083811e-05
43398,0.9999848001105475
43406,0.0002597353063143384
43411,4.361350075037471e-05
43413,0.9998795342559553
43415,0.0007197695610940449
43416,0.9999832815707336
43417,0.0007756993650223504
43420,4.586563522306168e-05
43421,0.9999510331817772
43425,3.064047711007963e-05
43434,0.9998727175338324
43448,0.0007939010076001599
43450,0.0006309272348006008
43458,5.960938701671091e-05
43459,0.0003921010651064518
43466,0.00012196613435931723
43469,0.9992684286277963
43475,5.34109931108707e-05
43479,0.9998727175338324
43480,0.000952746187990989
43486,0.9999119730214132
43491,0.0003489828322499265
43503,0.00020107479980595945
43506,5.930371917706188e-05
43532,0.00014223040098696742
43537,3.954373496475425e-05
43541,0.9999063500225552
43543,0.9999323359877031
43546,0.00196097464149843
43547,0.9999812976361887
43549,0.996695037393001
43550,0.22294847171758742
43551,0.23528342926558957
43557,4.990348619498389e-05
43559,0.000952746187990989
43567,9.995309139319764e-05
43584,9.979994851932418e-05
43586,0.9998657423469635
43591,0.9999550062893311
43594,0.00018286361234585898
43596,0.00019223952449051726
43603,0.0007939010076001599
43608,4.558790952076361e-05
43615,0.9999334346258979
43619,0.00020107479980595945
43620,9.989047032803534e-05
43621,0.00044997041368243873
43638,0.9980523359461434
43640,4.361350075037471e-05
43641,3.059352813200732e-05
43644,9.979994851932418e-05
43646,6.586038453583094e-05
43647,0.0019609987351751927
43649,8.336272218685308e-05
43664,0.000315211304386939
43666,0.0003300301995967342
43670,0.002348765403620158
43672,0.00014223040098696742
43678,4.936988493736761e-05
43680,4.8884553910226695e-05
43685,0.9999059632313643
43687,0.9998724399668965
43690,3.6842603544390786e-05
43701,0.002181762929988489
43702,0.06932206381522554
43709,0.0018088221646381769
43718,0.9998727175338324
43722,4.950210296142815e-05
43728,0.0009669031085228232
43731,0.00020107479980595945
43738,0.00020107479980595945
43741,0.002312336623816038
43746,0.9992684376272701
43747,7.63939839891538e-05
43755,0.9999848001105475
43758,6.456014446647567e-05
43762,0.002312336623816038
43763,0.00014223040098696742
43772,0.011197169747356423
43777,0.0005659931187681221
43795,5.3198627190438685e-05
43798,0.0004176887514791801
43801,0.00018286361234585898
43802,6.317303913812666e-05
43812,0.9994985241732534
43817,0.0026206358642014023
43818,0.9969374008402886
43819,5.255031335435125e-05
43821,0.9999855490687554
43822,5.28613697475509e-05
43824,0.00015729204791610285
43830,0.999906630939681
43831,3.2986643860003994e-05
43843,0.9992684376272701
43854,3.7427034839261676e-05
43857,0.0024428864496677484
43860,7.430402392503915e-05
43864,0.00020107479980595945
43865,0.00015586490166880965
43866,0.00018286361234585898
43867,0.0007939010076001599
43870,3.7427034839261676e-05
43872,0.0003496875210024585
43873,0.9999836293320881
43875,0.9992684286277963
43878,0.001275979893869128
43882,0.00020107479980595945
43883,4.990348619498389e-05
43892,8.282474337774909e-05
43894,0.9998400457194301
43909,0.0007939010076001599
43910,0.0003300301995967342
43914,0.0007939010076001599
43918,0.0003300301995967342
43921,0.23528342926558957
43926,5.3168219727365504e-05
43927,0.9473784115901248
43931,4.990348619498389e-05
43933,0.9998281263054793
43935,0.00044997041368243873
43936,0.9992684286277963
43940,0.9998594576388387
43944,4.4800264939105734e-05
43945,0.00018286361234585898
43947,0.014078245481704601
43955,0.0001077557518754141
43958,0.0003611341422352126
43960,0.999947394083066
43965,0.00020066762545047415
43966,4.9802890811725866e-05
43967,0.003056399004164884
43969,0.22294847171758742
43970,0.0003152102071780363
43974,0.9998894441255551
43979,4.36784631498498e-05
43990,5.811224857081732e-05
43993,0.9999106770087686
43994,0.9999771981057078
43996,0.999947394083066
43999,6.317303913812666e-05
44000,0.9998727175338324
44003,0.9998657423469635
44004,0.9999063500225552
44005,0.9999855490687554
44012,0.0014892689250884834
44015,0.9998657423469635
44020,4.296767133218797e-05
44021,7.048083194376647e-05
44022,0.9999832815707336
44023,4.3680429369395224e-05
44024,5.9551719259913306e-05
44025,0.9999119730214132
44029,0.00020066762545047415
44030,0.0002597353063143384
44051,5.250400866928995e-05
44054,0.999621553730851
44057,0.0009669031085228232
44058,0.000315211304386939
44062,0.0007417536054868211
44065,0.0032346263539202343
44067,0.22294847171758742
44072,0.23528342926558957
44076,0.001074795257880185
44078,0.9999568080484527
44081,0.9998795342559553
44082,0.0008303847188266249
44093,0.00014223218328472155
44101,5.247215666202429e-05
44112,0.22294847171758742
44114,0.0007383003065265133
44115,0.22294847171758742
44122,0.9998915930571055
44126,0.0007956311236266933
44128,0.000315211304386939
44129,0.011197169747356423
44130,0.9998657423469635
44133,5.9518052967203426e-05
44137,4.9765305183604125e-05
44139,3.678615168602482e-05
44147,0.0009339076959921525
44150,7.048169955266968e-05
44156,0.00044997041368243873
44165,0.00019733540215887804
44167,0.9992684286277963
44171,0.0003489828322499265
44172,0.9999064394939688
44173,0.0008686296922297118
44174,0.00468024985102596
44176,4.984167379817237e-05
44187,0.0008303949329747527
44188,4.24935205415871e-05
44191,4.614869885371506e-05
44200,0.02202111633725729
44205,0.23528342926558957
44207,0.00019763818345950405
44209,0.9998437096806833
44210,5.807817151692507e-05
44217,0.9999106770087686
44218,0.9998724399668965
44221,0.9998727175338324
44234,0.9998657423469635
44236,3.303726520385771e-05
44237,5.802320831745888e-05
44238,0.23528342926558957
44240,0.9999063500225552
44245,0.002369870185919107
44246,0.0014296913470183256
44249,0.9989676385412505
44250,0.000952746187990989
44252,0.000326231031246402
44260,0.9999119730214132
44269,0.0007335388084518602
44288,5.811224857081732e-05
44290,0.9999855490687554
44291,0.9987313342380877
44295,0.9998657423469635
44304,0.9998400457194301
44310,0.00037007323637957564
44320,0.0076270176114838295
44324,5.2976653991585695e-05
44326,0.0004409739513783168
44331,0.0003025039257935313
44339,0.0009683855312854912
44344,0.9999310290323018
44347,4.939437942899333e-05
44348,5.034163911507626e-05
44349,0.0008303949329747527
44356,0.00020066762545047415
44357,7.423214122859364e-05
44362,0.00012215328705734969
44367,0.000315211304386939
44371,7.632007959199317e-05
44376,0.00012734492032281163
44377,0.00012196613435931723
44378,0.000952746187990989
44383,0.9996885102937777
44386,0.9998657423469635
44387,0.0008037088560648402
44393,6.145752749939242e-05
44396,0.9999210094281771
44398,0.00018286361234585898
44399,4.357130717860938e-05
44404,0.0024428864496677484
44405,5.311950632929762e-05
44413,6.440614235541515e-05
44414,0.999968677429243
44417,6.586038453583094e-05
44419,0.0025414254415800255
44428,0.0014297089223900316
44430,0.000315211304386939
44436,9.370071394345836e-05
44440,5.2368456446649856e-05
44442,0.22294847171758742
44446,0.00037007323637957564
44450,0.0007956311236266933
44453,0.0026206358642014023
44454,4.6146621533253116e-05
44460,0.013127108531452969
44464,0.0018088221646381769
44467,0.0010179779370654157
44468,3.059352813200732e-05
44473,0.0007939010076001599
44483,6.118571903715033e-05
44484,0.005111430321253707
44485,0.00028283636599312634
44487,0.0002597353063143384
44489,0.003056399004164884
44492,0.00018286361234585898
44494,0.999828779648926
44495,0.00020107479980595945
44503,0.9992684376272701
44504,3.684094510962778e-05
44508,0.00018286361234585898
44512,0.0007335388084518602
44514,0.22294847171758742
44529,4.9802890811725866e-05
44530,0.9999210094281771
44531,0.23528342926558957
44535,0.00029105310622022835
44536,0.0002597353063143384
44553,0.0003921010651064518
44555,5.6128334197581794e-05
44558,0.9999848001105475
44560,0.001804892823843484
44561,0.0007956311236266933
44564,0.9999541943733825
44569,0.0006304375112297416
44575,0.00018286361234585898
44587,0.2225729167574657
44588,0.9999805439124154
44592,5.3151096980598485e-05
44593,4.6146621533253116e-05
44598,0.2225729167574657
44601,0.0007956311236266933
44604,7.243784440618535e-05
44607,0.9998724399668965
44613,0.000630934997070971
44615,0.9999632362781291
44619,0.9998727175338324
44625,0.9992684286277963
44627,0.0017090175743221699
44628,0.9998657423469635
44636,5.807817151692507e-05
44637,0.9998657423469635
44642,0.9998727175338324
44649,0.0029351709834033748
44653,8.74710387549412e-05
44657,6.118571903715033e-05
44658,5.270837204143093e-05
44664,4.990348619498389e-05
44666,8.654174039039744e-05
44667,0.0003496875210024585
44668,0.0003921010651064518
44669,5.9551719259913306e-05
44672,0.0009669031085228232
44677,0.0002597353063143384
44679,0.0005255843234949455
44680,4.526543650395926e-05
44684,0.0035882903502960934
44695,0.00012037385252514046
44696,0.999798588411122
44697,0.0009792553448332516
44711,0.23528342926558957
44714,5.930371917706188e-05
44715,3.059352813200732e-05
44720,0.3162101035786853
44725,0.0025293649193269072
44728,5.9735149678797104e-05
44730,0.0002597353063143384
44735,0.9998724399668965
44737,0.0002597353063143384
44739,0.0007335388084518602
44741,7.430402392503915e-05
44744,7.423214122859364e-05
44745,0.9996885102937777
44754,0.9999104849502187
44757,7.423214122859364e-05
44759,0.998799240631583
44766,0.00037007323637957564
44767,0.9998657423469635
44769,5.270837204143093e-05
44771,0.9999836411479883
44772,5.973374035699646e-05
44776,4.950210296142815e-05
44781,0.9998727175338324
44782,0.000952746187990989
44784,5.807817151692507e-05
44792,0.0007956311236266933
44800,0.22294847171758742
44802,0.0007383003065265133
44803,4.8884553910226695e-05
44804,0.9999830343283849
44805,0.9998727175338324
44810,0.0003489828322499265
44821,0.9992684376272701
44823,0.0003489828322499265
44825,0.0009373216812578322
44826,4.9802890811725866e-05
44828,0.00032936511113992276
44829,0.00020107479980595945
44834,0.9999836411479883
44840,0.9998885329924632
44842,0.0007939010076001599
44844,0.22294847171758742
44847,0.00020107479980595945
44857,0.0003025039257935313
44860,0.9999195927654295
44864,0.0024428864496677484
44874,4.5589961691584216e-05
44876,4.36784631498498e-05
44877,5.270837204143093e-05
44879,5.1619473797477944e-05
44881,0.0007939010076001599
44890,9.274589945510172e-05
44899,0.0009683855312854912
44902,0.9997223917866348
44903,3.684094510962778e-05
44904,0.23528342926558957
44906,0.0012712279988481728
44908,0.0007956311236266933
44909,7.139906422789197e-05
44916,0.00020066762545047415
44917,0.0013162351325675177
44919,0.00028283636599312634
44921,5.802320831745888e-05
44925,0.0003489828322499265
44927,7.423214122859364e-05
44928,0.0006304452674788647
44929,5.807817151692507e-05
44943,0.22294847171758742
44944,0.00016716715660778432
44945,0.9999379658320403
44948,5.681464706624779e-05
44952,0.0003489828322499265
44955,0.00020066762545047415
44957,0.9999334354453012
44959,0.9981585298979115
44961,0.001275979893869128
44962,5.918584598836989e-05
44966,0.0008303949329747527
44971,0.999956879502631
44972,0.9822360288268749
44975,4.950210296142815e-05
44976,4.9802890811725866e-05
44977,0.9998835203314828
44979,5.9460473564217507e-05
44980,0.00012470484299638508
44981,0.9994774953774737
44982,5.802320831745888e-05
44986,7.919937564024841e-05
44991,0.0002918733189469976
44993,0.0017010896648016567
44995,0.0007586695454938954
44996,8.825040237274523e-05
44997,8.645801978867636e-05
44998,0.9999379658320403
45007,0.00029105310622022835
45013,0.9998724399668965
45014,0.00022067729558604302
45015,0.9972823928169495
45016,4.6328684081510264e-05
45018,3.6842603544390786e-05
45020,0.002369870185919107
45028,0.00020107479980595945
45033,0.99873581706373
45036,7.243784440618535e-05
45044,0.0001077557518754141
45050,0.9999812574203041
45063,0.9989884032023679
45064,4.4800264939105734e-05
45071,4.4231548015827105e-05
45076,0.9473784115901248
45077,0.004227015467084751
45080,6.118571903715033e-05
45088,4.990348619498389e-05
45089,6.669610210327244e-05
45091,0.9999586363911022
45094,0.23528342926558957
45099,0.22294847171758742
45108,0.0007197607066964709
45111,0.23528342926558957
45127,3.91301274478429e-05
45135,0.000315211304386939
45137,0.0009104718353442865
45139,0.23528342926558957
45140,0.0014296913470183256
45142,0.00026013380591040494
45143,0.23528342926558957
45163,0.000315211304386939
45171,0.005723389742325767
45172,5.2501837663869845e-05
45174,0.00020066762545047415
45179,0.0020368299312688016
45189,0.22294847171758742
45194,8.846959497358408e-05
45197,6.669610210327244e-05
45211,0.9473785851750359
45224,8.690547957694011e-05
45229,0.00014223040098696742
45230,0.0003489828322499265
45236,0.002312336623816038
45237,0.9998727175338324
45240,0.23528342926558957
45242,0.00011794298359327118
45251,0.0009792553448332516
45261,0.00012196613435931723
45271,3.9541954945937043e-05
45280,0.00044997041368243873
45281,0.0002597353063143384
45289,0.9999840697940373
45291,4.8884553910226695e-05
45292,0.0023506052563985243
45294,0.0003300301995967342
45297,0.9998972377952217
45301,0.00020066762545047415
45303,0.00037007323637957564
45305,0.0007383003065265133
45306,0.9999819938281546
45312,0.9998325681411522
45315,0.0007231362477448386
45316,0.001804892823843484
45317,0.0003921010651064518
45327,5.807817151692507e-05
45329,0.9999819938281546
45331,0.00028283636599312634
45333,0.00196097464149843
45337,0.0002918733189469976
45338,0.00018286361234585898
45340,5.9551719259913306e-05
45341,3.7390826096239374e-05
45350,0.000315211304386939
45355,8.86482851627741e-05
45358,0.0006309272348006008
45361,0.00020107479980595945
45367,0.9998169174125405
45377,0.998799240631583
45378,0.0020588466571659614
45379,0.003073669723003646
45382,0.000952746187990989
45383,0.9999526426022866
45388,0.0009278858444497353
45391,9.214850647165869e-05
45395,0.00019763818345950405
45401,6.11553776210631e-05
45402,0.00011507786644878865
45406,0.011197169747356423
45411,0.0018688248110641556
45412,0.9993344028907214
45413,0.000315211304386939
45416,0.0009792553448332516
45420,5.807817151692507e-05
45421,0.004067554616661605
45423,0.0007956311236266933
45435,0.9998657423469635
45443,0.9999848001105475
45455,0.0001077557518754141
45461,0.002312336623816038
45472,0.0007956311236266933
45485,0.2225729167574657
45490,0.22294847171758742
45506,0.9999848001105475
45507,5.2976653991585695e-05
45513,0.9998977710617711
45514,0.00012215328705734969
45519,4.9802890811725866e-05
45520,0.00961084601137933
45521,0.0009669031085228232
45522,0.00020066762545047415
45528,0.22294847171758742
45532,0.9473784115901248
45536,9.995309139319764e-05
45539,4.9802890811725866e-05
45545,7.685398210574893e-05
45546,3.303726520385771e-05
45553,0.00196097464149843
45556,0.9473785851750359
45557,6.202433109454105e-05
45567,0.0009683855312854912
45575,0.9998657423469635
45578,6.118571903715033e-05
45580,4.361350075037471e-05
45589,0.002222625642549714
45590,0.002061999755018048
45592,5.921551891752585e-05
45603,0.00029105310622022835
45604,5.328417313837607e-05
45606,0.005723389742325767
45611,0.000131889150515846
45617,0.23528342926558957
45620,0.9473785851750359
45625,0.0003921010651064518
45627,0.0007197695610940449
45628,0.0009792553448332516
45633,0.9999303261561714
45638,0.0003489828322499265
45642,8.917081383032545e-05
45643,0.0007956311236266933
45647,0.9999783362129983
45650,0.0003025039257935313
45653,0.005111430321253707
45654,0.9488613368441116
45658,9.537201456968648e-05
45661,0.001275979893869128
45670,0.010243203929753652
45673,0.007155281965314428
45685,0.2225729167574657
45691,0.00014291747113753236
45693,0.9998727175338324
45694,0.9995895663719452
45696,0.9996885102937777
45700,0.9457839634164231
45703,0.9999812976361887
45708,0.9998724399668965
45711,0.22294847171758742
45714,5.960938701671091e-05
45717,4.8884553910226695e-05
45721,9.680136030041882e-05
45722,5.1730895903729595e-05
45723,0.9987377517266016
45726,0.0003921010651064518
45733,6.694065197230985e-05
45735,5.960938701671091e-05
45737,0.00020066762545047415
45743,0.02847242193982275
45746,0.0003025039257935313
45749,0.9999640003330978
45751,0.9999568776445106
45752,0.9998724399668965
45757,0.9998977723201392
45759,0.00011507786644878865
45764,0.0007939010076001599
45768,0.002755013582434655
45781,0.9994729288067751
45785,0.0007939010076001599
45798,0.9999323359877031
45801,0.0007382912243374749
45808,3.059352813200732e-05
45814,7.850261865968507e-05
45815,0.9999525539780105
45816,0.0007939010076001599
45825,0.9999525539780105
45828,0.00196097464149843
45831,6.118571903715033e-05
45832,4.939437942899333e-05
45834,0.22294847171758742
45844,0.0007956311236266933
45847,0.9999819938281546
45848,0.0002597353063143384
45853,0.006531051163236193
45854,0.00020066762545047415
45856,0.0009669031085228232
45861,0.9999855490687554
45862,0.0031117045531496054
45871,0.9996223163522101
45882,0.0007197607066964709
45891,0.0017090385776086848
45893,0.0020368299312688016
45898,0.002369870185919107
45901,0.9999519975416081
45905,0.9998727175338324
45908,0.00605733709048263
45911,0.006531051163236193
45919,0.0002597353063143384
45928,4.8884553910226695e-05
45931,0.014968709636593962
45934,0.0003300301995967342
45938,0.00196097464149843
45940,0.9998657423469635
45944,0.9473785851750359
45950,0.9998933232361251
45953,0.22294847171758742
45954,0.22294847171758742
45960,4.596566331885813e-05
45965,5.3198627190438685e-05
45967,4.9765305183604125e-05
45968,0.22294847171758742
45976,6.317303913812666e-05
45977,7.243784440618535e-05
45978,0.0001232424246496812
45985,0.2225729167574657
45986,0.9997733950535433
45994,0.000952746187990989
45997,8.825040237274523e-05
45999,0.22294847171758742
46000,0.23528342926558957
46001,4.4463240103928375e-05
46006,0.00037007323637957564
46010,0.0008303847188266249
46011,0.9999832815707336
46012,0.9999510331817772
46016,0.9998724399668965
46025,0.9994783115377269
46027,0.000952746187990989
46029,0.000315211304386939
46036,0.0010179779370654157
46041,0.0003025039257935313
46043,5.2421393295752985e-05
46050,0.9999848001105475
46053,0.010243203929753652
46059,5.177884953619539e-05
46060,8.690547957694011e-05
46063,5.85900884891341e-05
46070,0.0007383003065265133
46071,0.9999192732797669
46076,0.0007939010076001599
46078,0.002075760536193004
46081,0.00020066762545047415
46084,5.247215666202429e-05
46087,0.00018286361234585898
46092,0.0003496875210024585
46093,4.990348619498389e-05
46096,0.0001716947641372574
46105,0.000417693891382247
46110,0.9995037578334572
46114,3.012657282093908e-05
46116,0.9999151191957167
46120,0.0009669031085228232
46121,0.9999378386319983
46127,0.9999819551092717
46132,6.932071993706728e-05
46136,0.0013182524325186767
46138,0.9997599458638415
46140,5.2976653991585695e-05
46142,0.0009792553448332516
46143,0.9999104849502187
46145,0.01968880579983274
46151,0.000417693891382247
46156,0.0076270176114838295
46160,0.0017010687590371112
46161,0.010243079121700452
46172,0.001074795257880185
46186,7.430402392503915e-05
46187,0.00014435762500079443
46199,0.999947394083066
46201,0.00018286361234585898
46205,0.0003152102071780363
46210,0.9981317044493112
46220,0.002541394234689496
46222,5.930371917706188e-05
46227,0.00013711284283573854
46231,0.002786733165410546
46237,0.9994774953774737
46244,0.00020066762545047415
46247,0.005692930603180441
46250,0.000952746187990989
46251,0.0003025039257935313
46252,0.0003489828322499265
46253,0.0003152102071780363
46256,0.00018754935645466
46257,0.9999323359877031
46259,0.9992684286277963
46261,0.005151909456057631
46263,0.2225729167574657
46265,0.00020107479980595945
46266,0.9999840697940373
46270,0.00012196613435931723
46273,0.00020066762545047415
46277,0.9999378386319983
46284,0.00011808080847816313
46288,0.000585878010140859
46291,7.423214122859364e-05
46304,4.568712495050335e-05
46306,4.6146621533253116e-05
46320,5.807817151692507e-05
46321,0.9473784115901248
46323,0.9998977710617711
46327,7.790178350376676e-05
46332,0.0005659931187681221
46336,0.9998719573881523
46339,3.012657282093908e-05
46341,5.1619473797477944e-05
46342,0.00014223040098696742
46343,0.9999618881412762
46345,0.23528342926558957
46349,0.999872219382945
46354,0.0011272461986322187
46356,9.989047032803534e-05
46363,0.00026013380591040494
46366,0.0003921010651064518
46367,0.00017381270897049746
46369,0.00012196613435931723
46373,0.9998835203314828
46376,7.292995587109307e-05
46381,0.9998727175338324
46388,0.0003489828322499265
46389,7.296613865915029e-05
46390,0.99873581706373
46396,0.00022067729558604302
46400,0.00028283636599312634
46404,0.0035882903502960934
46408,0.9999767691864934
46409,0.9999848001105475
46410,8.194600370979624e-05
46411,0.00026013380591040494
46413,0.23528342926558957
46416,0.0007197695610940449
46419,0.9999818225377379
46428,0.010243203929753652
46432,0.9999568776445106
46433,0.0009683855312854912
46434,0.0011272461986322187
46438,6.932071993706728e-05
46442,5.270837204143093e-05
46443,5.270837204143093e-05
46446,0.0003152102071780363
46449,0.0007939010076001599
46456,0.9473784115901248
46469,0.9998727175338324
46473,0.0003152102071780363
46474,3.5299440766062444e-05
46483,0.000630934997070971
46486,0.0003921010651064518
46490,0.00014223040098696742
46494,0.999947394083066
46495,0.002755013582434655
46499,4.990348619498389e-05
46503,4.950210296142815e-05
46506,0.0009373216812578322
46518,0.0003489828322499265
46519,6.11553776210631e-05
46526,0.2225729167574657
46528,0.9999570522880501
46533,0.00020066762545047415
46540,0.00020066762545047415
46543,4.296767133218797e-05
46548,0.9998724399668965
46549,0.00011807935500747968
46553,4.586563522306168e-05
46555,4.939437942899333e-05
46557,0.00011825041713323572
46561,4.936988493736761e-05
46567,0.0029351709834033748
46568,0.9488613368441116
46571,0.00020066762545047415
46580,0.0014296913470183256
46581,6.586038453583094e-05
46582,5.807817151692507e-05
46592,0.23528342926558957
46594,0.0007335388084518602
46595,0.0008303949329747527
46597,0.9999323359877031
46599,0.0007146805230800242
46602,5.3658013213535084e-05
46612,0.9999499568979832
46623,0.0007956311236266933
46625,0.9999519954731275
46630,0.00045061895097513345
46642,0.9999855490687554
46645,0.0014296913470183256
46648,0.0003921010651064518
46659,0.002767441262719967
46662,0.0006489350877357901
46670,7.805144824764233e-05
46671,0.0007939010076001599
46678,0.9998594636941474
46681,0.9998894441255551
46687,0.00605733709048263
46688,4.36784631498498e-05
46689,0.9955897962405248
46690,4.9765305183604125e-05
46697,4.990348619498389e-05
46709,6.663157892067235e-05
46711,0.9998657423469635
46717,0.00018286361234585898
46718,0.0008303847188266249
46719,0.0001077557518754141
46720,0.00020107479980595945
46722,0.0005255778566517551
46726,0.0009373216812578322
46729,5.811224857081732e-05
46731,5.2976653991585695e-05
46732,5.802320831745888e-05
46750,0.9999192732797669
46752,0.0026371346473041085
46754,0.000952746187990989
46763,0.011197169747356423
46774,0.0007939010076001599
46776,4.939437942899333e-05
46780,0.999951564094725
46784,0.0018688248110641556
46786,8.965482028065936e-05
46791,3.4040364225785375e-05
46793,0.9488613368441116
46796,0.0007335297847933146
46806,0.9983838773723919
46820,0.999900690546973
46824,0.0002597353063143384
46826,0.2225729167574657
46830,5.2976653991585695e-05
46831,6.118571903715033e-05
46837,0.0019609987351751927
46840,0.9992684286277963
46841,0.999621553730851
46842,0.000315211304386939
46845,0.00011807935500747968
46846,0.9999379658320403
46852,7.048083194376647e-05
46855,0.0003294076063234156
46860,0.0014334966958850566
46866,7.430402392503915e-05
46868,0.000952746187990989
46871,0.0012712279988481728
46873,8.825040237274523e-05
46874,0.001804892823843484
46882,0.9998657423469635
46888,0.2225729167574657
46893,0.0003496875210024585
46896,0.006531051163236193
46898,0.2225729167574657
46900,0.00012233918955947931
46907,0.00018286361234585898
46908,0.9999848001105475
46911,0.000952746187990989
46912,5.802320831745888e-05
46914,0.9996883594108567
46915,0.9999808675810521
46916,3.524535332626971e-05
46919,0.0007956311236266933
46921,0.0003025039257935313
46927,0.0003921010651064518
46932,0.0003294076063234156
46933,0.9999550062893311
46934,0.9999844124185779
46948,0.0029306866007651525
46952,0.9993344028907214
46954,0.0003489828322499265
46956,8.412372578039572e-05
46963,5.802320831745888e-05
46964,0.9999334354453012
46966,0.00020107479980595945
46969,6.118571903715033e-05
46971,0.9998657423469635
46973,0.007931274387584885
46974,0.22294847171758742
46980,3.5299440766062444e-05
46985,0.23528342926558957
46987,0.004246514712537119
46998,4.361350075037471e-05
46999,0.0001077557518754141
47002,0.9998423963632717
47003,0.9996223163522101
47006,0.002525498960716512
47007,0.9999410645749532
47013,0.2225729167574657
47015,0.0008303847188266249
47017,0.002369870185919107
47026,0.23528342926558957
47032,4.9802890811725866e-05
47033,3.059352813200732e-05
47035,0.0025293649193269072
47044,0.00014291923030359686
47048,0.00020107479980595945
47050,0.00019763818345950405
47055,0.00018286361234585898
47056,0.9999064394939688
47062,0.0002113847013467929
47067,0.00028283636599312634
47070,0.00020107479980595945
47072,8.654174039039744e-05
47075,0.00011808080847816313
47076,0.9998724399668965
47079,0.9998727175338324
47080,0.00018286361234585898
47084,0.0018688248110641556
47086,5.802320831745888e-05
47091,3.5297851792852416e-05
47097,0.9999640003330978
47100,3.248316311800037e-05
47102,0.9992684286277963
47103,0.9473784115901248
47106,0.9488613368441116
47109,6.915848633880243e-05
47113,0.9998657423469635
47114,0.002767441262719967
47121,4.990348619498389e-05
47133,6.228322541902321e-05
47137,0.0006309272348006008
47138,7.243784440618535e-05
47139,0.9473785851750359
47140,0.9999855490687554
47143,0.9998657423469635
47145,0.000952746187990989
47147,0.0008353762052111808
47149,5.328417313837607e-05
47150,0.2225729167574657
47152,0.0007956311236266933
47155,0.9999819938281546
47157,0.9998951291087158
47164,0.9995895663719452
47169,0.9998959876616756
47174,5.781582565856047e-05
47184,4.36784631498498e-05
47188,0.0003496875210024585
47189,0.0020368299312688016
47192,0.9999819938281546
47193,0.0762702035280661
47194,5.930371917706188e-05
47196,0.00018286361234585898
47210,0.014078245481704601
47215,0.0019609987351751927
47218,0.9998287870257786
47220,0.00018286361234585898
47222,0.9999499568979832
47227,0.00028283636599312634
47228,0.23528342926558957
47233,0.9488613368441116
47237,0.0007369607867453374
47238,3.526370285294696e-05
47239,0.9998423963632717
47240,0.003584135654944882
47243,0.9998594576388387
47250,0.3267076201910872
47251,0.004367320389457687
47252,7.243784440618535e-05
47253,0.22294847171758742
47254,5.255031335435125e-05
47258,0.9998724399668965
47260,3.059352813200732e-05
47263,0.9999106770087686
47264,7.048083194376647e-05
47269,0.9999836293320881
47274,6.118571903715033e-05
47277,0.00011731735974361013
47278,0.00016716715660778432
47282,3.5297851792852416e-05
47286,5.625074289453747e-05
47288,0.002767441262719967
47291,0.9998657423469635
47292,5.250336234883159e-05
47296,0.0009683855312854912
47300,0.999947394083066
47304,5.802320831745888e-05
47306,0.001489250618639279
47307,5.807817151692507e-05
47309,0.0003294076063234156
47315,0.9999848001105475
47316,0.9992684376272701
47324,8.746996203058479e-05
47325,0.000952746187990989
47326,0.9998657423469635
47327,0.9998727175338324
47328,0.00020107479980595945
47336,6.502098659299737e-05
47342,0.00020107479980595945
47346,0.00020107479980595945
47347,0.0003489828322499265
47351,0.000131889150515846
47364,0.22294847171758742
47365,0.0019609987351751927
47375,4.990348619498389e-05
47376,0.00020107479980595945
47384,0.0004123073536401814
47390,0.0007197695610940449
47395,0.9998746180304037
47398,0.9999499568979832
47411,0.9999378386319983
47416,0.9998287870257786
47417,5.374035516115738e-05
47418,5.28613697475509e-05
47425,0.003514645930902478
47434,0.0009669031085228232
47456,5.9460473564217507e-05
47457,0.9998657423469635
47465,0.002369870185919107
47466,0.9998727175338324
47472,0.00012215328705734969
47475,9.537201456968648e-05
47478,0.0003300301995967342
47479,0.000417693891382247
47487,0.9999378386319983
47497,0.0003152102071780363
47498,4.16532371067625e-05
47503,0.0003611341422352126
47509,0.0001671650990284317
47516,0.0026206358642014023
47520,0.000952746187990989
47524,0.9960776336527056
47525,6.663157892067235e-05
47537,0.000315211304386939
47541,0.0019609987351751927
47550,0.9999811623733025
47551,0.00196097464149843
47555,0.009012005787607585
47560,0.00901211573207907
47563,0.00018286361234585898
47565,0.00019014775359179356
47571,0.9999064394939688
47574,0.9999830343283849
47583,0.0003921010651064518
47585,0.9993344028907214
47590,0.00028283636599312634
47600,0.0030466335666902993
47608,0.9997599458638415
47611,0.002312336623816038
47614,0.000648943071412129
47615,0.0007956311236266933
47620,0.0018688248110641556
47627,0.9998400457194301
47632,0.0001077557518754141
47633,0.005723389742325767
47634,0.9999836411479883
47636,0.00020107479980595945
47637,0.0003489828322499265
47641,0.9993344028907214
47654,4.3680429369395224e-05
47655,0.000952746187990989
47662,4.479971344691348e-05
47663,8.746996203058479e-05
47667,0.007626924434646636
47669,0.0006309272348006008
47671,4.9802890811725866e-05
47672,7.296613865915029e-05
47675,0.9999848001105475
47676,0.00029105310622022835
47691,5.3151751274296496e-05
47692,7.63939839891538e-05
47696,4.6146621533253116e-05
47697,4.558790952076361e-05
47699,0.9999855490687554
47706,0.9998977723201392
47714,0.00012734492032281163
47715,0.0007956311236266933
47717,3.7236995959936146e-05
47718,0.0019609987351751927
47720,0.0003921010651064518
47722,0.002369870185919107
47737,0.9999104849502187
47742,0.23528342926558957
47744,6.586038453583094e-05
47751,4.36784631498498e-05
47753,0.00018286361234585898
47755,0.004246514712537119
47758,0.00011508904027978393
47760,0.9999104849502187
47768,0.9998530201578257
47773,0.9999106770087686
47777,3.059352813200732e-05
47785,0.00028283636599312634
47787,0.005966691080754355
47790,0.00018286361234585898
47801,5.9551719259913306e-05
47804,0.9992684286277963
47809,0.00014223040098696742
47811,0.0004176887514791801
47814,0.9998400388275899
47815,0.9998657423469635
47823,5.28613697475509e-05
47828,9.30688173264811e-05
47831,4.9802890811725866e-05
47839,0.000315211304386939
47840,7.039204077722671e-05
47853,0.0007939010076001599
47860,0.00020066762545047415
47871,0.00018286361234585898
47876,0.9992684286277963
47877,0.23528342926558957
47878,6.586038453583094e-05
47886,0.2225729167574657
47887,0.00011731880383578854
47891,5.807817151692507e-05
47894,0.006786333931879534
47899,5.1619473797477944e-05
47903,4.950210296142815e-05
47906,0.000952746187990989
47914,4.36784631498498e-05
47915,0.0012444919227764014
47916,5.807817151692507e-05
47920,0.000952746187990989
47926,5.249947438058162e-05
47928,0.9999151191957167
47929,0.0002463506730823969
47930,0.00018286361234585898
47939,0.00012196613435931723
47942,0.0002597353063143384
47945,0.02847242193982275
47947,0.0009683855312854912
47949,6.586038453583094e-05
47955,0.006786333931879534
47956,0.00018286361234585898
47962,0.000736969852579889
47974,0.0003921010651064518
47977,0.999009857138789
47978,0.00011807935500747968
47996,0.22294847171758742
47998,0.0032128504386769842
47999,0.0035141261746585704
48010,0.00020066762545047415
48016,0.9992684376272701
48017,0.00012215328705734969
48018,0.23528342926558957
48021,0.00015753339843251656
48030,0.0016232016907456724
48033,0.00011794298359327118
48035,0.0007939010076001599
48041,4.003735072348349e-05
48044,9.369089956210142e-05
48046,0.00019303349491690784
48047,0.0030466335666902993
48050,0.9998657423469635
48058,0.0018688248110641556
48065,0.0003489828322499265
48066,0.002369870185919107
48075,7.048083194376647e-05
48081,0.0007939010076001599
48082,4.947755505274092e-05
48090,0.22294847171758742
48098,0.9999525539780105
48104,0.0026371346473041085
48105,0.00014842602019174902
48107,0.0017010896648016567
48110,0.9999786258033629
48115,0.9999805439124154
48119,8.916971618446132e-05
48120,5.9551719259913306e-05
48122,0.00018286361234585898
48127,0.00018286361234585898
48131,4.586563522306168e-05
48136,5.4929935731589505e-05
48144,5.9551719259913306e-05
48147,0.9999812976361887
48150,0.23528342926558957
48152,0.9488613368441116
48171,0.9998657423469635
48174,0.000952746187990989
48177,0.0019609987351751927
48181,3.2986643860003994e-05
48194,0.0003025039257935313
48199,0.9998909301844443
48200,5.9735149678797104e-05
48203,7.430402392503915e-05
48205,0.0012712279988481728
48207,0.0007956311236266933
48210,0.23528342926558957
48211,0.9488613368441116
48219,0.0013802279596660423
48221,0.9998724399668965
48223,0.22294847171758742
48237,0.00196097464149843
48240,0.0008303847188266249
48241,4.586563522306168e-05
48245,0.00020066762545047415
48248,0.9999192732797669
48253,0.0005028658649900774
48259,0.00015729204791610285
48260,0.9999378386319983
48261,0.00020107479980595945
48262,0.00018286361234585898
48268,4.984167379817237e-05
48271,8.654174039039744e-05
48273,0.000131889150515846
48274,0.0008303847188266249
48279,0.0003496875210024585
48286,0.22294847171758742
48289,4.361350075037471e-05
48295,0.23528342926558957
48301,0.0003921010651064518
48304,0.00026611489735811167
48306,8.86482851627741e-05
48315,9.12947452479209e-05
48316,0.9992684286277963
48319,0.00020066762545047415
48320,0.0017090175743221699
48323,0.000952746187990989
48334,0.9999151191957167
48336,0.9488613368441116
48341,0.9998724399668965
48342,0.22294847171758742
48350,0.0007939010076001599
48363,0.9992684376272701
48370,0.0003496875210024585
48377,0.0003294076063234156
48384,0.0009339076959921525
48397,0.9997929746024775
48403,0.003056399004164884
48405,0.9998933186395719
48406,0.0003025039257935313
48413,0.9999568061872536
48414,0.0005659931187681221
48417,6.502098659299737e-05
48423,0.0003489828322499265
48428,5.270837204143093e-05
48431,0.9998933186395719
48434,0.9999151191957167
48437,5.4455223648269276e-05
48438,0.23528342926558957
48441,5.85900884891341e-05
48447,0.00014223040098696742
48450,5.807817151692507e-05
48458,0.9999473133555481
48462,5.328417313837607e-05
48464,0.23528342926558957
48465,5.379592212530207e-05
48467,0.22294847171758742
48469,0.00012734492032281163
48480,0.0007939010076001599
48481,7.430402392503915e-05
48485,0.00020066762545047415
48494,0.0002597353063143384
48496,0.9973934886750194
48514,0.9473784115901248
48521,0.9990565363791533
48524,3.9005106181215564e-05
48526,0.0003025039257935313
48528,0.0007956311236266933
48538,0.0005659931187681221
48540,0.9999704510090213
48545,4.9802890811725866e-05
48551,0.9987495364405733
48552,0.00018286361234585898
48556,0.0002597353063143384
48558,5.681464706624779e-05
48563,6.757968991654644e-05
48564,0.0007939010076001599
48566,0.0003489828322499265
48575,0.0003496875210024585
48576,0.23528342926558957
48577,0.9997733950535433
48580,0.0018688248110641556
48584,0.0003025039257935313
48585,0.00196097464149843
48588,0.23528342926558957
48604,0.00468030719862288
48610,7.243784440618535e-05
48615,7.423214122859364e-05
48620,0.00016397883980823154
48626,0.0003496875210024585
48627,0.003087649530949634
48635,0.000952746187990989
48639,0.002786733165410546
48643,0.9998594576388387
48650,4.357130717860938e-05
48656,0.9998727175338324
48658,0.23528342926558957
48660,0.0003496875210024585
48662,0.011670935047404091
48682,0.9473784115901248
48684,4.552010735628039e-05
48688,0.0007956311236266933
48689,0.001074795257880185
48693,0.00037863557327688435
48694,0.9999818225377379
48695,0.00011254421380958478
48699,0.9993344028907214
48700,3.2986643860003994e-05
48715,0.014968709636593962
48728,7.685398210574893e-05
48735,5.681464706624779e-05
48736,0.0026371346473041085
48742,0.00014223040098696742
48743,5.960938701671091e-05
48745,0.0002597353063143384
48746,0.9998657423469635
48748,4.36784631498498e-05
48757,0.0001232424246496812
48759,0.005014584721295021
48772,5.2976653991585695e-05
48777,0.0017010687590371112
48787,0.9999457395927464
48788,0.22294847171758742
48795,0.0003294076063234156
48798,0.00029105310622022835
48799,0.0003489828322499265
48807,0.003073669723003646
48810,0.0007335388084518602
48811,0.00018286361234585898
48812,0.9992684376272701
48816,0.9992684286277963
48819,0.0003496875210024585
48823,0.00018286361234585898
48829,0.0003294076063234156
48831,0.9999648492164995
48833,0.9999410645749532
48842,0.0003921010651064518
48844,0.00196097464149843
48849,0.23528342926558957
48851,0.00011347764082196614
48855,9.129362145996405e-05
48856,8.178086461654442e-05
48859,0.0020588466571659614
48863,0.9999303261561714
48871,0.99873581706373
48872,0.00012647853987049837
48873,3.012657282093908e-05
48874,7.654828582184629e-05
48876,0.22294847171758742
48877,4.552010735628039e-05
48878,0.9999063540576812
48879,0.22294847171758742
48882,4.9765305183604125e-05
48887,0.9998727175338324
48890,0.0006309272348006008
48895,0.23528342926558957
48897,0.00037007323637957564
48899,0.00028283636599312634
48904,0.9987377517266016
48910,0.006507359443577124
48912,0.9998657423469635
48915,0.00018286361234585898
48919,0.9999058160516413
48922,0.0009373216812578322
48925,0.9999110578446009
48926,0.9999648492164995
48928,4.947755505274092e-05
48929,0.005732122805785984
48932,0.00037007323637957564
48943,4.5589961691584216e-05
48951,0.22294847171758742
48957,0.00019733540215887804
48960,0.9998885329924632
48961,5.3151751274296496e-05
48977,0.0007369607867453374
48979,0.0007939010076001599
48981,0.00014223040098696742
48982,6.136612415584311e-05
48986,0.9999586363911022
48996,0.004839945899236867
49007,5.34109931108707e-05
49008,0.00028283636599312634
49009,0.000952746187990989
49011,0.00605733709048263
49014,0.0009669031085228232
49015,0.002369870185919107
49024,0.0002923211119583854
49025,0.022562525231008042
49026,4.9802890811725866e-05
49027,0.0030410406056064804
49033,0.9998657423469635
49043,0.0008303847188266249
49046,0.999722379826928
49061,0.00012734492032281163
49063,0.00025693871330990025
49065,0.006507439032569228
49068,0.9995537572190368
49073,0.00011044715495842429
49075,0.0009106983817529727
49082,0.2225729167574657
49083,0.9999830343283849
49087,0.00020107479980595945
49089,5.3168219727365504e-05
49093,0.0007956311236266933
49099,0.9999836293320881
49105,0.00020107479980595945
49112,0.9998285320894882
49113,0.9990670458153443
49126,0.9999550062893311
49131,0.9473784115901248
49136,3.90649631038659e-05
49140,0.0026371346473041085
49146,0.23528342926558957
49147,0.00012215328705734969
49151,0.9980523598763044
49156,0.08994683997360264
49160,0.00012201883033758756
49162,3.9541954945937043e-05
49168,0.998799240631583
49169,0.0003921010651064518
49175,0.0003496875210024585
49176,0.00018286361234585898
49181,0.0003152102071780363
49182,0.0009792553448332516
49186,3.684094510962778e-05
49194,0.22294847171758742
49200,4.9802890811725866e-05
49209,9.979994851932418e-05
49210,0.00018754935645466
49211,0.01028144148284517
49215,0.002369870185919107
49222,0.001804892823843484
49230,0.9992684376272701
49234,0.9998727175338324
49240,0.9998724399668965
49242,0.9998724399668965
49245,0.00018286361234585898
49246,3.303726520385771e-05
49247,6.118571903715033e-05
49256,4.4800264939105734e-05
49259,0.00020066762545047415
49268,8.654174039039744e-05
49272,0.005292601102725644
49279,0.0018688248110641556
49280,0.9993344028907214
49281,0.9999848001105475
49282,0.00020066762545047415
49284,9.12947452479209e-05
49285,5.270837204143093e-05
49289,0.000952746187990989
49293,4.8884553910226695e-05
49294,0.0002463506730823969
49296,0.00018286361234585898
49298,0.0002597353063143384
49300,3.012657282093908e-05
49303,4.954318439933166e-05
49306,3.6842603544390786e-05
49307,0.0025293649193269072
49308,0.00020066762545047415
49310,0.9999830343283849
49311,0.0003294076063234156
49314,0.9974075615603112
49321,4.8884553910226695e-05
49322,0.00018286361234585898
49324,0.0013182524325186767
49326,0.9989884032023679
49336,0.002369870185919107
49338,5.2501837663869845e-05
49347,5.9460473564217507e-05
49350,4.8884553910226695e-05
49351,0.00015466470560213027
49352,0.996695037393001
49353,0.010681089184986158
49355,0.2225729167574657
49369,0.000952746187990989
49372,0.9992684286277963
49379,0.002181762929988489
49383,0.9998727175338324
49385,6.694065197230985e-05
49387,0.22294847171758742
49392,0.00037007323637957564
49393,0.22294847171758742
49396,4.9802890811725866e-05
49401,0.9473785851750359
49404,0.0007939010076001599
49405,0.001074795257880185
49412,0.9994783115377269
49419,0.9999586363911022
49421,0.0009792553448332516
49422,5.625074289453747e-05
49424,0.0013242279524285526
49426,0.0008303949329747527
49428,0.23528342926558957
49431,0.00196097464149843
49433,0.0003496875210024585
49439,0.0009792553448332516
49440,0.9998483303771473
49441,4.36784631498498e-05
49443,0.9998657423469635
49448,0.00018286361234585898
49450,0.0007382912243374749
49454,0.0008402364486060253
49466,4.36784631498498e-05
49467,0.0009373216812578322
49468,6.586038453583094e-05
49482,5.9735149678797104e-05
49483,0.9999819938281546
49484,0.0007956311236266933
49488,0.996493980691398
49489,5.5235090125018534e-05
49493,0.9998727175338324
49495,7.654828582184629e-05
49501,0.0001240676927335701
49505,0.0009683855312854912
49506,0.004347268847470001
49507,0.9999836293320881
49508,6.669610210327244e-05
49511,0.00016661654853225428
49523,0.0004176887514791801
49525,0.0003921010651064518
49526,0.22294847171758742
49527,0.00196097464149843
49528,0.23528342926558957
49529,0.9473784115901248
49530,0.9999855490687554
49534,0.0003921010651064518
49535,0.0008303949329747527
49538,0.0003152102071780363
49543,6.2315650595128e-05
49545,0.0008303847188266249
49546,6.586038453583094e-05
49548,9.979994851932418e-05
49550,0.00028283636599312634
49552,0.9997599458638415
49553,5.3168219727365504e-05
49559,0.999867004007313
49563,0.00020066762545047415
49564,0.000630934997070971
49566,8.645801978867636e-05
49578,0.23528342926558957
49579,0.0014297089223900316
49586,0.0005255778566517551
49589,0.0007335388084518602
49597,4.990348619498389e-05
49598,0.9999584488921697
49607,0.00014223040098696742
49617,0.9982435345859826
49623,3.5299440766062444e-05
49624,0.9999771981057078
49626,5.2976653991585695e-05
49628,4.596566331885813e-05
49632,0.005151909456057631
49634,0.9473785851750359
49635,0.00020107479980595945
49638,0.9999848001105475
49640,0.0008303847188266249
49641,4.357130717860938e-05
49644,5.2976653991585695e-05
49645,0.00022067729558604302
49652,6.145752749939242e-05
49653,0.0025414254415800255
49659,5.9771070337555124e-05
49661,4.24935205415871e-05
49663,0.9998724399668965
49666,0.9999071939822632
49668,0.0008037088560648402
49670,0.998799240631583
49674,0.9999192732797669
49682,0.00020066762545047415
49683,6.932071993706728e-05
49685,0.999621553730851
49686,0.23528342926558957
49691,0.9993344028907214
49693,0.0035882903502960934
49695,5.9518052967203426e-05
49701,6.118571903715033e-05
49702,0.9999106770087686
49703,4.357130717860938e-05
49704,4.990348619498389e-05
49708,0.00018286361234585898
49709,5.270837204143093e-05
49711,0.006531051163236193
49714,0.0002597353063143384
49718,0.9999855490687554
49721,5.9518052967203426e-05
49722,0.002991662155666001
49730,0.23528342926558957
49732,0.996695037393001
49734,0.00019461085037336193
49738,0.00018286361234585898
49739,5.681464706624779e-05
49741,0.23528342926558957
49742,0.00020066762545047415
49743,0.9993344028907214
49750,0.0035882903502960934
49751,0.9992684286277963
49752,0.0007939010076001599
49759,5.807817151692507e-05
49760,0.00026013380591040494
49761,0.23528342926558957
49766,4.936988493736761e-05
49768,4.3680429369395224e-05
49774,0.9999104849502187
49777,0.9992684286277963
49780,0.9999648477017928
49789,5.9551719259913306e-05
49795,0.004227015467084751
49797,0.0008353762052111808
49798,0.00021038544795208984
49802,0.000630934997070971
49805,0.002075760536193004
49809,0.00026013380591040494
49811,0.000952746187990989
49822,0.0007956311236266933
49825,0.9997820353450009
49831,6.20843930916153e-05
49838,0.2225729167574657
49839,7.654828582184629e-05
49843,0.0035092793368379604
49847,3.678615168602482e-05
49848,0.23528342926558957
49850,8.474979539295437e-05
49855,0.22294847171758742
49856,0.23528342926558957
49858,3.059352813200732e-05
49859,6.11553776210631e-05
49862,4.6165171911714914e-05
49863,0.00901211573207907
49864,6.669610210327244e-05
49865,0.9999568080484527
49866,0.9998657423469635
49867,0.9992684376272701
49871,0.0019609987351751927
49873,0.0007939010076001599
49875,7.139906422789197e-05
49879,0.9999526426022866
49882,0.9995895663719452
49885,0.9998724399668965
49890,0.00026013380591040494
49896,0.07626933620976893
49898,4.950210296142815e-05
49900,7.430402392503915e-05
49903,0.0003294076063234156
49906,0.0026371346473041085
49907,0.9998727175338324
49908,0.05961267349379209
49909,0.0009792553448332516
49911,0.00018286361234585898
49915,0.002312336623816038
49923,7.048169955266968e-05
49931,0.0007383003065265133
49932,0.0013802279596660423
49937,0.0005820989519879859
49940,4.950210296142815e-05
49946,0.0028333853607670828
49947,0.9473785851750359
49950,0.9969788928300801
49961,0.9998657423469635
49962,0.00020066762545047415
49968,0.9998727175338324
49971,0.00020066762545047415
49973,0.0006309272348006008
49980,0.999956879502631
49981,0.9999410645749532
49989,0.00044997041368243873
49991,0.9998724399668965
49993,0.0017090385776086848
49994,0.00026013380591040494
49998,7.239009792270101e-05
50000,0.0008303847188266249
50008,0.998799240631583
50010,0.0008303949329747527
50011,0.9997733950535433
50012,0.9999379658320403
50013,4.363817105083811e-05
50015,0.23528342926558957
50016,5.472975487151807e-05
50021,0.0014297089223900316
50026,0.0030410406056064804
50027,0.9998724399668965
50028,0.002075760536193004
50031,0.9488613368441116
50054,0.003056399004164884
50058,0.0005028658649900774
50062,0.23528342926558957
50063,6.221572290437048e-05
50065,0.000952746187990989
50069,0.00022067729558604302
50070,0.0003489828322499265
50082,4.607798844367227e-05
50084,0.9999063500225552
50086,0.00018286361234585898
50087,0.9978056518298187
50091,4.361350075037471e-05
50097,0.0003921010651064518
50099,0.9998724399668965
50109,4.8884553910226695e-05
50111,5.9643622946078996e-05
50114,5.250400866928995e-05
50118,4.3633652185942235e-05
50119,0.00012215328705734969
50122,5.5235090125018534e-05
50123,0.0003489828322499265
50130,7.243784440618535e-05
50136,0.00012734492032281163
50142,3.012657282093908e-05
50144,0.9992684286277963
50147,0.9999812574203041
50156,0.9998727175338324
50159,0.0014296913470183256
50161,0.0016232016907456724
50168,0.9983838773723919
50169,7.632007959199317e-05
50170,7.048083194376647e-05
50174,0.0035882903502960934
50179,0.0001077557518754141
50187,0.9999151191957167
50188,0.9999410645749532
50189,3.521125517426669e-05
50191,0.0003489828322499265
50196,5.169951288770619e-05
50199,0.0003921010651064518
50203,7.535860621380014e-05
50206,0.9999106770087686
50207,0.9999783362129983
50209,0.9999844124185779
50211,5.681464706624779e-05
50215,0.00026013380591040494
50218,0.00014223040098696742
50223,0.9999832815707336
50225,0.9998657423469635
50231,0.0009411993536449818
50232,0.23528342926558957
50237,6.952707990364242e-05
50238,0.000417693891382247
50242,0.00012734492032281163
50243,0.0003489828322499265
50245,4.990348619498389e-05
50262,5.9518052967203426e-05
50263,4.4800264939105734e-05
50268,0.0001000209265439811
50269,5.802320831745888e-05
50271,0.0762702035280661
50272,0.00011794298359327118
50280,5.802320831745888e-05
50283,6.118571903715033e-05
50286,0.0017090175743221699
50291,0.0002597353063143384
50293,6.44076619079465e-05
50296,0.23528342926558957
50301,0.001275979893869128
50302,0.9992684286277963
50303,5.9551719259913306e-05
50304,0.9998727175338324
50306,3.303726520385771e-05
50314,0.9997835287968561
50322,0.9998727175338324
50323,0.9994729288067751
50324,0.2225729167574657
50327,0.00012734492032281163
50331,0.0003496875210024585
50338,0.00026013380591040494
50339,0.9998724399668965
50343,0.9998657423469635
50344,0.00011731880383578854
50345,0.0009373216812578322
50359,0.0008303949329747527
50370,0.00020107479980595945
50374,0.000952746187990989
50379,0.0011272461986322187
50382,0.00020107479980595945
50388,0.0009683855312854912
50389,9.680016873563012e-05
50392,0.9998724399668965
50395,0.00018286361234585898
50398,0.005732122805785984
50404,4.9802890811725866e-05
50407,0.005014584721295021
50408,0.999947394083066
50413,0.00018286361234585898
50423,0.0003496875210024585
50424,0.0002597353063143384
50428,9.995309139319764e-05
50432,0.00016716715660778432
50443,0.0007956311236266933
50444,0.00012215328705734969
50446,0.9999110578446009
50447,0.23528342926558957
50448,5.807817151692507e-05
50451,9.274589945510172e-05
50467,6.288120982706638e-05
50468,0.007626924434646636
50469,0.0014297089223900316
50470,0.9999805439124154
50474,0.000315211304386939
50475,0.000952746187990989
50477,0.001804892823843484
50481,0.9999855490687554
50482,0.9994774953774737
50484,7.423214122859364e-05
50488,0.0003152102071780363
50496,0.0013162351325675177
50497,5.802320831745888e-05
50499,0.0009792553448332516
50503,0.006507439032569228
50513,0.00018286361234585898
50518,4.9802890811725866e-05
50519,0.9998657423469635
50522,0.0003152102071780363
50532,3.248316311800037e-05
50533,0.010243079121700452
50538,0.0002597353063143384
50541,0.9993344028907214
50543,0.00011808080847816313
50545,0.9993344028907214
50548,0.00020066762545047415
50549,0.0003025039257935313
50554,0.0014297089223900316
50555,0.002369870185919107
50562,0.0003489828322499265
50575,0.9995762724006464
50576,0.9999006577290362
50581,0.0032346263539202343
50584,0.0009683855312854912
50587,5.3658013213535084e-05
50590,0.004367320389457687
50601,0.00015586490166880965
50604,0.002759229903327865
50608,0.000952746187990989
50609,0.000952746187990989
50610,5.3658013213535084e-05
50615,5.139640894260457e-05
50616,5.255267892605444e-05
50622,3.7294139656037825e-05
50626,0.0003921010651064518
50630,0.999950174456183
50642,0.000315211304386939
50644,0.9980523359461434
50665,0.9999819551092717
50668,5.625074289453747e-05
50672,0.9992684286277963
50677,4.607798844367227e-05
50679,0.00020066762545047415
50680,6.586038453583094e-05
50681,0.0001671650990284317
50682,0.9999210094281771
50688,0.0018088221646381769
50692,0.016496480491612363
50693,6.952707990364242e-05
50696,0.9999287947672695
50697,0.0018688248110641556
50698,0.0002463506730823969
50702,4.558790952076361e-05
50713,0.9997623469017161
50718,6.118571903715033e-05
50720,0.0009373216812578322
50721,6.586038453583094e-05
50726,3.742871965649661e-05
50734,0.0035882903502960934
50736,3.524535332626971e-05
50737,0.9999844124185779
50738,0.0012444766214345147
50753,0.0003294076063234156
50754,0.9473785851750359
50756,0.9984008985709164
50759,0.0022588682288346186
50771,0.0007939010076001599
50772,3.0097426689155756e-05
50774,0.00020066762545047415
50775,0.002075760536193004
50783,0.9998835203314828
50785,0.9999767691864934
50787,0.0003921010651064518
50793,0.9998437096806833
50794,3.064047711007963e-05
50795,0.0006304375112297416
50799,0.006507359443577124
50800,0.9473785851750359
50802,0.0020368299312688016
50804,0.0009683855312854912
50811,3.678615168602482e-05
50812,0.0007197695610940449
50818,5.379592212530207e-05
50819,0.999621553730851
50823,0.00033537437962563143
50825,0.9998657423469635
50826,0.000952746187990989
50829,0.0006304452674788647
50831,0.9999840697940373
50832,0.9966478785492338
50833,4.363620673341469e-05
50840,0.23528342926558957
50850,0.9999830343283849
50859,0.9999525539780105
50860,0.9998400388275899
50870,0.00033537437962563143
50874,0.00037007323637957564
50875,0.00020107479980595945
50877,4.479971344691348e-05
50878,0.0007956311236266933
50880,0.0032405075980284663
50882,0.9998894441255551
50898,0.00016398085817541613
50901,5.811224857081732e-05
50902,0.00196097464149843
50910,6.586038453583094e-05
50911,0.00011347764082196614
50912,0.00028283636599312634
50916,0.003584135654944882
50917,6.118571903715033e-05
50921,5.85900884891341e-05
50925,0.0019609987351751927
50929,0.9581531176814573
50930,0.000952746187990989
50938,0.00012734492032281163
50944,5.960938701671091e-05
50945,0.0009792553448332516
50949,3.0097426689155756e-05
50950,0.000952746187990989
50957,0.0007956311236266933
50965,0.0762702035280661
50966,4.9802890811725866e-05
50969,8.436823096270445e-05
50972,5.4729081153788385e-05
50973,0.0006268654924940422
50975,0.00020107479980595945
50977,0.0016232016907456724
50982,0.0003489828322499265
50987,0.012811374573766894
50989,0.002369870185919107
51001,0.0009339076959921525
51006,9.306767170270811e-05
51007,6.118571903715033e-05
51010,0.23528342926558957
51011,0.998799240631583
51012,0.2225729167574657
51020,8.654174039039744e-05
51022,5.960938701671091e-05
51023,0.00011808080847816313
51026,4.5589961691584216e-05
51028,0.9999106770087686
51030,3.678615168602482e-05
51042,0.9999855490687554
51046,0.0004176887514791801
51053,0.00011731735974361013
51057,0.9998657423469635
51059,0.0003921010651064518
51064,7.243784440618535e-05
51069,0.00037007323637957564
51076,0.22294847171758742
51082,0.00028283636599312634
51086,0.00018286361234585898
51089,0.0009792553448332516
51100,0.9473784115901248
51104,0.0076270176114838295
51105,0.07131131107508937
51112,0.0009373216812578322
51124,0.0014297089223900316
51128,5.807817151692507e-05
51129,0.0004176887514791801
51135,0.2225729167574657
51138,0.004347268847470001
51142,0.00012734492032281163
51144,0.000125637237433466
51149,4.950210296142815e-05
51160,0.9999536480665743
51161,0.00020066762545047415
51168,0.00012215328705734969
51172,0.2225729167574657
51174,0.00028283636599312634
51175,0.998799240631583
51185,7.430402392503915e-05
51189,0.0003921010651064518
51194,4.357130717860938e-05
51196,0.9999071939822632
51197,4.3680429369395224e-05
51200,5.802320831745888e-05
51205,0.00012215328705734969
51209,0.00032936511113992276
51210,5.850272486450653e-05
51211,0.002755013582434655
51216,0.000648943071412129
51230,0.0002923211119583854
51231,7.805240904246882e-05
51239,0.9992684286277963
51241,4.830402508277897e-05
51245,0.006531051163236193
51250,0.0017090175743221699
51254,0.9488613368441116
51256,0.003056399004164884
51261,0.00029105310622022835
51264,0.0003336060876938954
51268,0.00016397883980823154
51270,0.00018286361234585898
51271,0.006507359443577124
51275,0.0008958906966385092
51277,0.9473784115901248
51281,0.0003025039257935313
51316,0.22294847171758742
51318,0.0035882903502960934
51323,0.23528342926558957
51327,0.0017090175743221699
51330,0.9998400457194301
51333,0.000417693891382247
51334,4.950210296142815e-05
51335,7.423214122859364e-05
51342,0.0026206358642014023
51345,7.685398210574893e-05
51349,0.9999525539780105
51350,0.01028144148284517
51354,0.005732122805785984
51358,0.0013802279596660423
51359,0.0008037088560648402
51361,0.0002597353063143384
51373,0.9992684286277963
51382,0.9997054864936198
51388,0.000952746187990989
51389,0.0009104718353442865
51390,0.9999525539780105
51392,0.9969374008402886
51393,0.000315211304386939
51396,7.423214122859364e-05
51398,0.9998724399668965
51399,0.0007956311236266933
51402,0.0011282364153317142
51410,0.9998657423469635
51411,0.00026013380591040494
51414,0.0007382912243374749
51415,0.22294847171758742
51418,0.00012196613435931723
51435,0.00018286361234585898
51450,0.9999519975416081
51452,0.0007383003065265133
51453,0.00020066762545047415
51457,0.00011044715495842429
51458,7.430402392503915e-05
51459,0.9473785851750359
51461,0.9992684376272701
51462,3.9005106181215564e-05
51464,0.0003152102071780363
51465,0.9999844124185779
51475,0.0009792553448332516
51481,0.9995895663719452
51483,0.9998765138185357
51485,0.9993344028907214
51492,0.0007956311236266933
51497,0.23528342926558957
51511,0.0003489828322499265
51512,0.23528342926558957
51514,0.3162101035786853
51517,0.0005255778566517551
51518,0.000952746187990989
51521,8.825040237274523e-05
51523,0.0009373216812578322
51525,0.9999378386319983
51529,0.00028283636599312634
51531,0.00018286361234585898
51533,5.1569535303348584e-05
51539,0.9473784115901248
51541,0.0003294076063234156
51542,0.9998885329924632
51543,8.825040237274523e-05
51544,0.0006837520003640207
51547,4.4006960175957865e-05
51551,3.059352813200732e-05
51556,0.0007197607066964709
51559,0.00020066762545047415
51562,0.0007939010076001599
51563,0.001804892823843484
51565,0.00026013380591040494
51570,0.002369870185919107
51577,0.9998835253501641
51579,3.5299440766062444e-05
51580,5.3658013213535084e-05
51586,0.9982248413476741
51593,0.9999473133555481
51594,5.1619473797477944e-05
51596,0.0003921010651064518
51601,0.00012196613435931723
51603,0.9999303261561714
51609,0.0019609987351751927
51612,4.9802890811725866e-05
51614,0.9998657423469635
51615,0.22294847171758742
51618,0.9998657423469635
51623,0.9488613368441116
51630,0.00018286361234585898
51632,6.584865233641874e-05
51634,0.00017381270897049746
51636,5.960938701671091e-05
51640,0.9997054864936198
51641,0.9992684376272701
51647,0.9998724399668965
51650,0.9998835203314828
51652,0.00044997041368243873
51654,5.9551719259913306e-05
51657,0.000315211304386939
51666,8.846959497358408e-05
51667,0.0003489828322499265
51673,6.118571903715033e-05
51676,0.9999812976361887
51677,0.2225729167574657
51680,0.0029351709834033748
51683,0.000952746187990989
51686,7.430402392503915e-05
51691,0.00020066762545047415
51694,0.007181853776498755
51706,0.9992684376272701
51707,0.00018286361234585898
51710,0.9999836293320881
51715,0.9999106770087686
51722,6.297770451899694e-05
51727,0.0003496875210024585
51738,0.00012196613435931723
51741,0.9998727175338324
51742,0.000952746187990989
51753,4.704675676985309e-05
51754,5.457543703598316e-05
51758,6.317303913812666e-05
51759,0.9999323359877031
51772,5.154270144686488e-05
51773,0.0003921010651064518
51782,0.9998727175338324
51798,3.7292460896564154e-05
51801,4.4800264939105734e-05
51807,0.9998977723201392
51814,0.9997500641030563
51818,0.002991662155666001
51820,6.694065197230985e-05
51825,0.00020066762545047415
51828,0.0002597353063143384
51829,0.000952746187990989
51834,0.9998657423469635
51836,0.9997599458638415
51840,0.9995871438420891
51847,0.9992684376272701
51851,6.118571903715033e-05
51856,0.02202204439970071
51857,4.363817105083811e-05
51859,0.00016716715660778432
51861,0.0030410406056064804
51865,4.939437942899333e-05
51874,0.9999848001105475
51879,8.825040237274523e-05
51883,0.9992684286277963
51884,5.9735149678797104e-05
51888,5.807817151692507e-05
51891,0.9999570522880501
51913,0.9488613368441116
51914,4.9802890811725866e-05
51917,0.0008303949329747527
51919,0.9999764904359805
51920,0.9999210094281771
51943,0.0003152102071780363
51944,0.9473785851750359
51946,0.019689637547841872
51955,0.000417693891382247
51961,0.23528342926558957
51963,0.22294847171758742
51965,0.005109548757822856
51966,0.000952746187990989
51970,4.16532371067625e-05
51972,3.684094510962778e-05
51985,5.2421393295752985e-05
51987,8.825040237274523e-05
51990,4.296767133218797e-05
51996,0.00037863557327688435
52002,0.23528342926558957
52005,0.000315211304386939
52007,0.996493980691398
52012,0.23528342926558957
52016,0.9998657423469635
52025,0.0027674752376394113
52027,3.524535332626971e-05
52029,0.9999586363911022
52032,4.9802890811725866e-05
52034,0.9998835203314828
52040,0.9999063500225552
52041,9.979994851932418e-05
52042,0.00196097464149843
52044,0.001275979893869128
52049,0.0017090385776086848
52053,6.0926631592378447e-05
52056,0.0007939010076001599
52059,0.0007956311236266933
52061,0.0002597353063143384
52067,0.00011254421380958478
52073,0.0005659931187681221
52079,0.00014223040098696742
52080,4.950210296142815e-05
52083,0.0008303949329747527
52090,0.00020107479980595945
52101,0.00014223040098696742
52103,5.807817151692507e-05
52104,0.0001232424246496812
52117,8.983590416348566e-05
52122,0.0008303949329747527
52123,0.02202111633725729
52128,5.807817151692507e-05
52129,0.0019609987351751927
52131,6.456014446647567e-05
52136,0.0003921010651064518
52137,0.0005858852184974999
52139,0.9999210094281771
52141,0.0009669031085228232
52150,8.654174039039744e-05
52159,0.000952746187990989
52162,0.00018286361234585898
52163,0.006507359443577124
52165,0.0006309272348006008
52168,0.9999830343283849
52170,0.0009669031085228232
52173,0.0029306866007651525
52177,0.0003921010651064518
52178,6.118571903715033e-05
52182,0.0017090385776086848
52195,6.098563068394302e-05
52197,4.361350075037471e-05
52200,0.0009373216812578322
52206,0.0003489828322499265
52210,0.9995871438420891
52211,0.999956879502631
52218,0.0004176887514791801
52223,0.0015290187425444116
52229,3.684094510962778e-05
52235,0.0012439201977550009
52238,0.00020066762545047415
52239,0.0008303847188266249
52240,0.00018754935645466
52241,6.440614235541515e-05
52247,0.002759229903327865
52248,0.9998657423469635
52261,4.947755505274092e-05
52262,0.003300036377652398
52263,0.9999151191957167
52265,0.9999836293320881
52269,0.9982248413476741
52270,0.000736969852579889
52272,5.807817151692507e-05
52277,0.9999525539780105
52279,0.0003025039257935313
52281,0.8423721313133714
52285,0.0001271846876766775
52293,0.0001493900410580033
52296,3.5297851792852416e-05
52303,4.8884553910226695e-05
52317,0.9998727175338324
52318,9.499264710992848e-05
52320,0.0007956311236266933
52321,0.9999836293320881
52328,5.2369101106493064e-05
52330,5.930371917706188e-05
52334,0.0019609987351751927
52347,0.9987495364405733
52348,0.00044997041368243873
52351,5.9306388737784195e-05
52352,7.58471595843089e-05
52355,0.000952746187990989
52359,4.36784631498498e-05
52360,4.558790952076361e-05
52363,0.0003294076063234156
52370,0.0003152102071780363
52371,0.9999819551092717
52383,0.005547394407932111
52386,0.0007335297847933146
52394,0.9999718694021578
52398,0.0007956311236266933
52399,0.0003921010651064518
52400,5.807817151692507e-05
52406,9.995309139319764e-05
52410,4.939437942899333e-05
52411,0.9990768958847911
52415,4.939437942899333e-05
52418,4.596566331885813e-05
52419,0.0008303949329747527
52422,9.995309139319764e-05
52425,0.0032346263539202343
52428,0.0025414254415800255
52429,0.9991493516607025
52433,0.0065203631154570115
52434,0.00032936511113992276
52439,5.233733093777394e-05
52453,0.999956879502631
52456,0.0002597353063143384
52466,0.0003025039257935313
52479,0.0003921010651064518
52482,0.002525498960716512
52483,0.0003152102071780363
52489,0.0027674752376394113
52490,0.00014842602019174902
52498,4.479971344691348e-05
52509,9.995309139319764e-05
52511,0.9998727175338324
52512,0.0003025039257935313
52516,0.9999670476662612
52518,0.0007335388084518602
52529,5.3658013213535084e-05
52530,0.004227015467084751
52532,0.00020107479980595945
52533,0.9998724399668965
52541,0.00029105310622022835
52544,0.9999840697940373
52551,0.0029306866007651525
52557,0.00018286361234585898
52559,0.9999783362129983
52563,0.0007197695610940449
52570,0.00011807935500747968
52572,0.0020368549550457585
52573,0.22294847171758742
52576,0.0003921010651064518
52583,0.9999379658320403
52584,0.9999550062893311
52590,0.0007956311236266933
52593,0.0003152102071780363
52594,0.0008303847188266249
52598,0.9998657423469635
52600,4.1715279811296715e-05
52601,0.23528342926558957
52603,3.2986643860003994e-05
52606,0.960970080576001
52610,0.22294847171758742
52621,0.00911071577163505
52622,0.9473785851750359
52626,0.9999210094281771
52628,0.9998400388275899
52635,0.9993289115899769
52639,0.00014223040098696742
52640,0.0007939010076001599
52644,0.002312336623816038
52653,0.9995895663719452
52661,0.00022855875309000183
52668,0.00011347764082196614
52669,0.002369870185919107
52672,6.149999569241807e-05
52682,0.0006304375112297416
52683,0.00014223040098696742
52686,0.9999550062893311
52689,5.960938701671091e-05
52691,0.23528342926558957
52698,0.999956879502631
52699,0.002759229903327865
52710,3.012657282093908e-05
52712,0.0002597353063143384
52719,0.23528342926558957
52722,4.596566331885813e-05
52728,0.000417693891382247
52735,0.0014297089223900316
52736,0.00015275305899727323
52738,5.034225882589384e-05
52741,7.139906422789197e-05
52775,0.00012215328705734969
52780,9.744838883334099e-05
52789,0.0007383003065265133
52793,0.000315211304386939
52794,3.012657282093908e-05
52795,0.00196097464149843
52796,0.0007939010076001599
52798,0.9999378386319983
52817,0.9999855490687554
52825,4.296767133218797e-05
52832,0.9999811623733025
52833,0.0007463319575162534
52835,7.854077226421422e-05
52836,0.9473785851750359
52843,0.00044997041368243873
52847,3.521125517426669e-05
52853,0.9999525539780105
52854,5.247215666202429e-05
52865,0.00029105310622022835
52870,0.9999789950350267
52877,0.000131889150515846
52879,0.0001271846876766775
52886,0.0003152102071780363
52887,5.921551891752585e-05
52890,0.9999499568979832
52893,5.918584598836989e-05
52894,6.118571903715033e-05
52895,0.0003294076063234156
52899,0.9998727175338324
52908,0.0007956311236266933
52909,3.2986643860003994e-05
52910,0.0009792553448332516
52912,0.00020107479980595945
52926,0.0076270176114838295
52936,0.9999570522880501
52938,0.0003336060876938954
52944,0.00018286361234585898
52948,5.177884953619539e-05
52949,5.930371917706188e-05
52950,0.9982991741807252
52954,0.0003489828322499265
52955,0.004992793715275621
52958,0.0013205758147271525
52959,0.00018286361234585898
52960,0.0003496875210024585
52962,7.59938127452237e-05
52965,0.005547394407932111
52966,0.00020107479980595945
52969,0.9999287947672695
52971,0.9473785851750359
52972,0.0005660000826093352
52975,0.0001493900410580033
52978,0.0007939010076001599
52981,4.4072508608230064e-05
52984,0.00011794298359327118
52992,0.9999785333356497
52994,0.000630934997070971
52995,5.328417313837607e-05
52999,0.9995895663719452
53007,0.00014223040098696742
53008,0.23528342926558957
53012,0.0003294076063234156
53017,0.9999151191957167
53020,0.0003489828322499265
53025,0.0019609987351751927
53027,0.0007383003065265133
53029,0.9998894427646828
53030,4.950210296142815e-05
53037,0.9998724399668965
53041,0.9998657423469635
53046,0.011197169747356423
53053,0.00018286361234585898
53056,0.0012444766214345147
53061,0.005111430321253707
53065,0.9987495518152459
53067,0.0008303847188266249
53074,0.2225729167574657
53075,0.9998795342559553
53079,0.0007463411385455769
53080,0.9998894441255551
53085,0.0003921010651064518
53086,0.0003489828322499265
53087,0.0012444766214345147
53094,0.9990113728351213
53104,0.23528342926558957
53107,0.00037007323637957564
53113,0.0007603887156336702
53114,8.336272218685308e-05
53117,0.0035882903502960934
53124,4.8884553910226695e-05
53127,0.00020107479980595945
53129,0.0001077557518754141
53130,0.00018286361234585898
53134,9.527975236225929e-05
53135,5.2501837663869845e-05
53136,0.00012196613435931723
53139,6.586038453583094e-05
53140,0.0009669031085228232
53142,0.9999848001105475
53144,8.412269025630678e-05
53145,0.9998727175338324
53146,6.297770451899694e-05
53150,0.00018286361234585898
53154,0.9999830343283849
53155,5.9306388737784195e-05
53164,0.00014441585735976267
53165,0.999621553730851
53166,0.9998724399668965
53168,0.000417693891382247
53169,0.9992684286277963
53173,0.9999378386319983
53174,0.0009373216812578322
53178,0.004367320389457687
53182,0.9987495518152459
53185,0.9999303261561714
53188,0.9473785851750359
53190,0.006786333931879534
53192,0.0018688248110641556
53194,0.01121449986618125
53198,0.0017090175743221699
53200,0.004253003917995008
53201,4.361350075037471e-05
53217,0.0003921010651064518
53219,5.249947438058162e-05
53221,0.00605733709048263
53228,0.9999670476662612
53231,3.5297851792852416e-05
53235,5.930371917706188e-05
53237,3.678615168602482e-05
53244,0.9473784115901248
53250,0.000315211304386939
53252,4.939437942899333e-05
53254,0.0009669031085228232
53256,4.007612222051802e-05
53265,0.00028283636599312634
53273,5.375792848343607e-05
53274,0.9998835203314828
53275,0.011683958305208901
53281,0.9999378386319983
53286,0.0007939010076001599
53290,0.000952746187990989
53293,0.00019763818345950405
53294,0.0003489828322499265
53315,0.0020588466571659614
53321,0.22294847171758742
53322,3.524535332626971e-05
53324,0.9992684286277963
53326,0.0026206358642014023
53329,4.357130717860938e-05
53332,6.77535374266018e-05
53334,0.000315211304386939
53336,0.00028283636599312634
53341,5.28613697475509e-05
53342,0.9488613368441116
53343,0.000315211304386939
53344,0.0003152102071780363
53345,5.992504490292767e-05
53352,0.0003152102071780363
53355,5.9518052967203426e-05
53356,0.000952746187990989
53366,0.0009669031085228232
53380,0.014078245481704601
53381,0.0007369607867453374
53386,0.006531051163236193
53387,0.9998923370842788
53388,0.00028283636599312634
53392,0.999621553730851
53393,0.9473785851750359
53397,8.965482028065936e-05
53400,7.430402392503915e-05
53402,0.9998724399668965
53407,0.0023506052563985243
53408,4.357130717860938e-05
53411,0.00018286361234585898
53413,0.9999848001105475
53421,4.3633652185942235e-05
53424,5.241528681921449e-05
53427,0.9998727175338324
53428,8.846959497358408e-05
53430,5.9306388737784195e-05
53433,0.0022588682288346186
53440,0.0002597353063143384
53447,0.9987495364405733
53451,5.2368456446649856e-05
53458,3.056393025534321e-05
53460,0.9999519975416081
53461,0.00420891104903369
53466,0.0004176887514791801
53469,0.9992684286277963
53471,9.12947452479209e-05
53472,0.9998724399668965
53474,0.0018088221646381769
53475,0.00015923235599684554
53476,0.0011272461986322187
53485,5.9518052967203426e-05
53486,0.22294847171758742
53487,0.0002597353063143384
53491,0.00020066762545047415
53495,0.9987377517266016
53497,0.000952746187990989
53499,0.9999064394939688
53500,0.002075760536193004
53501,0.2225729167574657
53506,0.000952746187990989
53515,0.000952746187990989
53519,0.9999769794570079
53522,0.9999287947672695
53526,0.000816994164089274
53534,0.0003921010651064518
53536,0.9473785851750359
53540,3.012657282093908e-05
53541,0.9999104849502187
53545,4.6328684081510264e-05
53547,0.00012196613435931723
53552,0.0003025039257935313
53556,0.00020107479980595945
53561,0.0018088221646381769
53565,0.9999537475210077
53566,5.3658013213535084e-05
53569,0.003087649530949634
53573,0.9999840697940373
53575,0.996695037393001
53582,0.0017010896648016567
53589,0.00028283636599312634
53592,0.9992684286277963
53595,0.000315211304386939
53600,0.9998724399668965
53601,0.9998594636941474
53602,0.9992684376272701
53603,0.9998657423469635
53604,0.9999848001105475
53616,0.9998727175338324
53627,5.681464706624779e-05
53628,0.9999805439124154
53632,0.0013802279596660423
53641,0.007181853776498755
53644,0.0003294076063234156
53662,0.000417693891382247
53666,0.9998727175338324
53675,0.0008037088560648402
53676,9.12947452479209e-05
53682,0.9999119730214132
53686,0.0007939010076001599
53690,0.000895901715820509
53692,0.23528342926558957
53704,0.00018286361234585898
53707,0.9999378386319983
53710,4.586563522306168e-05
53716,0.22294847171758742
53717,0.9993344028907214
53718,0.00018286361234585898
53723,0.9998724399668965
53724,0.9999119730214132
53727,0.000952746187990989
53730,0.003056399004164884
53732,0.0007197695610940449
53739,0.9999473133555481
53749,5.328417313837607e-05
53752,4.357130717860938e-05
53753,0.9999537475210077
53765,0.0008303949329747527
53770,0.9982435345859826
53774,0.9488613368441116
53776,0.00020107479980595945
53779,0.9998724399668965
53780,0.00028283636599312634
53781,0.9998724399668965
53788,0.00012215328705734969
53789,0.07626933620976893
53798,0.00605733709048263
53806,0.00012215328705734969
53807,5.379592212530207e-05
53808,3.5299440766062444e-05
53809,0.0007383003065265133
53811,4.830461971156742e-05
53812,0.0008303949329747527
53813,9.680016873563012e-05
53820,0.0003089554379001477
53822,0.00014435762500079443
53828,0.00020066762545047415
53837,0.0020368549550457585
53839,0.000585878010140859
53840,0.0007939010076001599
53848,0.00017381270897049746
53862,0.9998727175338324
53869,0.0017090385776086848
53871,0.00018286361234585898
53875,4.8884553910226695e-05
53881,0.00012196613435931723
53882,0.00016398085817541613
53883,0.9998657423469635
53896,0.0007335388084518602
53903,0.0007603887156336702
53904,0.9999812574203041
53906,0.0003152102071780363
53908,0.9995303386806641
53917,6.586038453583094e-05
53921,3.5299440766062444e-05
53923,7.63939839891538e-05
53926,7.790178350376676e-05
53934,0.002755013582434655
53938,0.0003496875210024585
53948,0.999797961506485
53950,0.000585878010140859
53953,0.9990565363791533
53956,0.0009683855312854912
53957,0.9473784115901248
53962,9.499264710992848e-05
53966,0.9999519954731275
53967,0.9998783443860909
53969,0.0003489828322499265
53973,0.9999526426022866
53975,0.0026206358642014023
53994,0.00011808080847816313
53997,0.9998400457194301
53998,0.0001077557518754141
54005,0.9992684376272701
54009,0.9995895663719452
54012,0.9995895663719452
54017,4.3680429369395224e-05
54025,0.23528342926558957
54029,0.9999101859370471
54030,0.000952746187990989
54031,0.2225729167574657
54032,0.006507439032569228
54039,0.0009669031085228232
54045,5.1730895903729595e-05
54049,0.9998287870257786
54056,0.9999104849502187
54057,3.2986643860003994e-05
54060,5.270837204143093e-05
54069,0.0003336060876938954
54080,5.387605044529288e-05
54082,0.00020066762545047415
54084,0.0009373216812578322
54085,0.00020066762545047415
54088,0.9999844124185779
54092,0.0003152102071780363
54096,0.9998423963632717
54099,0.0003921010651064518
54103,6.098563068394302e-05
54107,8.86482851627741e-05
54111,0.9600681641490367
54119,0.00020107479980595945
54120,0.0003025039257935313
54126,0.0007939010076001599
54137,0.9998923370842788
54139,0.9473785851750359
54145,0.002222625642549714
54147,0.00011254421380958478
54148,0.0017010687590371112
54149,5.1619473797477944e-05
54153,0.000952746187990989
54156,0.0003496875210024585
54157,0.0007956311236266933
54159,5.255031335435125e-05
54163,0.0026371346473041085
54169,0.9995895663719452
54172,0.005292601102725644
54179,0.0007382912243374749
54190,0.9473785851750359
54192,0.00020107479980595945
54195,0.0027674752376394113
54199,0.999951564094725
54201,0.99957252958979
54202,0.9992684286277963
54205,0.9999106770087686
54208,0.9996885102937777
54231,0.00618595648019875
54232,0.9998724399668965
54233,0.0003152102071780363
54234,4.361350075037471e-05
54238,0.0014296913470183256
54241,0.0008456899491242941
54245,0.00020107479980595945
54247,0.002541394234689496
54259,5.807817151692507e-05
54260,0.9999378386319983
54261,5.807817151692507e-05
54263,0.0007383003065265133
54264,5.169951288770619e-05
54266,4.479971344691348e-05
54270,3.248316311800037e-05
54274,5.986707178831173e-05
54278,0.00029105310622022835
54279,0.0002463506730823969
54282,4.830402508277897e-05
54285,0.9999812976361887
54286,0.9998657423469635
54287,5.9460473564217507e-05
54291,5.4929935731589505e-05
54292,0.9999303261561714
54293,0.9993344028907214
54297,0.0007939010076001599
54300,0.9997638186448435
54301,5.270837204143093e-05
54304,0.999951564094725
54305,7.854077226421422e-05
54308,0.0017090385776086848
54316,0.004367320389457687
54319,0.00011808080847816313
54320,0.2225729167574657
54325,0.00018286361234585898
54326,0.9994774953774737
54331,0.0003496875210024585
54332,7.654828582184629e-05
54334,0.0007197695610940449
54337,0.0009792553448332516
54339,0.0003496875210024585
54340,0.0003921010651064518
54346,0.9998727175338324
54352,0.0008319486348780757
54354,0.9999379658320403
54364,5.320102194467529e-05
54365,0.009012005787607585
54372,0.0020368299312688016
54378,3.733521486688266e-05
54381,0.0018688248110641556
54385,0.9984008985709164
54393,0.23528342926558957
54397,0.0017010896648016567
54399,0.0009104718353442865
54404,4.5589961691584216e-05
54422,6.586038453583094e-05
54427,0.00018286361234585898
54429,0.9999794427737073
54432,0.9992684376272701
54440,0.00020066762545047415
54442,0.9999632362781291
54444,0.9998657423469635
54445,5.270837204143093e-05
54446,0.0009339076959921525
54448,0.999943101682273
54449,5.807817151692507e-05
54450,5.255031335435125e-05
54452,0.0007939010076001599
54456,5.811224857081732e-05
54460,0.9998657423469635
54461,0.0019609987351751927
54462,5.807817151692507e-05
54464,0.9999844124185779
54468,0.00016397883980823154
54469,0.9999819938281546
54470,0.00045061895097513345
54485,0.23528342926558957
54487,5.328417313837607e-05
54496,0.0020368299312688016
54497,0.0003489828322499265
54524,0.0007939010076001599
54526,0.00018286361234585898
54529,4.8884553910226695e-05
54532,0.0024428864496677484
54533,0.9998977710617711
54534,3.012657282093908e-05
54545,0.00020066762545047415
54546,0.000952746187990989
54551,4.353890745567721e-05
54568,0.00018286361234585898
54569,5.807817151692507e-05
54572,5.2976653991585695e-05
54573,0.0001839723690928067
54580,0.9999586363911022
54592,4.363817105083811e-05
54594,0.00037007323637957564
54599,0.00018286361234585898
54600,0.9488613368441116
54602,0.9978657011748204
54604,0.0003496875210024585
54606,0.9987495364405733
54610,0.9998657423469635
54611,0.0003496875210024585
54613,0.00015275305899727323
54615,0.0007939010076001599
54622,8.436823096270445e-05
54627,0.00037007323637957564
54629,0.0003496875210024585
54630,0.9992684376272701
54632,0.0008319486348780757
54634,0.00018286361234585898
54637,0.22294847171758742
54638,0.00011807935500747968
54639,0.0013802279596660423
54647,0.00020107479980595945
54648,0.9997727594964603
54652,0.9998835253501641
54657,0.22294847171758742
54661,0.9998894427646828
54669,5.177651879533547e-05
54673,0.0001671650990284317
54681,0.23528342926558957
54684,0.00020066762545047415
54695,0.0002597353063143384
54705,0.9999836293320881
54706,0.9998483303771473
54720,0.9998727175338324
54721,0.00011192678021751157
54727,7.243784440618535e-05
54731,5.328417313837607e-05
54733,4.939437942899333e-05
54739,0.005111492925018042
54741,0.0007956311236266933
54747,0.9993344028907214
54750,0.07626933620976893
54751,0.9999836411479883
54752,7.048169955266968e-05
54756,0.000816994164089274
54757,3.303726520385771e-05
54762,0.9999836293320881
54767,0.00026013380591040494
54772,0.000952746187990989
54773,0.0003921010651064518
54774,0.9999812976361887
54779,0.00037007323637957564
54780,0.9999794112261701
54787,0.00020107479980595945
54796,0.0005858852184974999
54797,0.009884586474106123
54807,0.00011808080847816313
54813,3.064047711007963e-05
54815,0.9992684376272701
54818,9.129362145996405e-05
54820,0.9998727175338324
54834,0.002525498960716512
54835,0.0004176887514791801
54842,5.807817151692507e-05
54846,0.0009373216812578322
54850,0.9998657423469635
54854,0.00020066762545047415
54855,0.001275979893869128
54856,5.807817151692507e-05
54857,0.00901211573207907
54860,0.9473784115901248
54871,0.01121449986618125
54872,0.0002923211119583854
54874,0.0024428864496677484
54878,0.9999648492164995
54880,0.0009373216812578322
54884,0.9999064394939688
54885,0.0017010896648016567
54891,0.0003496875210024585
54893,0.000952746187990989
54900,0.0014296913470183256
54911,7.850261865968507e-05
54913,9.306767170270811e-05
54914,0.0007956311236266933
54916,0.0028334201429591906
54918,0.9999830343283849
54932,0.9992684286277963
54940,0.9998657423469635
54943,9.499264710992848e-05
54948,0.0002289094309271827
54949,0.9999648477017928
54950,0.0031117045531496054
54954,0.9999410645749532
54955,0.9995717180850213
54958,0.23528342926558957
54964,0.0003921010651064518
54966,0.9998724399668965
54967,0.999906630939681
54968,0.999621553730851
54977,0.0009373216812578322
54979,0.0003294076063234156
54988,0.2225729167574657
54991,0.0020368299312688016
55005,0.0018088221646381769
55014,0.9999568776445106
55021,0.00018286361234585898
55024,5.4729081153788385e-05
55028,0.0007956311236266933
55030,5.5235090125018534e-05
55036,0.00012037385252514046
55040,0.9997733950535433
55042,0.0003921010651064518
55048,0.0007956311236266933
55049,0.9990066895409897
55056,0.9999195917756377
55057,0.0007939010076001599
55059,0.0003489828322499265
55065,0.23528342926558957
55073,7.430402392503915e-05
55074,0.0019609987351751927
55076,0.23528342926558957
55080,0.00196097464149843
55085,0.9999063500225552
55087,0.9998657423469635
55089,0.0020368549550457585
55090,6.288120982706638e-05
55091,8.412269025630678e-05
55092,0.0003921010651064518
55104,5.241528681921449e-05
55106,5.807817151692507e-05
55107,0.9858345532020377
55111,0.0017090385776086848
55113,0.003087649530949634
55117,0.9983974165288646
55124,0.999927402672783
55131,0.0006309272348006008
55141,0.9473785851750359
55150,4.558790952076361e-05
55156,0.0007956311236266933
55161,0.00032936511113992276
55176,0.00011807935500747968
55183,0.0007956311236266933
55186,0.0009683855312854912
55187,0.9999604073417305
55190,0.22294847171758742
55191,0.9992684286277963
55193,7.63939839891538e-05
55194,0.9998724399668965
55196,5.9518052967203426e-05
55201,0.010243079121700452
55207,0.0002923211119583854
55208,0.9999204773870028
55211,4.990348619498389e-05
55212,0.9978056518298187
55213,6.669610210327244e-05
55223,0.0007956311236266933
55224,0.0019609987351751927
55234,0.9999812574203041
55241,0.9999836411479883
55244,0.9999525539780105
55245,0.004309779002986541
55248,0.9999769794570079
55249,0.00012215328705734969
55250,0.00011044715495842429
55261,6.932071993706728e-05
55283,0.006973524874708583
55288,0.9997776070236842
55289,4.3633652185942235e-05
55290,0.0004123073536401814
55294,0.9998724399668965
55296,0.00020107479980595945
55298,0.00018286361234585898
55304,7.854077226421422e-05
55307,0.0008303847188266249
55329,0.9999410645749532
55335,8.690654935332071e-05
55344,0.000952746187990989
55349,5.807817151692507e-05
55352,0.22294847171758742
55353,0.00012734492032281163
55359,4.552010735628039e-05
55362,5.802320831745888e-05
55367,0.000952746187990989
55370,0.9999410645749532
55371,0.0012712279988481728
55376,0.0003152102071780363
55378,0.01121449986618125
55379,0.000736969852579889
55382,8.412269025630678e-05
55415,0.0003489828322499265
55416,0.00011347764082196614
55420,0.00032936511113992276
55423,0.000952746187990989
55426,4.558790952076361e-05
55427,0.00032936511113992276
55433,9.537201456968648e-05
55439,0.9998727175338324
55441,5.930371917706188e-05
55442,0.0017010687590371112
55446,0.00028283636599312634
55454,0.9999499568979832
55455,0.9993344028907214
55456,0.003056399004164884
55462,0.9992684376272701
55475,0.0003300301995967342
55487,4.9802890811725866e-05
55488,5.807817151692507e-05
55496,0.00015276789045530126
55502,0.00037921642673326687
55504,0.0005255843234949455
55510,0.9987908269794347
55511,0.0003489828322499265
55513,4.8884553910226695e-05
55518,0.2225729167574657
55525,0.00196097464149843
55526,0.010243203929753652
55528,0.00618595648019875
55529,5.3168219727365504e-05
55538,0.0009373216812578322
55550,0.9998657423469635
55551,0.0007956311236266933
55571,0.0026814979147092182
55572,0.0002923211119583854
55585,0.0003025039257935313
55597,0.0001232424246496812
55606,4.990348619498389e-05
55610,0.011684100462575488
55612,0.9983838773723919
55615,5.807817151692507e-05
55616,0.00032936511113992276
55617,6.37274012246411e-05
55618,0.9998727175338324
55619,0.9473785851750359
55620,0.0026371346473041085
55622,0.9985762500190177
55638,0.0007956311236266933
55642,0.9996802241604184
55644,0.00011347764082196614
55646,0.9998727175338324
55647,5.255267892605444e-05
55653,0.004367320389457687
55655,0.999900690546973
55658,5.250400866928995e-05
55660,4.947755505274092e-05
55661,0.00012196613435931723
55665,0.00196097464149843
55669,0.00019763818345950405
55672,0.9999819938281546
55676,7.430402392503915e-05
55680,6.118571903715033e-05
55682,0.0008958906966385092
55683,0.9999410645749532
55685,9.979994851932418e-05
55687,0.005111430321253707
55688,6.586038453583094e-05
55689,0.0017010896648016567
55702,0.22294847171758742
55706,0.9999769960724959
55710,0.0009373216812578322
55719,0.9998657423469635
55720,0.001286069590300607
55721,4.36784631498498e-05
55722,0.22294847171758742
55723,3.303726520385771e-05
55739,4.8884553910226695e-05
55741,0.0007956311236266933
55749,0.0014296913470183256
55754,0.000952746187990989
55755,0.0001493900410580033
55761,0.0007956311236266933
55762,0.00014435762500079443
55771,5.1569535303348584e-05
55774,4.950210296142815e-05
55775,0.00014223040098696742
55776,0.00196097464149843
55778,5.3658013213535084e-05
55779,6.440614235541515e-05
55784,0.0019609987351751927
55788,0.9998724399668965
55791,0.00012215328705734969
55799,0.000952746187990989
55804,0.0006304375112297416
55805,0.0003921010651064518
55806,0.9998657423469635
55808,0.23528342926558957
55809,0.9999570522880501
55811,0.00012215328705734969
55813,6.584865233641874e-05
55816,0.00018754935645466
55820,0.002222625642549714
55821,0.0009373216812578322
55822,0.00020107479980595945
55824,0.9998657423469635
55826,0.0003294076063234156
55827,0.0004176887514791801
55830,0.0007383003065265133
55835,0.2225729167574657
55838,0.9999819551092717
55843,0.0009792553448332516
55844,0.0008303847188266249
55852,0.9473784115901248
55853,3.90649631038659e-05
55857,0.9998727175338324
55859,0.2225729167574657
55861,3.6842603544390786e-05
55864,5.681464706624779e-05
55865,0.9998894441255551
55866,0.9998657423469635
55871,0.00020107479980595945
55881,9.868242832771371e-05
55882,0.0013205758147271525
55887,0.00032936511113992276
55895,0.00605733709048263
55900,0.00020066762545047415
55911,5.901003939592238e-05
55913,0.9999848001105475
55916,5.2165165246239245e-05
55917,4.939437942899333e-05
55918,5.807817151692507e-05
55919,9.12947452479209e-05
55925,6.228322541902321e-05
55931,7.850261865968507e-05
55933,5.9377035887828385e-05
55935,5.4929935731589505e-05
55936,7.430402392503915e-05
55937,0.9974755967558074
55939,0.00018286361234585898
55941,0.0008303847188266249
55944,0.9993289115899769
55945,0.9473785851750359
55946,0.000315211304386939
55955,4.9802890811725866e-05
55967,0.0008303847188266249
55972,0.0009683855312854912
55977,0.9999840697940373
55982,0.0056928609189208276
55983,0.0009669031085228232
55988,0.0014297089223900316
55997,0.0005659931187681221
55998,0.9488613368441116
55999,0.0007939010076001599
56002,0.000630934997070971
56006,0.00020107479980595945
56011,0.0007383003065265133
56012,0.0002918733189469976
56014,0.00012215328705734969
56021,0.0007939010076001599
56024,0.00018286361234585898
56026,0.0003294076063234156
56034,0.9998894427646828
56035,4.990348619498389e-05
56041,6.77535374266018e-05
56043,0.002075760536193004
56047,0.002312336623816038
56049,0.9992684286277963
56051,0.00020066762545047415
56052,4.198155606916126e-05
56053,0.9997500641030563
56054,8.825040237274523e-05
56058,0.006507359443577124
56065,0.02202204439970071
56067,0.999947394083066
56068,0.9998932057107776
56071,0.006531051163236193
56075,0.23528342926558957
56078,0.0003025039257935313
56079,0.9960004668076992
56086,0.2225729167574657
56089,0.9473785851750359
56095,0.00018286361234585898
56101,4.4006960175957865e-05
56109,0.9473785851750359
56111,0.9980523359461434
56115,6.932071993706728e-05
56118,0.2225729167574657
56119,0.9998657423469635
56121,0.9998727175338324
56131,0.001489250618639279
56135,0.9473785851750359
56137,0.22294847171758742
56138,0.0009373216812578322
56141,0.9473784115901248
56147,6.586038453583094e-05
56150,0.0009669031085228232
56159,0.9998727175338324
56163,0.014969345030304441
56170,0.0007197695610940449
56181,0.9998657423469635
56198,0.998799240631583
56200,0.9999526426022866
56204,0.00018286361234585898
56208,0.9822360288268749
56215,0.00026013380591040494
56230,0.00020066762545047415
56238,7.048083194376647e-05
56241,0.8423721313133714
56242,0.00011181793418543428
56245,0.9999119730214132
56247,0.0008303949329747527
56249,0.23528342926558957
56250,0.0012444919227764014
56254,0.22294847171758742
56255,0.0003152102071780363
56260,0.009012005787607585
56262,0.9998909301844443
56266,6.586038453583094e-05
56267,7.59938127452237e-05
56271,0.9999525539780105
56274,5.9377035887828385e-05
56276,0.00012215328705734969
56281,0.000131889150515846
56287,0.0006309272348006008
56288,0.0003294076063234156
56291,0.9998400388275899
56295,3.5297851792852416e-05
56297,0.0015290187425444116
56299,5.9518052967203426e-05
56304,0.9999519975416081
56305,0.006786333931879534
56312,4.830402508277897e-05
56317,0.0032346263539202343
56319,0.9999119730214132
56321,0.0008303949329747527
56322,0.9987377517266016
56328,0.0009373216812578322
56331,0.0003921010651064518
56333,0.0009669031085228232
56334,7.028735042040962e-05
56339,4.939437942899333e-05
56342,0.0006304452674788647
56360,4.353890745567721e-05
56362,0.9992684376272701
56363,0.0003611341422352126
56364,0.00022067729558604302
56365,0.002369870185919107
56366,4.596566331885813e-05
56367,0.0013182524325186767
56368,0.9998923370842788
56369,0.000895901715820509
56370,4.8884553910226695e-05
56373,6.948943733151138e-05
56374,0.9998727175338324
56382,0.0028333853607670828
56398,0.9998657423469635
56404,0.002312336623816038
56409,0.000648943071412129
56413,0.9984008985709164
56414,5.807817151692507e-05
56419,5.904266506942008e-05
56421,5.807817151692507e-05
56422,0.001804892823843484
56427,6.629840522857202e-05
56430,0.07131131107508937
56432,0.0003921010651064518
56436,0.0001077557518754141
56438,0.9998894441255551
56467,0.9999106770087686
56470,5.149283722118249e-05
56476,0.00016398085817541613
56477,0.9999819551092717
56478,0.0005858852184974999
56482,0.22294847171758742
56493,6.136612415584311e-05
56494,0.00016716715660778432
56498,5.034163911507626e-05
56501,0.9999789950350267
56508,0.0003921010651064518
56510,0.0009792553448332516
56513,0.0008901247090965408
56516,0.000417693891382247
56522,0.9993344028907214
56523,0.9999746796172315
56525,0.000952746187990989
56533,0.9473785851750359
56539,0.0007956311236266933
56549,0.00029105310622022835
56554,0.9999783362129983
56556,6.11553776210631e-05
56558,0.000315211304386939
56560,0.00036420235996857485
56562,0.00028283636599312634
56563,6.925365782098223e-05
56567,0.0007956311236266933
56568,0.9998977723201392
56571,0.9987495518152459
56572,0.9999812976361887
56573,0.0002597353063143384
56574,0.23528342926558957
56579,0.9998724399668965
56593,7.423214122859364e-05
56601,0.0002597353063143384
56610,0.0003489828322499265
56614,0.0009104718353442865
56617,0.0011272461986322187
56620,0.0005659931187681221
56626,0.9992684286277963
56627,0.005723389742325767
56632,8.412372578039572e-05
56633,0.9999844124185779
56635,0.00037007323637957564
56644,3.303726520385771e-05
56645,0.9998727175338324
56658,0.0007146805230800242
56659,0.9998905836686046
56660,8.74710387549412e-05
56662,0.22294847171758742
56663,7.139906422789197e-05
56667,0.9999106770087686
56668,5.9460473564217507e-05
56674,4.6165171911714914e-05
56680,0.0005660000826093352
56681,0.0027674752376394113
56684,0.00961084601137933
56689,4.950210296142815e-05
56696,5.177884953619539e-05
56699,0.000630934997070971
56701,6.44076619079465e-05
56704,0.999942035945924
56705,0.9992684376272701
56706,4.6328684081510264e-05
56707,0.0003152102071780363
56713,0.9999855490687554
56717,0.014078245481704601
56721,4.3680429369395224e-05
56722,4.586563522306168e-05
56730,0.000648943071412129
56736,3.012657282093908e-05
56737,3.524535332626971e-05
56739,0.9992684376272701
56740,0.0016232016907456724
56742,3.526370285294696e-05
56744,9.190610179282718e-05
56747,0.000270402999013974
56750,0.00018286361234585898
56751,0.007795136269552964
56759,0.007626924434646636
56761,0.00020066762545047415
56763,5.9460473564217507e-05
56769,4.36784631498498e-05
56770,4.9802890811725866e-05
56772,4.363620673341469e-05
56780,0.9999519975416081
56782,0.22294847171758742
56791,0.0004176887514791801
56793,9.537201456968648e-05
56798,5.2976653991585695e-05
56805,4.3633652185942235e-05
56807,0.9999830343283849
56818,4.984167379817237e-05
56819,0.0019609987351751927
56827,4.8884553910226695e-05
56834,0.004098352335203868
56835,0.000326231031246402
56836,3.303726520385771e-05
56838,0.9999526426022866
56839,6.925365782098223e-05
56840,0.00012215328705734969
56844,0.9999550062893311
56846,3.4040364225785375e-05
56848,5.807817151692507e-05
56850,0.0019609987351751927
56855,0.9998657423469635
56858,0.00011347764082196614
56869,0.0019609987351751927
56874,0.0017010687590371112
56881,0.9995303386806641
56883,0.23528342926558957
56889,6.586038453583094e-05
56890,0.00012215328705734969
56894,0.00015729204791610285
56898,3.524535332626971e-05
56901,0.00037921642673326687
56908,5.9551719259913306e-05
56915,0.2225729167574657
56921,0.9473785851750359
56925,0.9998727175338324
56926,0.9473785851750359
56927,0.005716625614006741
56933,0.9983974165288646
56936,0.00012215328705734969
56938,0.0009669031085228232
56942,0.00018286361234585898
56943,6.118571903715033e-05
56945,0.9998400388275899
56951,7.881086556692366e-05
56955,6.11553776210631e-05
56964,0.000648943071412129
56965,0.23528342926558957
56978,0.000736969852579889
56980,6.502098659299737e-05
56987,5.918584598836989e-05
57000,0.000417693891382247
57002,0.9999473133555481
57009,0.9999836293320881
57016,0.00029105310622022835
57018,0.9999832815707336
57025,0.0007956311236266933
57026,0.0001815510930515491
57027,0.0007956311236266933
57031,0.23528342926558957
57034,0.0003152102071780363
57036,0.999947394083066
57038,3.7390826096239374e-05
57039,0.9999832815707336
57044,8.194600370979624e-05
57048,7.423214122859364e-05
57049,7.59938127452237e-05
57056,0.9993344028907214
57057,0.00012215328705734969
57061,0.00014842602019174902
57064,0.0007197607066964709
57066,5.807817151692507e-05
57067,0.9999384367695631
57069,0.002222625642549714
57076,0.00014223040098696742
57081,5.807817151692507e-05
57084,0.0002804895792180146
57085,4.9765305183604125e-05
57086,5.807817151692507e-05
57093,0.0011282364153317142
57098,0.00014223040098696742
57099,0.23528342926558957
57104,0.0006304452674788647
57105,0.00012734492032281163
57113,0.9993344028907214
57120,5.9518052967203426e-05
57126,0.9998657423469635
57130,0.000952746187990989
57136,0.0007956311236266933
57137,0.0003152102071780363
57139,0.9999855490687554
57140,0.9998657423469635
57143,0.00016398085817541613
57147,0.9998727175338324
57149,0.9999832815707336
57151,0.0014296913470183256
57153,0.00034602988260242916
57155,0.9990670343407183
57157,0.2225729167574657
57158,4.950210296142815e-05
57163,0.0012439201977550009
57169,0.00012215328705734969
57171,0.9999670476662612
57172,0.0017010687590371112
57175,0.9998894441255551
57176,0.0020588466571659614
57177,0.00012215328705734969
57184,4.950210296142815e-05
57185,0.00014223040098696742
57186,0.0003921010651064518
57187,3.303726520385771e-05
57189,0.9998993158354592
57192,5.255031335435125e-05
57194,4.8884553910226695e-05
57202,0.9999840697940373
57203,4.6165171911714914e-05
57207,6.118571903715033e-05
57208,0.0006268654924940422
57217,0.9998657423469635
57218,0.0006309272348006008
57220,7.654828582184629e-05
57221,0.9998724399668965
57222,0.000131889150515846
57227,4.990348619498389e-05
57232,0.9999106770087686
57244,0.23528342926558957
57246,0.9998727175338324
57253,0.0003294076063234156
57264,0.9999819551092717
57267,0.0003921010651064518
57269,0.0004176887514791801
57270,0.0035882903502960934
57271,0.002759229903327865
57273,0.9999071951246525
57274,0.9999192732797669
57276,0.0004176887514791801
57278,0.000315211304386939
57279,0.9999499568979832
57287,3.059352813200732e-05
57292,4.3680429369395224e-05
57295,9.979994851932418e-05
57297,0.0009792553448332516
57300,0.9998724399668965
57306,0.00011731735974361013
57312,0.0009373216812578322
57316,0.0001446822652224954
57318,0.0007956311236266933
57319,0.9488613368441116
57320,0.0009373216812578322
57321,0.9997623469017161
57322,0.9994563715061342
57323,0.9998933232361251
57327,0.000895901715820509
57328,0.9999303261561714
57333,5.177884953619539e-05
57336,5.681464706624779e-05
57340,6.317303913812666e-05
57342,0.0008303847188266249
57344,0.0003496875210024585
57346,0.9997776070236842
57348,0.00016397883980823154
57356,0.00022855875309000183
57365,0.0003489828322499265
57366,0.00020066762545047415
57368,5.811224857081732e-05
57370,0.9999323359877031
57376,0.0019609987351751927
57378,0.000952746187990989
57385,0.00012406616557876187
57394,0.0030410406056064804
57405,0.001804892823843484
57409,4.954318439933166e-05
57411,0.00020107479980595945
57414,0.00020066762545047415
57416,0.000952746187990989
57419,5.28613697475509e-05
57422,5.1619473797477944e-05
57429,0.0003921010651064518
57432,0.9999586363911022
57433,0.0007956311236266933
57438,0.9999840697940373
57439,0.0003921010651064518
57442,0.000315211304386939
57449,0.9998724399668965
57450,3.059352813200732e-05
57461,0.0010179779370654157
57462,0.005111492925018042
57463,0.9998657423469635
57467,0.23528342926558957
57474,0.9999378386319983
57475,4.479971344691348e-05
57483,0.00020107479980595945
57492,0.9999379658320403
57497,9.143177161767588e-05
57499,7.423214122859364e-05
57508,0.0003921010651064518
57513,6.118571903715033e-05
57515,0.0003921010651064518
57525,0.00020066762545047415
57532,0.00012215328705734969
57534,5.9460473564217507e-05
57536,0.0006489350877357901
57541,0.000952746187990989
57542,0.9999783362129983
57548,0.9999830343283849
57559,0.0017010896648016567
57560,7.430402392503915e-05
57564,0.000315211304386939
57565,3.064047711007963e-05
57583,0.0007939010076001599
57585,4.5786763752115844e-05
57588,4.9802890811725866e-05
57589,0.00018286361234585898
57595,0.000952746187990989
57601,0.8093761011955569
57609,3.737136975879578e-05
57613,0.0009669031085228232
57623,0.9997733950535433
57629,0.0007939010076001599
57631,0.0005255778566517551
57638,0.9999618881412762
57649,0.00020107479980595945
57650,0.0007956311236266933
57651,0.0007383003065265133
57658,4.9802890811725866e-05
57665,0.0003611341422352126
57666,8.412269025630678e-05
57672,5.2501837663869845e-05
57677,0.0007956311236266933
57678,0.0003294076063234156
57681,0.0020588466571659614
57682,0.0001077557518754141
57686,0.0013182524325186767
57692,0.9488613368441116
57694,5.930371917706188e-05
57700,0.001275979893869128
57703,5.992504490292767e-05
57711,0.00018286361234585898
57715,0.22294847171758742
57718,0.00020107479980595945
57725,0.0011272461986322187
57733,4.361350075037471e-05
57734,7.243784440618535e-05
57738,0.0007956311236266933
57739,0.00018754935645466
57743,3.9063204635608604e-05
57745,0.003056399004164884
57746,3.526529028895759e-05
57748,3.064047711007963e-05
57749,0.999708282888662
57750,0.9998325681411522
57757,0.000952746187990989
57758,0.00014435762500079443
57759,5.9551719259913306e-05
57760,0.000952746187990989
57780,0.9998724399668965
57781,0.00011731880383578854
57782,0.00012196613435931723
57787,5.250400866928995e-05
57789,5.3168219727365504e-05
57796,0.0005028658649900774
57798,3.524535332626971e-05
57801,0.000315211304386939
57802,0.0007383003065265133
57805,0.002075760536193004
57812,0.0008319486348780757
57813,0.9600681641490367
57816,0.0005660000826093352
57823,0.00020066762545047415
57830,0.0032128504386769842
57832,5.3168219727365504e-05
57843,0.9974755967558074
57850,0.00011808080847816313
57856,0.00012215328705734969
57864,4.363620673341469e-05
57871,0.23528342926558957
57874,5.802320831745888e-05
57876,0.0003496875210024585
57878,0.9969788928300801
57884,0.000315211304386939
57889,0.00037007323637957564
57898,6.20843930916153e-05
57901,9.204993950900975e-05
57902,0.0007197607066964709
57909,0.9998657423469635
57912,5.2501837663869845e-05
57918,0.0004409739513783168
57923,0.9999818225377379
57925,0.9999811623733025
57939,0.0007939010076001599
57940,5.154270144686488e-05
57946,5.320102194467529e-05
57948,0.9998724399668965
57958,0.002178427096575681
57959,0.0003496875210024585
57961,4.596566331885813e-05
57971,0.22294847171758742
57977,0.0012779471199047474
57979,0.2225729167574657
57982,0.001275979893869128
57989,3.733521486688266e-05
57997,8.98832284089943e-05
57998,0.004253003917995008
58008,0.9998594576388387
58012,0.999803132193682
58014,5.9518052967203426e-05
58016,0.0017010896648016567
58022,0.999379465322838
58026,0.0006304452674788647
58040,0.9999526426022866
58042,5.177651879533547e-05
58048,0.23528342926558957
58051,0.000952746187990989
58055,3.059352813200732e-05
58060,4.8365841086496134e-05
58075,0.9996885102937777
58078,3.248316311800037e-05
58080,0.0017090175743221699
58081,0.000315211304386939
58083,9.143177161767588e-05
58089,0.9998724399668965
58091,0.9999830343283849
58093,6.584865233641874e-05
58094,8.336272218685308e-05
58096,4.990348619498389e-05
58097,0.9994563715061342
58110,0.9998727175338324
58111,0.9998169174125405
58114,0.0003496875210024585
58118,0.9998727175338324
58120,0.0019609987351751927
58131,0.9999323359877031
58139,0.9998657423469635
58144,0.000125637237433466
58145,6.11553776210631e-05
58146,5.9643622946078996e-05
58147,3.4621028334100934e-05
58152,6.37274012246411e-05
58163,0.000630934997070971
58167,0.9999746796172315
58177,0.0007956311236266933
58192,0.9992684376272701
58193,0.9982248413476741
58194,0.0017090385776086848
58201,5.85900884891341e-05
58212,0.000131889150515846
58213,0.0035882903502960934
58223,0.000417693891382247
58228,0.004752771421174122
58231,0.00020107479980595945
58232,0.9992684376272701
58235,0.0004242837871281281
58237,0.00018286361234585898
58243,0.22294847171758742
58250,4.614869885371506e-05
58254,0.00012196613435931723
58256,0.9992684376272701
58261,5.807817151692507e-05
58266,0.9999830343283849
58275,0.0018353536466755571
58294,0.9998835203314828
58303,0.000315211304386939
58309,3.733521486688266e-05
58310,4.8884553910226695e-05
58311,0.999803132193682
58316,0.00018286361234585898
58319,4.950210296142815e-05
58326,0.0003921010651064518
58335,0.0009373216812578322
58342,0.00045061895097513345
58347,0.9998724399668965
58355,0.9994774953774737
58357,3.737136975879578e-05
58361,7.430402392503915e-05
58362,4.959116072929575e-05
58369,0.0013162351325675177
58373,0.004309779002986541
58376,0.9969788928300801
58379,0.9969788928300801
58380,0.9999410645749532
58382,0.9998727175338324
58391,0.00018286361234585898
58395,4.363817105083811e-05
58399,0.0003489828322499265
58403,0.960068030659492
58406,0.0002918733189469976
58407,0.9998657423469635
58410,0.0003496875210024585
58414,0.0019609987351751927
58427,0.9998727175338324
58429,0.0003921010651064518
58431,0.0003294076063234156
58435,0.002525498960716512
58436,4.3680429369395224e-05
58439,3.248316311800037e-05
58440,5.320102194467529e-05
58441,0.9999379658320403
58442,0.0003489828322499265
58444,7.423214122859364e-05
58445,0.0003152102071780363
58454,0.00015275305899727323
58458,7.430402392503915e-05
58460,0.005547394407932111
58461,0.9999379658320403
58475,0.00028283636599312634
58477,0.0024428864496677484
58488,0.000315211304386939
58491,0.0007417444808486156
58496,0.003073669723003646
58508,6.586038453583094e-05
58510,5.9551719259913306e-05
58511,0.00196097464149843
58512,0.9999473133555481
58515,0.9999287947672695
58516,0.0003152102071780363
58528,0.9995895663719452
58529,0.0005660000826093352
58530,0.0008303949329747527
58533,0.22294847171758742
58535,0.0003921010651064518
58544,0.9473785851750359
58547,0.00196097464149843
58549,0.9999104849502187
58550,5.807817151692507e-05
58554,0.2225729167574657
58557,0.9999583636905568
58562,0.9999525539780105
58569,0.9473785851750359
58570,5.247215666202429e-05
58579,0.9999106770087686
58581,3.521125517426669e-05
58582,5.328417313837607e-05
58598,0.00018286361234585898
58604,8.645801978867636e-05
58607,0.006085422137717491
58611,0.00014223040098696742
58612,0.23528342926558957
58618,0.0017010687590371112
58626,0.002178427096575681
58636,0.00012215328705734969
58643,4.363620673341469e-05
58646,0.9473785851750359
58647,4.950210296142815e-05
58652,0.0003921010651064518
58653,0.999947394083066
58658,0.0014297089223900316
58670,0.9984008985709164
58673,0.23528342926558957
58675,0.0002597353063143384
58676,0.0003496875210024585
58678,0.0017090385776086848
58679,0.9999830343283849
58685,0.013699975251595269
58693,4.9802890811725866e-05
58695,0.0009669031085228232
58698,0.999621553730851
58699,0.9998724399668965
58716,0.0024428864496677484
58719,0.00020066762545047415
58722,5.807817151692507e-05
58736,5.173025909973979e-05
58739,0.9999303261561714
58742,0.00018286361234585898
58743,6.118571903715033e-05
58746,0.9999064394939688
58759,0.9473784115901248
58763,5.328417313837607e-05
58765,0.00020107479980595945
58766,0.0007956311236266933
58768,0.2225729167574657
58769,0.2225729167574657
58776,4.9802890811725866e-05
58778,0.004737212950455442
58779,0.9999525539780105
58780,0.9998727175338324
58784,0.0003348606574222004
58790,5.320102194467529e-05
58791,0.9999844124185779
58792,5.807817151692507e-05
58795,0.0007939010076001599
58805,0.0003489828322499265
58809,0.9994783115377269
58812,0.0003496875210024585
58813,0.9993289404886757
58818,0.9998724399668965
58823,0.0003921010651064518
58831,0.9998400388275899
58835,0.2225729167574657
58842,0.9998727175338324
58847,0.000211382099630219
58855,0.9473785851750359
58858,0.00018286361234585898
58859,0.9999473133555481
58863,0.0008353762052111808
58865,0.0003921010651064518
58875,0.23528342926558957
58884,4.947755505274092e-05
58885,0.9999812976361887
58886,0.22294847171758742
58891,0.010243203929753652
58894,0.004347268847470001
58896,0.00018286361234585898
58898,4.8884553910226695e-05
58902,0.0014296913470183256
58904,0.2225729167574657
58911,0.0008353762052111808
58912,8.669068664703192e-05
58913,3.248316311800037e-05
58915,0.9998724399668965
58916,5.9518052967203426e-05
58918,0.000417693891382247
58920,4.479971344691348e-05
58923,0.00012196613435931723
58924,0.999900690546973
58925,0.9998955953439705
58929,0.9999812976361887
58933,4.830461971156742e-05
58934,3.303726520385771e-05
58936,0.0012444919227764014
58938,0.9999210094281771
58950,0.00011808080847816313
58951,5.6128334197581794e-05
58952,0.9987313342380877
58954,0.0007956311236266933
58959,0.9959496132057929
58972,0.000952746187990989
58978,4.479971344691348e-05
58985,0.000630934997070971
58986,0.9999064394939688
58989,7.048169955266968e-05
58994,5.9551719259913306e-05
58996,0.9999064394939688
58998,0.00014223040098696742
58999,4.361350075037471e-05
59001,0.0007956311236266933
59006,0.9998727175338324
59009,7.423214122859364e-05
59011,0.00018286361234585898
59014,0.0007939010076001599
59017,8.96222599441971e-05
59018,0.9992684286277963
59033,6.586038453583094e-05
59036,0.0003152102071780363
59037,3.524535332626971e-05
59041,0.004246514712537119
59043,0.9999586363911022
59047,0.00020107479980595945
59054,3.2986643860003994e-05
59062,0.9999106770087686
59066,4.198155606916126e-05
59071,0.9962330020643969
59075,5.960938701671091e-05
59079,4.3633652185942235e-05
59080,3.0097426689155756e-05
59085,5.928872659348649e-05
59086,0.00020066762545047415
59087,0.9999832815707336
59092,3.6842603544390786e-05
59094,3.248316311800037e-05
59095,0.9998657423469635
59096,3.742871965649661e-05
59100,0.9998727175338324
59105,0.0003496875210024585
59109,4.9765305183604125e-05
59110,0.9998724399668965
59116,0.0003152102071780363
59118,8.846959497358408e-05
59120,0.00018286361234585898
59122,0.9993344028907214
59128,0.9998727175338324
59131,0.9999063540576812
59134,6.202433109454105e-05
59135,4.77798913342049e-05
59140,3.303726520385771e-05
59147,0.00020066762545047415
59151,0.0003921010651064518
59153,0.00029105310622022835
59154,0.0005858852184974999
59156,0.9992684376272701
59157,0.0009373216812578322
59159,0.9999526426022866
59167,7.430402392503915e-05
59169,0.0006304452674788647
59176,0.0017010687590371112
59177,0.9998795342559553
59178,0.00020066762545047415
59180,0.00012196613435931723
59190,0.9999848001105475
59192,0.0002886747334393348
59194,0.00018286361234585898
59198,0.9999848001105475
59200,0.00020066762545047415
59209,0.0018088221646381769
59210,0.0019609987351751927
59216,0.0003489828322499265
59219,0.00028283636599312634
59221,0.2225729167574657
59222,0.002178427096575681
59223,0.0028333853607670828
59228,0.9473785851750359
59236,0.9998727175338324
59237,0.0007956311236266933
59243,0.00020107479980595945
59248,0.013309805961561784
59250,0.00020107479980595945
59252,0.0007757089070354445
59254,0.00196097464149843
59258,0.9996671918476759
59259,0.9998657423469635
59263,0.000131889150515846
59271,9.499264710992848e-05
59277,0.00012196613435931723
59278,0.00018286361234585898
59285,6.297770451899694e-05
59286,0.004367320389457687
59290,0.0018088221646381769
59292,0.0019609987351751927
59293,0.0007956311236266933
59297,0.23528342926558957
59298,0.0009373216812578322
59303,4.9802890811725866e-05
59306,0.0017010687590371112
59314,0.9992684376272701
59316,0.9999832815707336
59317,0.0020368299312688016
59326,0.000630934997070971
59331,0.0003025039257935313
59333,4.361350075037471e-05
59338,5.9551719259913306e-05
59342,0.000952746187990989
59344,0.22294847171758742
59351,6.22229710785444e-05
59352,6.586038453583094e-05
59353,5.9460473564217507e-05
59357,0.22294847171758742
59359,0.0028334201429591906
59369,0.000952746187990989
59374,0.00196097464149843
59386,0.22294847171758742
59389,0.9999303261561714
59390,0.9998724399668965
59393,0.9993344028907214
59396,0.0007956311236266933
59398,0.9998657423469635
59400,0.003330200637731193
59406,0.0008303949329747527
59409,5.807817151692507e-05
59414,0.00020066762545047415
59416,0.9983613011156656
59420,0.9999836293320881
59424,0.019689637547841872
59429,4.9765305183604125e-05
59435,5.960938701671091e-05
59436,4.8884553910226695e-05
59439,0.22294847171758742
59441,0.9999106770087686
59443,0.000315211304386939
59447,5.255267892605444e-05
59450,0.00020066762545047415
59453,0.9999844124185779
59455,0.9982248413476741
59459,5.841571582501597e-05
59463,0.0006309272348006008
59465,0.22294847171758742
59468,7.292995587109307e-05
59470,4.830402508277897e-05
59472,0.00012196613435931723
59475,5.9518052967203426e-05
59476,0.00015632459101073965
59478,0.000952746187990989
59479,0.0003496875210024585
59489,0.22294847171758742
59490,0.9998724399668965
59493,0.003087649530949634
59501,0.9998933232361251
59503,0.9993344028907214
59504,0.0013205758147271525
59505,0.9998727175338324
59511,0.22294847171758742
59512,0.0007382912243374749
59517,0.0003294076063234156
59522,0.9999006577290362
59524,5.328417313837607e-05
59532,9.680136030041882e-05
59537,3.7236995959936146e-05
59540,0.0001077557518754141
59545,4.596566331885813e-05
59551,0.00015586490166880965
59562,0.003087649530949634
59563,5.9460473564217507e-05
59565,0.9998657423469635
59567,0.9998727175338324
59572,5.255031335435125e-05
59573,0.2225729167574657
59576,0.0003025039257935313
59577,0.00029105310622022835
59585,0.0007383003065265133
59591,9.995309139319764e-05
59592,0.00014223040098696742
59593,0.9998727175338324
59605,0.00029105310622022835
59613,0.0025293649193269072
59614,5.9518052967203426e-05
59616,0.0007939010076001599
59622,5.9735149678797104e-05
59625,0.9473784115901248
59627,0.0020368549550457585
59632,0.0007382912243374749
59633,0.9999586363911022
59634,0.00012734492032281163
59635,0.9998727175338324
59638,5.2417646312967205e-05
59640,4.950210296142815e-05
59645,0.9999525539780105
59650,0.000952746187990989
59660,7.243784440618535e-05
59667,3.059352813200732e-05
59673,0.9998657423469635
59674,0.996233048263609
59682,0.0020368549550457585
59691,0.9999819938281546
59698,0.00044997041368243873
59700,0.002061999755018048
59702,0.23528342926558957
59705,0.000952746187990989
59715,5.328417313837607e-05
59717,0.9998657423469635
59718,0.00017381270897049746
59732,0.9999151191957167
59738,0.9999379658320403
59741,0.2225729167574657
59750,0.999947394083066
59751,0.00041431804317562025
59757,0.9990565363791533
59763,8.825040237274523e-05
59765,9.263614651720792e-05
59771,0.005716625614006741
59773,0.00020066762545047415
59780,3.733521486688266e-05
59785,0.0003921010651064518
59787,0.0020368299312688016
59789,0.9999568776445106
59796,0.9999830343283849
59806,0.0017010687590371112
59810,0.00018286361234585898
59811,0.0008303949329747527
59814,0.001275979893869128
59817,4.9802890811725866e-05
59818,0.9998727175338324
59821,0.9997599458638415
59834,0.0009683855312854912
59837,0.00037007323637957564
59844,0.00019690405074885433
59848,0.22294847171758742
59852,5.2368456446649856e-05
59853,0.9998594407227417
59854,3.737136975879578e-05
59859,0.0002597353063143384
59865,0.00020066762545047415
59870,0.9999830343283849
59871,0.0002923211119583854
59875,0.0008303949329747527
59877,0.0007417444808486156
59883,4.3474152606512995e-05
59885,0.012811374573766894
59888,5.250336234883159e-05
59894,0.9998727175338324
59896,0.0003921010651064518
59903,0.0003489828322499265
59904,0.0017090385776086848
59905,0.9999379658320403
59908,0.9982248413476741
59909,0.999951564094725
59913,0.07131049579431503
59917,7.136365847252913e-05
59919,0.00019733540215887804
59924,3.684094510962778e-05
59926,0.9998959921432417
59929,0.9999812574203041
59938,0.000952746187990989
59939,0.9993344028907214
59943,0.23528342926558957
59947,0.00018286361234585898
59949,0.002075760536193004
59951,0.0009792553448332516
59953,0.23528342926558957
59955,0.23528342926558957
59960,0.00014223040098696742
59962,0.9992684286277963
59970,5.9518052967203426e-05
59981,0.0008303949329747527
59983,0.00017400905169948164
59989,0.9999323359877031
59995,0.0007939010076001599
59999,8.846959497358408e-05
60001,5.328417313837607e-05
60008,0.002369870185919107
60010,0.00037863557327688435
60011,0.9999836293320881
60012,0.9992684286277963
60013,0.9473784115901248
60038,4.4800264939105734e-05
60045,0.9998727175338324
60057,0.0008303847188266249
60061,0.00018286361234585898
60069,0.0016232016907456724
60074,7.136365847252913e-05
60075,5.374035516115738e-05
60079,0.00020107479980595945
60082,0.9992684376272701
60090,9.12947452479209e-05
60092,0.00045061895097513345
60104,0.00026611489735811167
60108,0.00196097464149843
60111,0.9999832815707336
60115,0.0007956311236266933
60116,0.0009175806812215426
60134,3.521125517426669e-05
60137,3.064047711007963e-05
60141,0.9998894427646828
60146,0.006786333931879534
60150,7.243784440618535e-05
60156,0.0003152102071780363
60158,0.00011044715495842429
60159,4.984167379817237e-05
60163,0.00020066762545047415
60171,4.412303522645268e-05
60177,0.9473784115901248
60178,0.004367320389457687
60184,7.048083194376647e-05
60189,0.00018286361234585898
60192,0.2225729167574657
60194,0.00018286361234585898
60215,4.9802890811725866e-05
60217,0.00020066762545047415
60218,0.00011347764082196614
60224,0.00014223040098696742
60226,7.423214122859364e-05
60227,0.000952746187990989
60230,0.999694690421366
60234,0.9987495364405733
60245,0.0004176887514791801
60248,5.802320831745888e-05
60255,4.3633652185942235e-05
60258,0.0003496875210024585
60259,0.000952746187990989
60264,0.002075760536193004
60265,0.0017010687590371112
60266,0.23528342926558957
60271,0.0007335388084518602
60279,0.005692930603180441
60280,0.001804892823843484
60282,0.002369870185919107
60291,0.0005858852184974999
60295,7.423214122859364e-05
60296,0.0029351709834033748
60297,0.0015290187425444116
60299,0.9998724399668965
60300,0.9999640003330978
60301,9.979994851932418e-05
60305,5.374035516115738e-05
60307,5.28613697475509e-05
60309,5.4929935731589505e-05
60311,0.9997975774147873
60313,0.0014297089223900316
60316,0.9581548454632551
60329,0.9995537572190368
60338,0.002369870185919107
60349,0.9999082119189581
60351,0.0023506052563985243
60358,0.9998923370842788
60362,4.361350075037471e-05
60378,0.009884586474106123
60382,0.002759229903327865
60395,0.00420891104903369
60396,4.950210296142815e-05
60397,0.22294847171758742
60407,0.9473784115901248
60408,4.558790952076361e-05
60415,0.00196097464149843
60418,0.0019609987351751927
60421,0.00028283636599312634
60423,0.9488613368441116
60427,0.00012196613435931723
60432,5.4729081153788385e-05
60433,0.0003496875210024585
60437,3.2986643860003994e-05
60439,0.00020066762545047415
60455,0.0010747820407562808
60461,0.0762702035280661
60465,6.770974149564231e-05
60468,7.423214122859364e-05
60469,0.0007757089070354445
60477,0.0024428864496677484
60485,5.3658013213535084e-05
60486,0.0007939010076001599
60495,3.521125517426669e-05
60496,4.596566331885813e-05
60503,9.274704111836148e-05
60506,0.0001240676927335701
60507,5.177651879533547e-05
60511,0.9998657423469635
60513,0.9987495518152459
60515,0.9993289404886757
60516,0.0003025039257935313
60522,0.02202111633725729
60527,0.0003294076063234156
60528,0.0003489828322499265
60533,0.9998594576388387
60534,0.9488613368441116
60539,0.9998727175338324
60543,0.00016398085817541613
60546,0.0003496875210024585
60555,3.684094510962778e-05
60561,0.000131889150515846
60563,5.3658013213535084e-05
60568,6.456014446647567e-05
60569,0.0007956311236266933
60577,7.423214122859364e-05
60580,4.9802890811725866e-05
60584,0.0004176887514791801
60588,0.9999767691864934
60591,4.4231548015827105e-05
60598,5.2369101106493064e-05
60602,0.0014296913470183256
60607,0.000417693891382247
60608,0.9995959306129405
60618,0.9998657423469635
60621,9.537201456968648e-05
60624,5.233733093777394e-05
60628,0.00028283636599312634
60630,0.9473784115901248
60631,0.0020588466571659614
60636,3.524535332626971e-05
60642,0.9990565363791533
60643,0.014078245481704601
60644,0.000315211304386939
60645,3.526370285294696e-05
60647,0.0008303949329747527
60654,0.0003025039257935313
60666,0.0003489828322499265
60667,0.0001671650990284317
60673,0.9959496132057929
60676,0.006543071305346534
60693,0.0012439201977550009
60696,0.9995895663719452
60702,0.005151909456057631
60706,0.006973524874708583
60707,3.737136975879578e-05
60708,0.001351079691649542
60709,0.9997120035482449
60724,0.9998727175338324
60725,0.0002918733189469976
60729,0.0013205758147271525
60731,0.999906630939681
60742,0.0007382912243374749
60747,0.000315211304386939
60767,4.363620673341469e-05
60768,4.363817105083811e-05
60769,0.9996223163522101
60771,0.004992732558001728
60780,0.9609684642997492
60781,0.2225729167574657
60783,0.0017090175743221699
60792,0.000952746187990989
60794,0.001804892823843484
60796,0.0014296913470183256
60798,3.5297851792852416e-05
60802,0.0004176887514791801
60810,7.632007959199317e-05
60813,0.9999632362781291
60815,0.0035080888356639997
60817,0.0035882903502960934
60826,0.9999104849502187
60828,6.118571903715033e-05
60830,0.0005255843234949455
60831,0.9998724399668965
60838,0.9473784115901248
60839,0.00018286361234585898
60840,0.9998727175338324
60844,0.003333793701693888
60845,0.9999568776445106
60855,3.012657282093908e-05
60857,0.9999840697940373
60859,0.9999568080484527
60863,5.960938701671091e-05
60865,0.00901211573207907
60871,0.00196097464149843
60873,0.0003152102071780363
60876,0.9998724399668965
60878,0.00020066762545047415
60879,0.0007197695610940449
60881,0.00034602988260242916
60886,0.0008303949329747527
60888,0.00018286361234585898
60892,0.9995895663719452
60893,0.022562796724959904
60894,0.00018286361234585898
60896,0.999942035945924
60901,0.9999410645749532
60903,4.4800264939105734e-05
60907,0.0002597353063143384
60915,0.2225729167574657
60917,0.9992684376272701
60922,0.999956879502631
60923,5.807817151692507e-05
60926,0.0003294076063234156
60929,5.249947438058162e-05
60935,0.9965088883071903
60940,0.999924047825515
60941,0.9992684286277963
60946,0.000952746187990989
60948,5.9643622946078996e-05
60949,0.000952746187990989
60951,0.009012005787607585
60954,4.5589961691584216e-05
60955,0.0003294076063234156
60960,0.00018286361234585898
60962,0.00020107479980595945
60972,0.002755013582434655
60973,0.0018088221646381769
60975,0.0007231273519612269
60976,5.9460473564217507e-05
60977,9.263614651720792e-05
60994,5.930371917706188e-05
60995,0.0002463506730823969
60997,0.0002923211119583854
60998,0.998277424728237
61000,0.0009683855312854912
61003,0.9992684376272701
61010,0.0003348606574222004
61012,3.059352813200732e-05
61017,0.9999210094281771
61019,0.005692930603180441
61026,0.9992684376272701
61031,0.0003496875210024585
61033,0.00018286361234585898
61034,6.11553776210631e-05
61037,0.9989676385412505
61042,0.0003921010651064518
61044,0.9999063540576812
61046,5.802320831745888e-05
61049,0.0001000209265439811
61050,0.22294847171758742
61067,4.9765305183604125e-05
61073,0.0001077557518754141
61080,7.239009792270101e-05
61082,0.9998727175338324
61083,0.0002923211119583854
61087,0.9999210094281771
61090,0.9997776070236842
61098,0.00012196613435931723
61103,0.999621553730851
61104,0.9980523359461434
61109,0.0006304375112297416
61110,0.9999855490687554
61119,0.9998727175338324
61120,0.999956879502631
61122,0.9999570522880501
61126,0.0016232016907456724
61127,0.9997975774147873
61131,0.00028283636599312634
61133,6.932071993706728e-05
61134,0.0008303949329747527
61135,0.9999848001105475
61138,0.0003025039257935313
61143,0.22294847171758742
61152,0.9999767691864934
61156,0.0007939010076001599
61158,6.584865233641874e-05
61164,4.36784631498498e-05
61174,0.0019609987351751927
61175,3.521125517426669e-05
61176,0.01121449986618125
61178,4.363620673341469e-05
61179,0.9998727175338324
61182,0.9999647745934648
61187,7.423214122859364e-05
61190,0.2225729167574657
61202,0.00012215328705734969
61203,7.654828582184629e-05
61206,5.453633393566721e-05
61207,0.0001077557518754141
61210,4.947755505274092e-05
61216,0.000952746187990989
61217,0.0009373216812578322
61226,0.0013802279596660423
61227,0.9998719573881523
61230,0.9999811623733025
61231,0.00020107479980595945
61233,0.0029351709834033748
61252,4.950210296142815e-05
61258,3.6842603544390786e-05
61259,0.9999568776445106
61264,0.00011731880383578854
61266,0.9992684376272701
61277,6.502098659299737e-05
61280,3.684094510962778e-05
61282,0.00011567974551586005
61283,0.007626924434646636
61286,5.495763592576847e-05
61294,0.003056399004164884
61302,4.950210296142815e-05
61303,5.328417313837607e-05
61304,0.0001077557518754141
61307,4.830461971156742e-05
61310,5.807817151692507e-05
61314,5.807817151692507e-05
61319,4.9802890811725866e-05
61320,7.599474821296991e-05
61329,0.9999570522880501
61330,0.0028388306532996224
61331,0.077593504906698
61336,6.118571903715033e-05
61337,0.9999063540576812
61342,0.007223236499289467
61347,0.005354615830193132
61351,0.00022855875309000183
61354,0.23528342926558957
61360,0.9987495364405733
61363,0.00044997041368243873
61364,0.9999525539780105
61368,3.9005106181215564e-05
61372,0.0007939010076001599
61382,0.9999076656833419
61383,0.9999550062893311
61391,0.22294847171758742
61392,0.00025906216009356553
61396,0.000952746187990989
61403,0.00020107479980595945
61404,0.000952746187990989
61405,4.979345512463346e-05
61407,0.000131889150515846
61409,0.000315211304386939
61410,0.00011347764082196614
61412,0.0003921010651064518
61416,0.00010208281340053267
61417,0.0019609987351751927
61420,0.0018088221646381769
61425,0.0007956311236266933
61429,0.00020107479980595945
61436,0.9997734344109633
61439,5.247215666202429e-05
61444,0.0003496875210024585
61446,0.9998783443860909
61449,0.9998657423469635
61452,4.830402508277897e-05
61457,0.9978056518298187
61459,0.00020066762545047415
61460,0.9974755967558074
61462,5.3168219727365504e-05
61464,0.9999767691864934
61465,0.0003152102071780363
61467,0.9999379658320403
61472,0.0002597353063143384
61476,0.00044997041368243873
61478,0.0002597353063143384
61480,0.0003152102071780363
61481,0.0019609987351751927
61482,0.000952746187990989
61486,0.9980523359461434
61487,0.0007939010076001599
61489,0.00044997041368243873
61493,0.0026206358642014023
61496,0.9999195917756377
61498,0.0023506052563985243
61502,0.006507439032569228
61503,0.9998657423469635
61506,8.336272218685308e-05
61511,0.00020107479980595945
61515,0.0009373216812578322
61519,6.932071993706728e-05
61530,0.000630934997070971
61531,7.63939839891538e-05
61534,0.00018286361234585898
61535,0.00018154885845945542
61541,3.059352813200732e-05
61558,0.00018286361234585898
61560,0.2225729167574657
61562,0.23528342926558957
61563,4.296767133218797e-05
61564,0.00011807935500747968
61567,7.048169955266968e-05
61571,0.9999064394939688
61575,4.479971344691348e-05
61579,3.248316311800037e-05
61580,5.9460473564217507e-05
61588,0.0027674752376394113
61590,0.0009373216812578322
61595,9.868121361042785e-05
61596,0.004367320389457687
61598,8.859426543540284e-05
61599,0.0008303949329747527
61602,0.00012215328705734969
61624,7.046483681393487e-05
61625,0.001015896848436102
61631,0.9998657423469635
61632,0.0007939010076001599
61634,0.002755013582434655
61642,4.596566331885813e-05
61643,0.22294847171758742
61646,0.0007417536054868211
61657,3.064047711007963e-05
61662,5.9551719259913306e-05
61665,0.9998951291087158
61672,0.9998911816083057
61673,4.9802890811725866e-05
61674,0.0002159194341783923
61684,0.2225729167574657
61690,0.9998657423469635
61693,0.010186881841166819
61695,0.999805790148788
61697,5.807817151692507e-05
61703,0.0007363123315033726
61705,8.654174039039744e-05
61708,0.00012215328705734969
61710,0.00020107479980595945
61716,0.9982153836933019
61725,0.0005858852184974999
61731,7.423214122859364e-05
61732,5.960938701671091e-05
61740,0.9998727175338324
61743,3.056393025534321e-05
61744,0.9999836411479883
61746,0.9992684376272701
61748,0.9996223163522101
61749,0.999621553730851
61752,5.457543703598316e-05
61758,0.0003489828322499265
61761,0.22294847171758742
61765,0.9999119730214132
61766,0.9998727175338324
61771,0.0029306866007651525
61772,0.9999840697940373
61783,5.960938701671091e-05
61784,0.0019609987351751927
61785,7.685398210574893e-05
61798,0.22294847171758742
61800,0.001331219047439525
61803,0.00015753339843251656
61806,0.9982397104881294
61809,0.0008303847188266249
61811,0.0002918733189469976
61815,0.22294847171758742
61817,0.0003921010651064518
61824,3.059352813200732e-05
61825,0.00018286361234585898
61830,7.423214122859364e-05
61831,0.0009373216812578322
61836,0.00014223040098696742
61838,4.479971344691348e-05
61850,5.807817151692507e-05
61856,0.00018286361234585898
61859,8.917081383032545e-05
61879,0.0007335297847933146
61884,4.8884553910226695e-05
61888,0.0018088221646381769
61891,5.296700495548778e-05
61895,0.9998727175338324
61899,0.9997733950535433
61902,0.0002918733189469976
61905,7.430402392503915e-05
61909,8.291337398152969e-05
61912,0.9999525539780105
61921,0.999900690546973
61923,0.9998724399668965
61924,0.0003921010651064518
61925,0.0032346263539202343
61926,0.9998657423469635
61927,0.000630934997070971
61928,0.9999747977533606
61934,0.007626924434646636
61940,0.000315211304386939
61943,0.23528342926558957
61944,9.499264710992848e-05
61949,0.0003921010651064518
61952,0.9999525539780105
61958,0.000159476683266819
61965,0.9998657423469635
61966,0.00020107479980595945
61974,0.0035882903502960934
61975,0.00020107479980595945
61978,0.003087649530949634
61984,4.526543650395926e-05
61989,0.0008303847188266249
61992,5.1730895903729595e-05
61997,0.010243203929753652
62005,0.9998977723201392
62006,4.9802890811725866e-05
62007,0.0006309272348006008
62010,4.9802890811725866e-05
62014,5.328417313837607e-05
62016,0.005140755260584698
62024,0.0008518378781490525
62025,0.00020107479980595945
62029,0.9999812976361887
62030,5.270837204143093e-05
62034,0.002312336623816038
62047,0.22294847171758742
62048,0.9999830343283849
62049,0.016496480491612363
62050,0.9998727175338324
62052,0.00911071577163505
62054,0.0001446804843587041
62060,5.930371917706188e-05
62061,0.9998657423469635
62063,5.2501837663869845e-05
62064,0.999946629036552
62068,0.0019609987351751927
62071,8.746996203058479e-05
62076,0.000315211304386939
62078,9.537201456968648e-05
62080,0.00012215328705734969
62081,0.00037007323637957564
62082,0.9992684376272701
62085,0.0001671650990284317
62087,0.00032936511113992276
62090,3.012657282093908e-05
62093,3.678615168602482e-05
62095,0.9998727175338324
62097,0.00020066762545047415
62103,0.0004176887514791801
62110,4.990348619498389e-05
62111,6.118571903715033e-05
62114,5.9518052967203426e-05
62125,0.9999550062893311
62128,0.9999648492164995
62130,6.932071993706728e-05
62133,0.00018286361234585898
62139,0.0003921010651064518
62140,6.11553776210631e-05
62145,0.00028283636599312634
62146,0.9994774953774737
62155,0.22294847171758742
62158,4.16532371067625e-05
62161,0.07131131107508937
62167,0.002178427096575681
62170,0.9998727175338324
62171,0.0003496875210024585
62173,0.2225729167574657
62174,5.233733093777394e-05
62178,0.00020066762545047415
62181,0.23528342926558957
62185,0.0003336060876938954
62186,0.9998657423469635
62187,0.0025414254415800255
62188,0.9998657423469635
62195,4.1715279811296715e-05
62198,0.0009683855312854912
62204,0.0020368299312688016
62208,0.00037007323637957564
62209,3.9005106181215564e-05
62211,0.0032346263539202343
62212,0.00018286361234585898
62215,0.005723389742325767
62217,0.9999836411479883
62225,0.011197169747356423
62229,0.00012196613435931723
62233,4.990348619498389e-05
62234,0.23528342926558957
62238,0.0032346263539202343
62239,0.0009373216812578322
62242,0.0007383003065265133
62246,0.9998657423469635
62259,5.3198627190438685e-05
62261,0.9993344028907214
62265,0.07626933620976893
62273,5.918584598836989e-05
62274,6.11553776210631e-05
62275,0.0019609987351751927
62279,5.807817151692507e-05
62280,0.23528342926558957
62282,0.9998657423469635
62293,0.23528342926558957
62298,5.169951288770619e-05
62299,0.00019223952449051726
62308,0.0007956311236266933
62316,0.00022068402540315575
62319,0.9992684286277963
62323,0.9998724399668965
62325,0.9998724399668965
62329,0.0003611341422352126
62330,0.00045061895097513345
62331,0.00012196613435931723
62336,0.000293583048953338
62337,0.00026013380591040494
62338,0.00031240076137465376
62340,0.9999794112261701
62357,3.303726520385771e-05
62358,0.9999323359877031
62359,0.0003921010651064518
62363,0.010243079121700452
62365,0.07626933620976893
62368,0.9999519954731275
62370,0.9999106770087686
62371,0.0003489828322499265
62374,0.9473784115901248
62375,0.000952746187990989
62381,0.0008303847188266249
62387,0.23528342926558957
62391,0.009012005787607585
62401,4.990348619498389e-05
62402,5.255267892605444e-05
62405,9.499264710992848e-05
62408,0.00018286361234585898
62409,0.07131131107508937
62422,0.00044997041368243873
62426,0.003087649530949634
62428,5.250336234883159e-05
62431,0.00026013380591040494
62435,0.007795136269552964
62437,0.00020066762545047415
62445,0.0017010687590371112
62449,0.0007956311236266933
62452,0.0007956311236266933
62459,0.00018286361234585898
62466,0.9999819938281546
62467,0.00026013380591040494
62471,0.0003025039257935313
62480,0.0003921010651064518
62484,4.586563522306168e-05
62493,0.0022588682288346186
62498,0.002181762929988489
62501,0.00029105310622022835
62503,7.805240904246882e-05
62505,0.0003921010651064518
62508,0.9998727175338324
62512,0.2225729167574657
62515,0.22294847171758742
62520,0.000895901715820509
62521,0.9998657423469635
62524,0.9998727175338324
62527,0.0003294076063234156
62536,0.9998894427646828
62537,0.0035195001546107427
62540,4.552010735628039e-05
62558,7.685398210574893e-05
62562,6.11553776210631e-05
62563,5.3168219727365504e-05
62565,0.000952746187990989
62566,0.9999378386319983
62567,0.999951564094725
62570,9.527975236225929e-05
62576,0.9999830343283849
62580,0.0003152102071780363
62587,5.2976653991585695e-05
62588,0.9999848001105475
62597,6.586038453583094e-05
62602,0.00018286361234585898
62605,5.28613697475509e-05
62608,0.9999169819501809
62611,0.00020107479980595945
62612,0.9999323359877031
62616,0.2225729167574657
62617,5.169951288770619e-05
62618,0.00012406616557876187
62623,0.999942035945924
62626,0.0008303847188266249
62627,0.00018286361234585898
62631,9.204993950900975e-05
62634,4.8365841086496134e-05
62636,0.0007956311236266933
62640,0.9987495364405733
62647,3.012657282093908e-05
62652,0.00028283636599312634
62657,7.850261865968507e-05
62668,0.0003921010651064518
62669,0.0002463506730823969
62670,0.9998724399668965
62672,4.479971344691348e-05
62673,8.825040237274523e-05
62679,0.9992684286277963
62680,0.000417693891382247
62681,0.9998842207714089
62682,0.0009373216812578322
62686,7.430402392503915e-05
62695,5.9518052967203426e-05
62697,6.586038453583094e-05
62698,0.0003921010651064518
62699,6.757968991654644e-05
62702,0.0007369607867453374
62709,0.0012712279988481728
62710,0.0003294076063234156
62718,0.0003489828322499265
62721,0.00012196613435931723
62724,0.0003611341422352126
62729,0.0001493900410580033
62736,0.99873581706373
62742,0.000417693891382247
62746,4.3680429369395224e-05
62747,0.9981853992253368
62748,0.9998911816083057
62749,0.0004176887514791801
62750,6.22229710785444e-05
62751,4.3680429369395224e-05
62754,0.0007956311236266933
62762,0.9999525539780105
62764,0.02202204439970071
62766,0.999956879502631
62779,0.000952746187990989
62782,3.524535332626971e-05
62784,0.9992684286277963
62788,0.9982248413476741
62791,0.9995895663719452
62796,0.999947394083066
62799,5.270837204143093e-05
62803,0.0031117045531496054
62804,0.02202111633725729
62811,3.064047711007963e-05
62814,0.9998657423469635
62815,0.9473784115901248
62819,4.9765305183604125e-05
62820,0.23528342926558957
62823,4.36784631498498e-05
62825,0.22294847171758742
62826,3.059352813200732e-05
62827,0.9995717180850213
62841,4.596566331885813e-05
62842,0.0031117045531496054
62843,0.9999832815707336
62847,0.9999119730214132
62850,0.0002597353063143384
62851,5.374035516115738e-05
62852,0.9998594576388387
62859,3.524535332626971e-05
62860,0.0003921010651064518
62861,0.00020107479980595945
62864,0.0007939010076001599
62867,6.118571903715033e-05
62871,0.0007383003065265133
62873,0.0015725581444317573
62878,5.9551719259913306e-05
62887,0.00018286361234585898
62889,0.0018088221646381769
62890,9.274589945510172e-05
62892,4.5589961691584216e-05
62893,0.9998979118311989
62898,5.250400866928995e-05
62905,0.999951564094725
62909,0.9999104849502187
62912,0.999924047825515
62914,0.000952746187990989
62923,3.303726520385771e-05
62928,0.004246514712537119
62937,0.0007335297847933146
62938,0.9976925669958735
62939,0.0008303847188266249
62944,0.0006309272348006008
62946,0.9999119730214132
62957,0.00011044715495842429
62958,0.000630934997070971
62970,0.0056928609189208276
62971,0.0014892689250884834
62976,0.9999848001105475
62982,0.0020368549550457585
62984,0.9999836293320881
62985,0.9992684286277963
62988,0.00012037533423601353
62991,0.9473785851750359
62993,4.586563522306168e-05
62997,0.0019609987351751927
63006,0.00020107479980595945
63010,0.2225729167574657
63019,0.9999378386319983
63020,0.002181762929988489
63023,0.9999836293320881
63024,0.9998835253501641
63025,0.9488613368441116
63027,0.0007956311236266933
63028,0.005716625614006741
63030,4.8884553910226695e-05
63032,5.3168219727365504e-05
63033,4.586563522306168e-05
63037,0.0008353762052111808
63042,0.9999848001105475
63043,0.9998933232361251
63046,4.479971344691348e-05
63047,5.3168219727365504e-05
63049,0.998799240631583
63054,0.000315211304386939
63056,0.0008303949329747527
63073,0.004839945899236867
63074,0.00029105310622022835
63078,0.0004176887514791801
63081,0.9999568776445106
63082,0.9999830343283849
63083,0.23528342926558957
63084,0.0007956311236266933
63086,4.609651123374184e-05
63087,0.0007382912243374749
63089,0.00010208281340053267
63091,0.0003806281154905375
63098,0.0008303847188266249
63099,7.047906492454052e-05
63100,0.0019609987351751927
63102,0.0029306866007651525
63131,0.9999378386319983
63132,0.0002918733189469976
63136,0.00029105310622022835
63148,0.00020066762545047415
63150,0.9999855490687554
63153,5.807817151692507e-05
63157,0.07131049579431503
63160,0.9999830343283849
63161,6.172493801862266e-05
63164,0.9994783115377269
63175,0.9999812976361887
63191,0.9998724399668965
63196,0.999927402672783
63205,0.999924047825515
63208,0.0001077557518754141
63210,0.000315211304386939
63211,0.0003025039257935313
63217,0.00020066762545047415
63218,0.2225729167574657
63223,4.586563522306168e-05
63233,0.003056399004164884
63235,0.0009683855312854912
63237,5.807817151692507e-05
63246,3.678615168602482e-05
63254,0.0003921010651064518
63255,0.9997727594964603
63275,9.263614651720792e-05
63282,0.9999604073417305
63291,0.9998724399668965
63299,4.586563522306168e-05
63302,5.85900884891341e-05
63309,0.00020107479980595945
63313,0.9993289115899769
63318,0.9987495518152459
63326,7.423214122859364e-05
63333,0.9999063540576812
63334,0.9997054738058267
63338,0.23528342926558957
63340,0.9999836411479883
63346,0.2225729167574657
63349,0.0003921010651064518
63353,0.0003152102071780363
63357,5.807817151692507e-05
63359,4.950210296142815e-05
63361,4.4510588771598355e-05
63376,0.00028283636599312634
63377,0.00012196613435931723
63394,0.002682766521279212
63398,5.9551719259913306e-05
63400,0.9488613368441116
63407,0.0009373216812578322
63410,0.0003489828322499265
63411,0.00018286361234585898
63415,0.9998727175338324
63418,6.118571903715033e-05
63419,0.000952746187990989
63420,0.0004176887514791801
63421,0.9999525539780105
63423,3.7390826096239374e-05
63431,0.0035882903502960934
63436,0.9998400388275899
63437,3.012657282093908e-05
63438,0.9999648492164995
63459,0.9999812574203041
63461,0.9999648492164995
63464,7.028735042040962e-05
63466,0.0006742516562393172
63473,0.8093761011955569
63475,0.00026652318224960745
63476,0.0004176887514791801
63484,0.0007956311236266933
63486,0.000952746187990989
63489,7.430402392503915e-05
63492,0.0007956311236266933
63494,4.950210296142815e-05
63496,0.00020107479980595945
63497,4.586563522306168e-05
63503,0.0003152102071780363
63504,5.807817151692507e-05
63505,0.0025355485088868496
63506,5.255031335435125e-05
63510,4.950210296142815e-05
63514,4.8884553910226695e-05
63523,0.011197169747356423
63526,0.0019609987351751927
63529,0.005547394407932111
63530,0.0003489828322499265
63538,0.00020066762545047415
63539,0.0005858852184974999
63549,7.423214122859364e-05
63550,0.00028283636599312634
63552,0.9999510331817772
63553,0.0017010896648016567
63560,0.00468024985102596
63571,0.00016398085817541613
63572,0.9998423963632717
63573,0.0017010687590371112
63578,0.22294847171758742
63581,4.5589961691584216e-05
63589,0.23528342926558957
63591,0.9998727175338324
63598,0.23528342926558957
63620,0.0009669031085228232
63624,4.36784631498498e-05
63630,5.255031335435125e-05
63631,0.9992684286277963
63636,5.807817151692507e-05
63638,3.678615168602482e-05
63644,0.9990072647893932
63649,0.002222625642549714
63652,0.23528342926558957
63655,0.00019303349491690784
63656,0.0003921010651064518
63660,0.00196097464149843
63664,0.2225729167574657
63667,7.423214122859364e-05
63671,0.9998727175338324
63681,0.003056399004164884
63682,0.006268742217895452
63683,0.9999104849502187
63684,0.00605733709048263
63687,7.430402392503915e-05
63695,0.9998594636941474
63707,0.9997835287968561
63709,0.0028334201429591906
63715,0.9999410645749532
63721,3.678615168602482e-05
63725,0.9998993158354592
63729,0.999961258875119
63730,0.00019763818345950405
63736,0.0009373216812578322
63737,6.297770451899694e-05
63741,0.0003152102071780363
63742,0.9999812976361887
63743,0.9993344028907214
63746,7.028735042040962e-05
63752,0.0003496875210024585
63753,0.0024428864496677484
63759,0.006786333931879534
63764,0.8093761011955569
63765,0.0004123073536401814
63768,0.001015896848436102
63776,0.9998437096806833
63792,5.247215666202429e-05
63796,0.9488613368441116
63797,7.423214122859364e-05
63812,7.048083194376647e-05
63813,0.9473785851750359
63814,4.552010735628039e-05
63815,3.303726520385771e-05
63820,0.00018286361234585898
63827,0.003333793701693888
63831,7.599474821296991e-05
63839,0.0008958906966385092
63840,0.0029306866007651525
63843,0.000315211304386939
63848,6.228322541902321e-05
63849,0.0003294076063234156
63852,5.9551719259913306e-05
63853,4.9802890811725866e-05
63854,0.9993344028907214
63855,4.971716038820627e-05
63857,0.00020066762545047415
63858,0.23528342926558957
63861,0.9999836411479883
63865,0.9999632362781291
63866,4.8884553910226695e-05
63869,0.002525498960716512
63879,4.950210296142815e-05
63881,0.002369870185919107
63888,0.9999006577290362
63889,6.586038453583094e-05
63902,6.694065197230985e-05
63904,0.0007417536054868211
63906,0.9998594636941474
63908,0.0003921010651064518
63909,5.320102194467529e-05
63911,0.8423721313133714
63918,4.552010735628039e-05
63931,7.430402392503915e-05
63939,0.2225729167574657
63942,0.0007383003065265133
63943,4.479971344691348e-05
63944,0.00911071577163505
63946,0.9998835203314828
63948,0.9999323359877031
63949,0.2225729167574657
63953,0.0003294076063234156
63957,5.9306388737784195e-05
63958,0.010243079121700452
63963,0.00037007323637957564
63964,0.9999519975416081
63973,0.9998727175338324
63976,0.0007939010076001599
63977,0.0017010687590371112
63984,0.00026013380591040494
63986,4.36784631498498e-05
63988,4.526543650395926e-05
63994,0.9962330020643969
63998,5.1619473797477944e-05
64000,0.23528342926558957
64001,0.9999741728113958
64002,0.9989676385412505
64006,6.430897637046749e-05
64015,0.23528342926558957
64023,0.9997761512472555
64031,0.9999783362129983
64032,0.000952746187990989
64052,0.23528342926558957
64056,0.0003294076063234156
64058,4.5589961691584216e-05
64061,0.22294847171758742
64064,0.005292601102725644
64066,0.9473785851750359
64069,4.16532371067625e-05
64070,0.9999832815707336
64074,0.0017010687590371112
64081,0.00020107479980595945
64083,0.0003489828322499265
64085,0.9996223163522101
64087,0.0003921010651064518
64090,0.0009792553448332516
64092,0.9998657423469635
64110,0.0003496875210024585
64111,5.169951288770619e-05
64112,0.9473784115901248
64116,8.336272218685308e-05
64120,5.1619473797477944e-05
64125,0.23528342926558957
64126,4.363620673341469e-05
64134,0.9995303386806641
64135,7.63939839891538e-05
64136,0.00020107479980595945
64137,0.9999379658320403
64138,0.00020107479980595945
64147,0.0003921010651064518
64154,0.0003294076063234156
64155,5.807817151692507e-05
64157,4.552010735628039e-05
64158,0.9999195917756377
64163,0.0003921010651064518
64164,0.0003025039257935313
64172,0.2225729167574657
64176,0.9999812574203041
64182,0.9999819551092717
64192,0.0007417536054868211
64193,6.932071993706728e-05
64203,0.9999586363911022
64207,0.9998226088643476
64212,0.00028283636599312634
64215,0.999159160879989
64228,0.002075760536193004
64229,5.328417313837607e-05
64235,0.22294847171758742
64238,0.9999519954731275
64243,7.296613865915029e-05
64246,0.00012324090765188282
64247,0.9987495518152459
64248,0.9978056248750833
64252,0.9997599458638415
64256,0.0004176887514791801
64259,8.194600370979624e-05
64262,0.9999064394939688
64264,4.830402508277897e-05
64265,0.00018286361234585898
64267,0.23528342926558957
64272,0.0032346263539202343
64273,0.0007939010076001599
64274,0.00012215328705734969
64285,0.00011807935500747968
64289,0.0008303949329747527
64290,0.000952746187990989
64293,0.00029105310622022835
64305,3.0097426689155756e-05
64313,0.9998894441255551
64319,0.000952746187990989
64321,4.8884553910226695e-05
64327,0.0007382912243374749
64331,0.0003489828322499265
64333,0.000417693891382247
64335,0.00020066762545047415
64342,5.802320831745888e-05
64344,4.4072508608230064e-05
64345,0.007626924434646636
64348,0.00026013380591040494
64350,0.0009669031085228232
64351,0.00020107479980595945
64353,3.5297851792852416e-05
64355,0.000315211304386939
64360,0.9997120035482449
64363,0.9993344028907214
64364,0.0007956311236266933
64370,0.0023506052563985243
64386,0.00028283636599312634
64387,0.9998727175338324
64388,6.118571903715033e-05
64389,0.0009669031085228232
64399,0.9992684286277963
64402,5.807817151692507e-05
64404,9.868242832771371e-05
64409,0.00014223040098696742
64412,0.9999568061872536
64418,0.22294847171758742
64419,0.22294847171758742
64424,0.0009683855312854912
64431,0.0003489828322499265
64437,0.002181762929988489
64438,0.00018286361234585898
64439,0.0009683855312854912
64440,5.6128334197581794e-05
64449,0.9998657423469635
64451,0.00028283636599312634
64454,5.249947438058162e-05
64456,0.002369870185919107
64461,0.9998657423469635
64466,0.9998724399668965
64467,0.22294847171758742
64471,0.9999844124185779
64478,4.950210296142815e-05
64481,0.9999848001105475
64483,0.003073669723003646
64485,0.0007956311236266933
64494,0.0003496875210024585
64500,0.9999832815707336
64502,8.820664102152867e-05
64505,4.357130717860938e-05
64507,9.143177161767588e-05
64510,0.0003921010651064518
64511,0.0016232016907456724
64513,4.9802890811725866e-05
64518,0.9998724399668965
64526,0.0003921010651064518
64534,0.9993344028907214
64541,0.9999210094281771
64547,0.9961216395055116
64551,0.011670793048326107
64552,0.00029105310622022835
64557,0.0012444919227764014
64558,0.0003152102071780363
64564,4.36784631498498e-05
64566,7.440784424913927e-05
64572,7.139906422789197e-05
64574,3.7292460896564154e-05
64577,3.303726520385771e-05
64586,5.960938701671091e-05
64587,0.0007956311236266933
64594,0.9998977723201392
64595,0.001275979893869128
64597,0.0009373216812578322
64601,0.000952746187990989
64602,0.0019609987351751927
64608,0.0003025039257935313
64611,0.9998657423469635
64615,5.9518052967203426e-05
64640,0.00028283636599312634
64643,0.00028283636599312634
64647,0.000952746187990989
64650,0.005547462321522952
64654,0.0003489828322499265
64655,0.0031117045531496054
64656,0.0027674752376394113
64657,0.9992684286277963
64659,0.0003152102071780363
64663,7.243784440618535e-05
64665,0.9999525539780105
64675,6.757968991654644e-05
64685,0.9999819551092717
64687,0.002755013582434655
64690,5.807817151692507e-05
64693,0.9999063500225552
64697,0.0003489828322499265
64699,4.3633652185942235e-05
64708,0.2225729167574657
64711,5.9518052967203426e-05
64715,0.9999741728113958
64721,0.0008303847188266249
64722,4.984167379817237e-05
64729,4.526543650395926e-05
64734,0.00020066762545047415
64737,0.9998657423469635
64744,4.552010735628039e-05
64746,0.005111492925018042
64759,3.012657282093908e-05
64760,0.0013802279596660423
64764,0.9999519975416081
64765,0.0018688248110641556
64771,0.9997500641030563
64776,0.00018286361234585898
64779,0.9999499568979832
64781,5.81294745388145e-05
64791,0.0002918733189469976
64793,4.558790952076361e-05
64796,0.000315211304386939
64800,4.558790952076361e-05
64803,0.0003496875210024585
64804,8.825040237274523e-05
64805,0.00018286361234585898
64809,0.9992684286277963
64810,9.995309139319764e-05
64812,0.9998724399668965
64815,0.0006268654924940422
64823,0.0003152102071780363
64824,5.3658013213535084e-05
64836,5.2165165246239245e-05
64839,0.0003496875210024585
64853,5.802320831745888e-05
64854,0.0027674752376394113
64859,0.0003921010651064518
64861,4.930208342516405e-05
64867,0.00028283636599312634
64870,0.9998724399668965
64871,4.363817105083811e-05
64876,0.23528342926558957
64884,0.0030410406056064804
64885,7.430402392503915e-05
64886,0.9996223163522101
64890,5.177651879533547e-05
64894,4.9802890811725866e-05
64896,0.00014223040098696742
64897,0.000952746187990989
64898,0.9999104849502187
64900,0.9999819551092717
64901,0.000417693891382247
64903,0.00026013380591040494
64914,0.9998657423469635
64915,4.3591439119663445e-05
64916,0.0003921010651064518
64921,0.0014297089223900316
64922,3.678615168602482e-05
64945,0.00018286361234585898
64955,0.9999812976361887
64960,0.0014296913470183256
64965,0.004367320389457687
64968,5.9518052967203426e-05
64979,0.00420891104903369
64981,3.678615168602482e-05
64983,0.002222625642549714
64988,0.0011219796798543629
64990,0.00026013380591040494
64995,0.0003921010651064518
64998,0.00034602988260242916
64999,8.86482851627741e-05
65002,5.9460473564217507e-05
65005,0.00011507786644878865
65006,4.596566331885813e-05
65009,0.0007939010076001599
65010,5.255267892605444e-05
65015,0.0006268654924940422
65020,5.3658013213535084e-05
65026,0.0012712279988481728
65027,0.9998724399668965
65028,0.9999410645749532
65036,0.006483092771989294
65042,0.0009373216812578322
65054,4.9802890811725866e-05
65059,0.0005659931187681221
65060,0.002222625642549714
65061,0.9473784115901248
65063,0.9995762724006464
65067,0.0003294076063234156
65072,0.00012215328705734969
65073,3.7427034839261676e-05
65080,0.000952746187990989
65082,0.23528342926558957
65084,0.22294847171758742
65095,0.9970088024775343
65100,0.0017010687590371112
65102,9.367461826608432e-05
65103,3.248316311800037e-05
65106,5.6128334197581794e-05
65111,0.23528342926558957
65115,5.811224857081732e-05
65124,3.248316311800037e-05
65130,0.002786733165410546
65131,0.0005858852184974999
65137,0.00020066762545047415
65144,0.014078245481704601
65148,8.916971618446132e-05
65154,0.00012201883033758756
65156,0.0001493900410580033
65161,3.684094510962778e-05
65162,0.0027674752376394113
65164,0.000952746187990989
65165,0.0003921010651064518
65167,0.0032346263539202343
65169,5.9377035887828385e-05
65172,0.9998933186395719
65174,3.9005106181215564e-05
65176,0.00025815720662365353
65180,0.0003921010651064518
65185,0.00032936511113992276
65199,0.00020107479980595945
65201,0.9998727175338324
65206,0.0003496875210024585
65207,0.0005660000826093352
65208,0.0007956311236266933
65210,0.00020066762545047415
65215,3.524535332626971e-05
65220,0.0020588466571659614
65222,0.0007956311236266933
65231,4.950210296142815e-05
65247,0.9999378386319983
65254,0.9999840697940373
65255,0.9999604073417305
65257,0.9998724399668965
65259,0.999872219382945
65278,6.237599467730028e-05
65280,0.002369870185919107
65285,0.999379465322838
65286,0.00044997041368243873
65291,3.684094510962778e-05
65295,0.000315211304386939
65299,0.00020066762545047415
65303,5.3658013213535084e-05
65307,0.000952746187990989
65309,5.811224857081732e-05
65320,0.00020066762545047415
65321,0.005111430321253707
65326,0.9998746234326046
65332,0.9997599458638415
65336,0.0003921010651064518
65340,0.0003152102071780363
65349,0.00037007323637957564
65350,4.990348619498389e-05
65351,0.23528342926558957
65360,0.0003489828322499265
65363,0.00020107479980595945
65364,0.9994783115377269
65365,0.0007956311236266933
65366,0.000315211304386939
65367,4.5589961691584216e-05
65371,0.00020066762545047415
65372,0.0008958906966385092
65375,7.430402392503915e-05
65383,0.00020066762545047415
65384,3.9063204635608604e-05
65388,4.939437942899333e-05
65389,5.9518052967203426e-05
65391,0.0019609987351751927
65403,0.0003294076063234156
65404,0.00020066762545047415
65405,0.000417693891382247
65407,0.0003921010651064518
65412,4.363620673341469e-05
65414,5.3198627190438685e-05
65422,0.00020066762545047415
65426,0.0020588466571659614
65433,4.558790952076361e-05
65437,0.0008303847188266249
65439,0.9987495518152459
65446,0.9999632362781291
65449,0.9999840697940373
65452,0.9999568776445106
65453,3.526370285294696e-05
65454,0.23528342926558957
65456,0.00018286361234585898
65457,0.000315211304386939
65458,0.005109548757822856
65461,0.9998657423469635
65476,0.9488613368441116
65478,0.01968880579983274
65486,0.9999310290323018
65489,5.9518052967203426e-05
65494,0.9980523359461434
65496,0.00020066762545047415
65498,0.00015253605031383122
65500,5.3198627190438685e-05
65505,0.22294847171758742
65511,0.0003921010651064518
65513,0.000952746187990989
65515,0.0009669031085228232
65518,0.0003489828322499265
65524,5.1759073029111035e-05
65530,0.9999064394939688
65532,0.00020066762545047415
65540,0.007301191649208042
65541,0.0010269873690528842
65556,0.0010179779370654157
65559,0.999951564094725
65562,0.0076270176114838295
65570,0.9998727175338324
65577,0.004253003917995008
65588,0.9998724399668965
65592,0.9998657423469635
65598,0.000952746187990989
65601,0.9998400457194301
65603,6.586038453583094e-05
65606,0.0018088221646381769
65611,0.22294847171758742
65616,7.423214122859364e-05
65618,0.000585878010140859
65622,0.0007956311236266933
65625,0.23528342926558957
65635,0.23528342926558957
65636,0.0003294076063234156
65638,5.807817151692507e-05
65639,5.169951288770619e-05
65642,0.0008303847188266249
65654,4.479971344691348e-05
65659,3.064047711007963e-05
65664,0.9995895663719452
65666,5.973374035699646e-05
65675,4.8365841086496134e-05
65679,0.0009373216812578322
65682,0.9998727175338324
65686,0.00011731880383578854
65691,0.0003921010651064518
65692,0.00028283636599312634
65694,0.00028283636599312634
65697,0.0014297089223900316
65699,0.9992684376272701
65704,0.00011254421380958478
65707,5.9518052967203426e-05
65710,0.0005028658649900774
65712,0.0017090385776086848
65714,0.9997733950535433
65715,0.9998594576388387
65717,3.012657282093908e-05
65719,5.9460473564217507e-05
65720,5.930371917706188e-05
65727,0.9999586363911022
65729,0.0009669031085228232
65732,6.669610210327244e-05
65736,0.0003489828322499265
65747,0.0004176887514791801
65748,0.00018286361234585898
65755,0.000952746187990989
65765,0.9992684376272701
65769,0.002312336623816038
65780,0.9999836293320881
65781,0.0003025039257935313
65783,0.0007956311236266933
65784,7.423214122859364e-05
65792,5.9518052967203426e-05
65794,0.0017010896648016567
65796,0.9998727175338324
65798,0.0009669031085228232
65802,0.9992684286277963
65805,0.0014297089223900316
65822,0.9999410645749532
65825,0.00011959852422292198
65827,0.00020107479980595945
65831,0.0001221517520725131
65833,0.002061999755018048
65838,0.0008303847188266249
65840,4.3474152606512995e-05
65841,0.2225729167574657
65845,0.23528342926558957
65848,5.807817151692507e-05
65849,0.9995895663719452
65850,0.0003496875210024585
65851,0.0017090385776086848
65852,5.3658013213535084e-05
65854,4.1715279811296715e-05
65858,0.0007335388084518602
65861,4.704675676985309e-05
65869,0.00044997041368243873
65873,0.0020588466571659614
65880,5.9771070337555124e-05
65884,0.9999519954731275
65885,4.8884553910226695e-05
65888,5.2165165246239245e-05
65889,0.9999848001105475
65890,0.006507439032569228
65899,5.802320831745888e-05
65900,0.0018688248110641556
65904,8.654174039039744e-05
65907,0.00012215328705734969
65910,0.9999378386319983
65915,0.0003496875210024585
65924,0.000315211304386939
65931,0.9999127766883951
65933,0.9999378386319983
65936,0.0020588466571659614
65937,5.241528681921449e-05
65943,0.9998951291087158
65945,4.363620673341469e-05
65952,4.361350075037471e-05
65960,4.596566331885813e-05
65965,4.939437942899333e-05
65966,0.0007757089070354445
65975,0.9999379658320403
65980,0.00018286361234585898
65983,0.002369870185919107
65985,0.9999844124185779
65986,0.0008353762052111808
65989,3.5297851792852416e-05
65990,0.99873581706373
65996,0.9998657423469635
66001,0.00019733540215887804
66003,0.00016453664165650846
66004,0.9999819551092717
66009,0.9999855490687554
66010,0.22294847171758742
66015,0.0017090385776086848
66017,0.0009683855312854912
66018,5.623025235002796e-05
66020,7.599474821296991e-05
66022,6.118571903715033e-05
66026,0.23528342926558957
66030,0.0023506052563985243
66040,0.9473785851750359
66047,0.004839945899236867
66053,0.00012196613435931723
66061,0.9993344028907214
66068,0.00020066762545047415
66083,0.002178427096575681
66086,4.9802890811725866e-05
66088,0.00020107479980595945
66097,0.00011808080847816313
66108,0.9999830343283849
66115,3.5299440766062444e-05
66119,0.0009373216812578322
66120,0.0032346263539202343
66123,0.9998594576388387
66126,0.00045061895097513345
66129,0.9998727175338324
66135,0.003073669723003646
66137,4.607798844367227e-05
66140,0.0002597353063143384
66148,3.742871965649661e-05
66159,5.379592212530207e-05
66160,0.000952746187990989
66167,0.23528342926558957
66168,4.479971344691348e-05
66170,5.216452309670074e-05
66172,0.02202111633725729
66179,0.9999568080484527
66187,0.9999747435610645
66191,0.0023506052563985243
66193,5.807817151692507e-05
66194,0.0020368299312688016
66195,0.9488613368441116
66198,0.003087649530949634
66202,0.9998727175338324
66205,0.9999568061872536
66206,0.0002463506730823969
66212,0.9999568776445106
66214,0.000952746187990989
66215,0.9999410645749532
66217,7.243784440618535e-05
66222,4.950210296142815e-05
66226,0.9998727175338324
66233,0.000816994164089274
66236,7.05812463423693e-05
66238,0.00037007323637957564
66244,0.00020107479980595945
66246,0.0005659931187681221
66252,7.430402392503915e-05
66253,0.0001232424246496812
66256,5.3620459245113866e-05
66258,4.361350075037471e-05
66263,0.9991769963724775
66264,0.0003921010651064518
66271,0.9999805439124154
66273,0.999621553730851
66276,5.2976653991585695e-05
66281,0.0009669031085228232
66286,7.805144824764233e-05
66287,5.6128334197581794e-05
66288,0.0009373216812578322
66289,3.7292460896564154e-05
66302,4.418875654504397e-05
66303,0.00012215328705734969
66304,0.0003489828322499265
66305,0.002312336623816038
66310,0.0007417444808486156
66312,0.000630934997070971
66314,5.807817151692507e-05
66319,3.737136975879578e-05
66321,0.9999195917756377
66330,5.270837204143093e-05
66334,0.0006304375112297416
66337,8.178086461654442e-05
66340,0.00026013380591040494
66344,0.9999812976361887
66347,0.000952746187990989
66350,3.059352813200732e-05
66351,5.4455223648269276e-05
66352,0.9999812976361887
66364,4.361350075037471e-05
66365,0.0007939010076001599
66367,5.495763592576847e-05
66375,0.9999334346258979
66376,0.0007382912243374749
66388,0.004992732558001728
66392,0.00020066762545047415
66397,9.680016873563012e-05
66401,0.0010747820407562808
66404,0.9993343174701237
66406,0.9999741728113958
66410,0.9581531176814573
66411,0.0003496875210024585
66416,0.998799240631583
66424,0.0014297089223900316
66426,0.0008303847188266249
66427,0.00018286361234585898
66430,0.00020066762545047415
66434,0.9488613368441116
66435,0.0003489828322499265
66438,5.9551719259913306e-05
66440,0.00018286361234585898
66451,6.586038453583094e-05
66452,5.2501837663869845e-05
66453,0.0023506052563985243
66456,0.9998657423469635
66461,4.526543650395926e-05
66462,3.5297851792852416e-05
66464,5.681464706624779e-05
66465,0.0001671650990284317
66466,0.9999323359877031
66470,0.9996223163522101
66474,0.00022855875309000183
66477,0.0018688248110641556
66480,6.456014446647567e-05
66483,0.0017090385776086848
66486,0.0009669031085228232
66490,0.23528342926558957
66492,0.0007939010076001599
66499,0.8093761011955569
66509,0.0003489828322499265
66512,0.003087649530949634
66516,4.418875654504397e-05
66530,0.0008303847188266249
66539,0.0014892689250884834
66544,6.584865233641874e-05
66545,3.5297851792852416e-05
66547,0.00014223040098696742
66548,0.0003300301995967342
66551,0.000326231031246402
66560,0.9999334354453012
66563,4.950210296142815e-05
66567,0.9998727175338324
66570,4.9765305183604125e-05
66574,0.2225729167574657
66583,0.00028283636599312634
66585,0.0009683855312854912
66587,0.0003921010651064518
66589,6.118571903715033e-05
66590,0.3162101035786853
66595,0.00020107479980595945
66603,0.2225729167574657
66604,0.0017010896648016567
66608,0.9999151191957167
66609,4.6328684081510264e-05
66613,0.9966478785492338
66615,0.9999519975416081
66617,0.00014223040098696742
66618,0.014078245481704601
66624,0.2225729167574657
66630,0.003073669723003646
66633,0.9998727175338324
66649,0.9998727175338324
66653,0.010243079121700452
66656,0.9999670476662612
66662,5.3198627190438685e-05
66667,0.000952746187990989
66672,8.86482851627741e-05
66673,0.9998727175338324
66676,0.9992684286277963
66677,0.9998657423469635
66683,0.2225729167574657
66686,6.586038453583094e-05
66693,0.00018286361234585898
66695,0.9998657423469635
66705,0.00012196613435931723
66709,0.0007956311236266933
66710,4.558790952076361e-05
66713,0.0001077557518754141
66715,3.064047711007963e-05
66717,0.9992684376272701
66719,4.6146621533253116e-05
66720,5.973374035699646e-05
66721,0.9999840697940373
66723,0.9999104849502187
66726,0.22294847171758742
66734,0.9999151191957167
66747,3.9005106181215564e-05
66749,0.0011272461986322187
66751,0.00012196613435931723
66759,0.00196097464149843
66769,0.0020368549550457585
66773,7.423214122859364e-05
66774,3.012657282093908e-05
66777,0.999828779648926
66780,0.00018286361234585898
66782,0.0019609987351751927
66787,0.006531051163236193
66788,0.9998727175338324
66790,0.00020107479980595945
66793,0.9999855490687554
66794,0.0003300301995967342
66795,0.9998724399668965
66803,0.0008303847188266249
66806,0.0003921010651064518
66810,0.9581548454632551
66820,7.048083194376647e-05
66823,0.00018286361234585898
66825,0.00012196613435931723
66830,0.0009792553448332516
66832,4.9765305183604125e-05
66835,0.22294847171758742
66839,0.000952746187990989
66842,0.9993344028907214
66843,5.960938701671091e-05
66845,0.00012470484299638508
66846,0.00011731735974361013
66850,0.0002599239784487623
66857,0.0007956311236266933
66861,0.0003025039257935313
66864,0.00196097464149843
66865,0.9993344028907214
66876,4.990348619498389e-05
66881,0.00029105310622022835
66884,0.000315211304386939
66886,0.9999410645749532
66887,0.0003294076063234156
66894,7.685398210574893e-05
66896,0.9999568776445106
66900,0.9998724399668965
66901,0.9987495364405733
66906,0.9999526426022866
66923,0.0029306866007651525
66944,0.00020107479980595945
66947,0.9998657423469635
66948,0.00020066762545047415
66949,0.0047440557596570895
66956,0.9999151191957167
66957,0.00020066762545047415
66958,0.9999836293320881
66961,5.807817151692507e-05
66967,0.002061999755018048
66968,0.9998400388275899
66971,0.00026013380591040494
66978,0.2225729167574657
66982,0.0019609987351751927
66987,3.2986643860003994e-05
66989,0.006507359443577124
66992,4.990348619498389e-05
66993,0.9998727175338324
67000,0.9978056518298187
67002,4.9802890811725866e-05
67005,0.011683958305208901
67006,0.9998727175338324
67007,0.0031117045531496054
67008,0.001015896848436102
67009,0.0005028658649900774
67012,0.0003025039257935313
67014,0.0003921010651064518
67023,4.6328684081510264e-05
67031,0.0009669031085228232
67032,7.423214122859364e-05
67035,3.248316311800037e-05
67036,5.9551719259913306e-05
67037,0.0003921010651064518
67040,0.9473784115901248
67041,0.0019609987351751927
67042,0.00196097464149843
67044,3.5299440766062444e-05
67061,0.0003921010651064518
67063,0.9993344028907214
67068,0.00020066762545047415
67069,7.654828582184629e-05
67075,0.0003921010651064518
67077,0.0001232424246496812
67083,7.239009792270101e-05
67085,0.00196097464149843
67087,0.01968880579983274
67096,0.003056399004164884
67098,0.0014297089223900316
67106,0.9999819938281546
67107,0.0018088221646381769
67110,3.7236995959936146e-05
67113,0.9994985241732534
67116,0.00028283636599312634
67119,0.9992684286277963
67129,0.9994783115377269
67136,0.9998835203314828
67140,0.9999106770087686
67142,0.00020066762545047415
67144,0.00044997041368243873
67146,0.00028283636599312634
67147,0.9473785851750359
67150,0.0019609987351751927
67155,5.177651879533547e-05
67157,0.9473784115901248
67162,5.802320831745888e-05
67164,0.0002597353063143384
67174,0.9999746796172315
67175,0.00011794298359327118
67180,0.00020107479980595945
67183,0.9999499568979832
67186,0.9969384520377815
67197,0.0006268654924940422
67198,0.00020066762545047415
67199,0.0013162351325675177
67206,0.9998724399668965
67208,0.00030162902793411144
67209,0.00011794298359327118
67211,0.9999519975416081
67212,0.9998657423469635
67213,0.00011794298359327118
67216,8.846959497358408e-05
67219,0.0003152102071780363
67239,0.0008303949329747527
67240,4.947755505274092e-05
67242,5.807817151692507e-05
67247,0.9996883594108567
67250,9.12947452479209e-05
67252,0.23528342926558957
67266,0.014078245481704601
67268,0.996695037393001
67278,0.000952746187990989
67288,0.000952746187990989
67291,0.9998727175338324
67293,0.0035882903502960934
67307,0.00018286361234585898
67309,0.9998657423469635
67311,0.0006304375112297416
67316,0.0006268654924940422
67317,0.9999832815707336
67322,0.0009373216812578322
67329,0.995794336142589
67333,0.0008303847188266249
67336,0.9982248413476741
67338,5.311950632929762e-05
67339,0.9999747977533606
67344,0.00020066762545047415
67348,4.9802890811725866e-05
67349,5.9460473564217507e-05
67351,0.9473785851750359
67352,4.296767133218797e-05
67354,0.00012196613435931723
67361,5.379592212530207e-05
67366,5.807817151692507e-05
67370,5.807817151692507e-05
67371,9.129362145996405e-05
67373,9.306767170270811e-05
67376,0.0020368549550457585
67379,0.0022082087154549107
67380,0.000952746187990989
67383,0.00020066762545047415
67385,0.00020066762545047415
67394,0.00468030719862288
67395,0.9998727175338324
67396,0.9998894427646828
67401,0.00019384240022045487
67411,0.0001077557518754141
67413,0.0018088221646381769
67414,0.00029105310622022835
67422,0.00018286361234585898
67429,6.139807191055802e-05
67449,0.00016716715660778432
67455,0.0027399813435090904
67456,0.0003294076063234156
67457,0.9992684286277963
67459,6.0926631592378447e-05
67461,0.0006837435887409223
67464,0.0003921010651064518
67467,0.9998169174125405
67468,0.00012196613435931723
67469,5.3168219727365504e-05
67478,0.9999819938281546
67479,0.0035882903502960934
67482,4.9765305183604125e-05
67483,0.00011731735974361013
67488,0.005547462321522952
67490,0.0017090175743221699
67491,0.9994783115377269
67492,0.00018286361234585898
67509,0.0008303847188266249
67510,0.0035882903502960934
67511,0.9990670458153443
67517,0.00022067729558604302
67521,0.00020107479980595945
67525,6.663157892067235e-05
67527,0.004098352335203868
67529,4.939437942899333e-05
67535,0.0029306866007651525
67541,0.00010208281340053267
67544,0.00011807935500747968
67547,3.526370285294696e-05
67552,5.2368456446649856e-05
67554,0.0003152102071780363
67558,5.296635293588133e-05
67559,0.004153576532544968
67562,0.0009669031085228232
67565,0.9999840697940373
67581,0.9978056518298187
67582,3.678615168602482e-05
67587,0.9978453371823103
67590,9.499264710992848e-05
67593,0.00014223040098696742
67595,4.5589961691584216e-05
67599,0.0005028658649900774
67602,0.9999836411479883
67603,0.0003489828322499265
67605,0.000417693891382247
67612,5.9306388737784195e-05
67622,0.9999836293320881
67627,5.811224857081732e-05
67635,0.9999064394939688
67636,0.0005255778566517551
67638,5.9518052967203426e-05
67643,0.000816994164089274
67645,0.0009683855312854912
67648,0.00022067729558604302
67651,0.00011567974551586005
67655,6.586038453583094e-05
67657,4.552010735628039e-05
67660,0.00018286361234585898
67663,0.00020066762545047415
67666,3.7427034839261676e-05
67672,0.00028283636599312634
67681,0.9473785851750359
67682,0.00018286361234585898
67684,0.9970087657638763
67685,5.328417313837607e-05
67686,0.9999106770087686
67689,0.003073669723003646
67690,0.000895901715820509
67691,0.0004176887514791801
67695,0.9998727175338324
67697,0.9998400388275899
67698,0.9998657423469635
67703,0.9999832815707336
67704,0.0010179779370654157
67710,0.9999783362129983
67714,5.807817151692507e-05
67722,0.9999204773870028
67730,0.0003921010651064518
67732,7.243784440618535e-05
67738,0.9999844124185779
67742,0.0005255843234949455
67747,0.9997293348477233
67753,0.9995895663719452
67762,0.0002463506730823969
67763,0.9999812976361887
67764,0.0007939010076001599
67765,0.0008303847188266249
67767,0.9987377517266016
67769,0.9999519975416081
67774,0.0003025039257935313
67782,0.0007939010076001599
67783,0.00012201883033758756
67787,0.9998657423469635
67791,0.000315211304386939
67793,0.00028283636599312634
67799,0.9992684376272701
67803,0.00020107479980595945
67811,5.311950632929762e-05
67824,0.0009339076959921525
67828,0.0009373216812578322
67829,0.9999525539780105
67833,5.2976653991585695e-05
67842,0.9998727175338324
67846,0.9998657423469635
67849,0.004098352335203868
67852,0.0019609987351751927
67855,5.802320831745888e-05
67861,0.9990066895409897
67867,0.00018286361234585898
67870,5.960938701671091e-05
67882,0.00026013380591040494
67889,0.9999830343283849
67894,4.552010735628039e-05
67907,0.9998657423469635
67908,0.0006304452674788647
67910,0.0001716947641372574
67914,0.014078245481704601
67925,5.960938701671091e-05
67927,0.0004123073536401814
67928,5.921551891752585e-05
67929,0.9996885102937777
67941,0.0017090175743221699
67945,5.2368456446649856e-05
67946,0.00020107479980595945
67947,0.00196097464149843
67948,5.2501837663869845e-05
67950,0.9999805439124154
67955,0.0003025039257935313
67956,0.00014223040098696742
67957,0.22294847171758742
67964,0.000315211304386939
67965,0.0010179779370654157
67967,0.00028283636599312634
67968,0.005732122805785984
67969,0.0007939010076001599
67971,0.03181146383678695
67973,0.002682766521279212
67975,7.430402392503915e-05
67983,0.002075760536193004
67986,0.00015275305899727323
67994,0.9990963439708602
67996,0.9997500641030563
67997,0.000952746187990989
67998,4.971716038820627e-05
68005,5.9551719259913306e-05
68007,0.9997776070236842
68010,3.737136975879578e-05
68012,0.0014297089223900316
68015,5.2421393295752985e-05
68019,0.0009669031085228232
68023,0.0019609987351751927
68024,6.586038453583094e-05
68026,4.9802890811725866e-05
68027,0.000952746187990989
68029,5.807817151692507e-05
68030,0.2225729167574657
68039,0.0004176887514791801
68041,0.99873581706373
68044,0.00012734492032281163
68049,5.918584598836989e-05
68051,0.00018286361234585898
68052,0.2225729167574657
68056,4.984167379817237e-05
68057,0.0003611341422352126
68059,3.303726520385771e-05
68062,7.19220401706963e-05
68064,0.0017010687590371112
68069,0.000315211304386939
68070,0.0019609987351751927
68072,0.000952746187990989
68078,4.479971344691348e-05
68081,4.9765305183604125e-05
68088,0.0009373216812578322
68089,0.9978056248750833
68092,0.9998657423469635
68095,0.0009373216812578322
68097,0.0006489350877357901
68098,0.00019223952449051726
68101,0.0003300301995967342
68102,0.9999648492164995
68109,0.0008303949329747527
68113,0.0003489828322499265
68114,0.0007939010076001599
68123,0.0013802279596660423
68124,0.9998724399668965
68125,0.9999836293320881
68126,0.9998727175338324
68130,0.002369870185919107
68132,8.645801978867636e-05
68150,0.9999076656833419
68152,0.0008303847188266249
68156,4.8884553910226695e-05
68166,0.0002923211119583854
68171,0.9999836293320881
68186,0.0002597353063143384
68196,4.950210296142815e-05
68199,0.013699975251595269
68209,0.0020368299312688016
68211,0.9998835203314828
68218,0.0003152102071780363
68222,0.0004176887514791801
68230,0.002222625642549714
68233,6.586038453583094e-05
68235,0.00011807935500747968
68238,0.00014223040098696742
68240,7.243784440618535e-05
68241,0.9969788928300801
68252,0.9978657011748204
68261,0.9999836411479883
68262,0.006507359443577124
68267,0.23528342926558957
68272,0.00014223040098696742
68274,4.479971344691348e-05
68279,0.0007956311236266933
68280,0.00018286361234585898
68289,0.9473785851750359
68291,0.9992684376272701
68294,0.9999071951246525
68295,6.669610210327244e-05
68296,0.0008303847188266249
68301,0.00018286361234585898
68304,7.790082456293767e-05
68314,0.9473785851750359
68316,0.0003921010651064518
68317,0.9999537475210077
68323,0.00026013380591040494
68325,0.0003921010651064518
68330,4.990348619498389e-05
68331,0.9980523598763044
68352,0.9994729288067751
68361,4.363620673341469e-05
68372,5.177884953619539e-05
68375,0.00018286361234585898
68389,0.999906630939681
68391,0.0028333853607670828
68400,0.9998933186395719
68410,4.4800264939105734e-05
68411,0.9999570522880501
68412,4.939437942899333e-05
68418,4.586563522306168e-05
68419,0.9998594636941474
68420,0.9987495518152459
68429,7.423214122859364e-05
68433,0.0007956311236266933
68434,3.064047711007963e-05
68438,0.0018688248110641556
68440,0.9999819938281546
68442,0.0013162351325675177
68446,0.006015148923402386
68447,7.430402392503915e-05
68448,0.9993344028907214
68452,0.00196097464149843
68456,0.002755013582434655
68457,0.004246514712537119
68459,0.2225729167574657
68468,0.000952746187990989
68469,6.584865233641874e-05
68475,0.00020107479980595945
68476,0.9997623469017161
68487,0.9998724399668965
68489,0.999924047825515
68490,8.746996203058479e-05
68499,0.9999510331817772
68501,0.00011959852422292198
68504,7.002598020221513e-05
68507,0.0002597353063143384
68508,9.979994851932418e-05
68524,0.00015729204791610285
68526,7.048169955266968e-05
68527,5.918584598836989e-05
68528,0.00037007323637957564
68533,0.9990066895409897
68541,5.3168219727365504e-05
68543,0.0007197607066964709
68544,0.9998204001246006
68554,0.0030410406056064804
68555,4.361350075037471e-05
68559,0.9997553956532382
68560,0.9999323359877031
68561,0.0009106983817529727
68571,0.0009669031085228232
68572,0.002682766521279212
68576,0.9999640003330978
68577,3.248316311800037e-05
68581,4.984167379817237e-05
68584,0.9473785851750359
68588,0.0003489828322499265
68591,0.00020107479980595945
68595,0.0007956311236266933
68602,0.9999106770087686
68605,0.9992684286277963
68606,0.9457861730019306
68609,0.00037863557327688435
68612,0.0019609987351751927
68617,0.000648943071412129
68622,0.22294847171758742
68627,0.0003489828322499265
68628,0.0009792553448332516
68630,0.0004784542619789901
68638,0.9998724399668965
68649,0.9999855490687554
68655,6.586038453583094e-05
68656,0.9992684286277963
68661,0.2225729167574657
68664,0.0003152102071780363
68667,0.22294847171758742
68674,3.684094510962778e-05
68681,0.9995895663719452
68685,0.00018286361234585898
68686,0.00014223040098696742
68690,0.0007197695610940449
68696,8.645801978867636e-05
68699,0.00468024985102596
68702,4.3680429369395224e-05
68709,0.0003921010651064518
68713,0.0019609987351751927
68717,0.00010208281340053267
68721,0.0009683855312854912
68722,0.00018154885845945542
68724,0.9999836293320881
68726,0.23528342926558957
68732,0.00020066762545047415
68738,0.0007382912243374749
68739,0.00018286361234585898
68740,5.1730895903729595e-05
68743,0.0012862220821789774
68746,0.9998594576388387
68747,0.0028333853607670828
68749,0.9999192732797669
68753,4.5589961691584216e-05
68761,0.00018286361234585898
68767,0.9998657423469635
68770,0.9998727175338324
68773,0.0007956311236266933
68783,0.002312336623816038
68790,0.0012712279988481728
68791,0.9999430119539128
68795,0.002178427096575681
68797,3.059352813200732e-05
68799,0.23528342926558957
68800,0.0017090385776086848
68805,0.23528342926558957
68806,0.00020066762545047415
68808,0.0003025039257935313
68816,0.002312336623816038
68818,0.0027674752376394113
68820,4.586563522306168e-05
68833,0.9998657423469635
68854,0.0013182524325186767
68856,0.9999812976361887
68859,5.807817151692507e-05
68862,0.0008303847188266249
68873,0.0008303949329747527
68876,0.0017090385776086848
68883,6.663157892067235e-05
68892,0.0002923211119583854
68893,4.4800264939105734e-05
68897,6.118571903715033e-05
68906,4.9802890811725866e-05
68909,0.0018037406095286273
68910,0.9993343174701237
68912,0.999906630939681
68913,0.0001077557518754141
68915,0.0002923211119583854
68917,6.757968991654644e-05
68933,0.0018088221646381769
68935,0.0007939010076001599
68946,0.9999106770087686
68953,0.006507359443577124
68956,0.9999525539780105
68960,0.0002597353063143384
68964,0.0003496875210024585
68967,0.9999741728113958
68970,0.0035882903502960934
68979,0.0020368549550457585
68984,0.002312336623816038
68985,0.003056399004164884
68988,4.596566331885813e-05
68989,0.0009373216812578322
68998,0.000952746187990989
69000,0.00015586490166880965
69004,7.430402392503915e-05
69006,0.0003496875210024585
69012,0.0007956311236266933
69016,0.00020066762545047415
69019,3.678615168602482e-05
69022,0.0003025039257935313
69023,0.9998727175338324
69032,0.9998727175338324
69037,5.9518052967203426e-05
69040,0.00037921642673326687
69041,6.118571903715033e-05
69045,0.00029105310622022835
69050,0.00018754704804776595
69055,0.0003152102071780363
69062,0.9999670476662612
69064,0.9998727175338324
69074,0.9998724399668965
69078,0.23528342926558957
69079,0.9999419452213938
69080,6.118571903715033e-05
69092,4.9802890811725866e-05
69093,0.0003806281154905375
69096,0.999621553730851
69102,0.9999287947672695
69105,0.0003025039257935313
69117,0.00014223040098696742
69118,0.23528342926558957
69128,0.01121449986618125
69130,0.0003152102071780363
69134,0.23528342926558957
69135,0.9989676385412505
69141,0.00018286361234585898
69143,4.9802890811725866e-05
69156,0.9998657423469635
69158,0.9999519975416081
69177,0.000952746187990989
69182,0.0007956311236266933
69186,0.0003489828322499265
69192,0.014078245481704601
69194,0.00020107479980595945
69198,0.0008303847188266249
69200,7.430402392503915e-05
69202,0.0012439201977550009
69204,0.9998657423469635
69205,3.248316311800037e-05
69207,5.2976653991585695e-05
69210,0.0007939010076001599
69214,0.00012201883033758756
69218,7.423214122859364e-05
69219,0.9488613368441116
69221,0.0003921010651064518
69223,3.684094510962778e-05
69227,0.9473784115901248
69229,0.9999510331817772
69233,6.584865233641874e-05
69244,0.00018286361234585898
69257,7.048083194376647e-05
69258,0.0007956311236266933
69265,5.807817151692507e-05
69266,5.807817151692507e-05
69268,0.9994985241732534
69271,4.361350075037471e-05
69272,0.0005659931187681221
69284,0.00018286361234585898
69287,0.00020066762545047415
69288,0.23528342926558957
69289,0.0003496875210024585
69295,0.0020368299312688016
69296,0.9998657423469635
69298,4.939437942899333e-05
69301,3.5299440766062444e-05
69308,4.704675676985309e-05
69311,0.00028283636599312634
69320,0.0003496875210024585
69325,0.9998727175338324
69330,0.0003152102071780363
69332,0.22294847171758742
69336,0.9999812976361887
69339,0.0008353762052111808
69343,0.000315211304386939
69347,3.248316311800037e-05
69352,6.430897637046749e-05
69358,0.00044997041368243873
69359,0.0018688248110641556
69365,0.9999536177534301
69370,0.00020066762545047415
69372,0.000952746187990989
69373,0.0009175806812215426
69386,0.002178427096575681
69392,0.9999287947672695
69394,0.9998594636941474
69397,0.00015586490166880965
69403,8.74710387549412e-05
69410,0.003073669723003646
69414,0.9488613368441116
69417,5.807817151692507e-05
69425,5.973374035699646e-05
69434,0.9999618881412762
69442,4.704675676985309e-05
69451,0.99873581706373
69454,0.0003496875210024585
69456,0.0003921010651064518
69457,0.9999848001105475
69467,0.9473785851750359
69468,4.947755505274092e-05
69470,0.0014296913470183256
69471,5.328417313837607e-05
69477,0.9473784115901248
69480,0.9473785851750359
69481,0.9999855490687554
69482,0.0008303847188266249
69484,0.9999836411479883
69494,0.007181853776498755
69503,0.9999819938281546
69504,6.139807191055802e-05
69505,0.0007382912243374749
69511,0.999621553730851
69513,0.2225729167574657
69515,0.9995895663719452
69516,0.0007956311236266933
69519,0.003056399004164884
69520,0.000952746187990989
69526,0.9992684376272701
69528,0.9998657423469635
69533,0.0003921010651064518
69537,0.000315211304386939
69540,0.00011807935500747968
69551,0.0003611341422352126
69556,5.807817151692507e-05
69559,5.3151751274296496e-05
69566,0.00018286361234585898
69568,0.0001493900410580033
69569,0.22294847171758742
69571,0.23528342926558957
69576,6.118571903715033e-05
69587,0.0023506052563985243
69592,0.00018286361234585898
69595,5.2976653991585695e-05
69598,0.9990066895409897
69601,0.00011731880383578854
69605,4.990348619498389e-05
69606,0.0007956311236266933
69610,0.0006309272348006008
69612,0.22294847171758742
69615,0.23528342926558957
69620,4.363817105083811e-05
69628,3.248316311800037e-05
69633,0.23528342926558957
69639,0.0009669031085228232
69641,7.850261865968507e-05
69649,0.999951564094725
69650,0.9983974165288646
69657,0.9999169819501809
69658,0.001804892823843484
69662,0.004367320389457687
69664,0.00014223040098696742
69667,5.802320831745888e-05
69673,0.9998727175338324
69679,5.2501837663869845e-05
69683,7.440784424913927e-05
69687,0.0020368549550457585
69690,0.9997733950535433
69692,5.850535837052803e-05
69702,0.9998657423469635
69704,0.0003294076063234156
69712,0.0014297089223900316
69715,0.004253003917995008
69723,0.0003921010651064518
69724,0.0003496875210024585
69727,4.596566331885813e-05
69730,0.9999568061872536
69733,0.003056399004164884
69735,0.0007939010076001599
69739,0.9488613368441116
69741,0.00044997041368243873
69742,0.9999583636905568
69743,0.0003921010651064518
69745,0.0003489828322499265
69746,0.9998657423469635
69749,0.9992684286277963
69750,0.0002597353063143384
69755,0.0017010896648016567
69762,0.0019609987351751927
69764,0.9955966582926852
69765,0.9999836293320881
69779,3.012657282093908e-05
69783,0.0002463506730823969
69791,0.000952746187990989
69794,0.9998724399668965
69795,0.00011731735974361013
69799,4.363620673341469e-05
69805,0.00020066762545047415
69807,0.002369870185919107
69809,0.00019763818345950405
69811,0.23528342926558957
69814,0.0005255843234949455
69824,0.0011282364153317142
69828,0.002682766521279212
69829,4.558790952076361e-05
69830,0.0008303949329747527
69833,4.788409402005109e-05
69836,0.00014223040098696742
69841,5.328417313837607e-05
69846,0.9999819938281546
69851,0.0003496875210024585
69854,0.00011794298359327118
69856,0.0007939010076001599
69857,0.9999536480665743
69858,0.0001493900410580033
69861,0.002541394234689496
69870,0.0032128504386769842
69875,0.0009373216812578322
69878,0.0003496875210024585
69886,0.0007197695610940449
69895,0.9999526426022866
69898,0.000315211304386939
69906,6.586038453583094e-05
69911,0.00016398085817541613
69912,0.00028283636599312634
69914,5.807817151692507e-05
69920,0.0007335297847933146
69924,0.9998746234326046
69929,0.0012542275122035245
69930,5.270837204143093e-05
69932,0.9999519975416081
69934,0.005692930603180441
69943,0.0003921010651064518
69947,0.00018286361234585898
69948,0.00196097464149843
69950,0.0019609987351751927
69953,5.9460473564217507e-05
69954,0.01121449986618125
69956,0.00018286361234585898
69963,8.194600370979624e-05
69965,0.000952746187990989
69966,7.423214122859364e-05
69974,0.00018286361234585898
69976,0.999621553730851
69981,0.9998724399668965
69986,0.0003489828322499265
69995,0.00014223040098696742
69996,0.0003921010651064518
70007,0.995794336142589
70017,3.5299440766062444e-05
70021,0.0010627645436065984
70023,0.00012037385252514046
70025,0.9999537475210077
70026,0.9992684376272701
70032,4.939437942899333e-05
70036,0.0008303949329747527
70037,4.3633652185942235e-05
70039,0.9994774953774737
70040,0.00044997041368243873
70041,0.00012734492032281163
70043,0.00028283636599312634
70044,5.807817151692507e-05
70046,0.9998657423469635
70054,0.00026013380591040494
70056,0.0005858852184974999
70058,0.9999287947672695
70070,0.9998594576388387
70078,0.0003921010651064518
70080,0.0020368549550457585
70085,0.9998746234326046
70088,0.0002923211119583854
70089,0.0007956311236266933
70095,3.7392509283560714e-05
70097,0.9999379658320403
70107,0.0002597353063143384
70109,4.3680429369395224e-05
70112,0.005692930603180441
70114,0.00018286361234585898
70117,0.0017010687590371112
70121,0.9999550062893311
70131,0.9995895663719452
70133,0.00012196613435931723
70148,0.9997733950535433
70150,0.0009792553448332516
70152,8.86482851627741e-05
70160,0.9998423963632717
70164,0.0003921010651064518
70165,0.00020066762545047415
70166,4.36784631498498e-05
70168,0.9999812976361887
70170,0.2225729167574657
70183,0.00196097464149843
70184,0.9997733950535433
70187,3.678615168602482e-05
70188,6.118571903715033e-05
70194,0.9993344028907214
70195,3.248316311800037e-05
70203,0.0001240676927335701
70204,5.9735149678797104e-05
70222,5.3658013213535084e-05
70225,0.9998727175338324
70227,4.9802890811725866e-05
70230,0.2225729167574657
70231,0.2225729167574657
70232,4.990348619498389e-05
70240,0.000952746187990989
70251,0.9999378386319983
70253,0.0023506052563985243
70254,0.0018088221646381769
70256,0.0003152102071780363
70259,0.0007939010076001599
70262,0.9995895663719452
70263,0.0012712279988481728
70264,0.00014223040098696742
70267,0.0003921010651064518
70268,9.680016873563012e-05
70269,0.00196097464149843
70270,0.0009683855312854912
70271,0.0003300301995967342
70279,4.9802890811725866e-05
70284,0.9992684286277963
70289,0.0013162351325675177
70291,0.00196097464149843
70295,5.1730895903729595e-05
70300,0.9999819551092717
70301,0.0076270176114838295
70308,5.807817151692507e-05
70310,0.9999836293320881
70311,0.00018286361234585898
70334,5.328417313837607e-05
70337,0.0023506052563985243
70338,0.0012444766214345147
70341,0.016298087347089953
70346,5.9460473564217507e-05
70347,4.77798913342049e-05
70348,0.002759229903327865
70353,0.9999310290323018
70359,0.9999808675810521
70363,0.9992684376272701
70364,0.9984008985709164
70366,0.0008303949329747527
70367,5.807817151692507e-05
70371,3.4567980353356386e-05
70384,0.00022855875309000183
70396,0.00026013380591040494
70399,0.000585878010140859
70412,0.9992684376272701
70415,0.00020066762545047415
70416,0.9987313342380877
70418,0.9994985241732534
70419,0.0003489828322499265
70423,0.0011272461986322187
70426,4.830402508277897e-05
70427,0.9998724399668965
70428,0.9581548454632551
70431,0.00026013380591040494
70432,0.002369870185919107
70437,0.0009683855312854912
70440,4.9802890811725866e-05
70441,3.064047711007963e-05
70445,0.9999648477017928
70447,0.9999767691864934
70449,0.9999323359877031
70450,0.003056399004164884
70452,0.0010179779370654157
70453,0.9999378386319983
70454,0.0020368549550457585
70457,0.9998727175338324
70460,0.9999648477017928
70468,4.6328684081510264e-05
70469,0.00012215328705734969
70474,0.9999648492164995
70480,0.00011731735974361013
70484,6.586038453583094e-05
70488,0.9998657423469635
70493,5.2501837663869845e-05
70496,0.000952746187990989
70497,5.216452309670074e-05
70498,5.4729081153788385e-05
70499,0.999872219382945
70502,0.0011272461986322187
70511,0.9998657423469635
70513,0.9999151191957167
70521,0.9999499568979832
70528,0.9993344028907214
70535,4.936988493736761e-05
70537,0.00014223040098696742
70546,0.9999819938281546
70553,0.2225729167574657
70554,4.8884553910226695e-05
70560,0.0024428864496677484
70564,0.00020107479980595945
70568,0.0009669031085228232
70571,0.0010747820407562808
70575,4.9802890811725866e-05
70576,0.0003152102071780363
70580,0.0003921010651064518
70581,5.930371917706188e-05
70582,3.059352813200732e-05
70583,0.9998727175338324
70584,0.9990066895409897
70589,0.0005659931187681221
70590,7.850261865968507e-05
70593,0.9998724399668965
70597,0.9998727175338324
70617,0.9473785851750359
70618,0.0003294076063234156
70620,3.059352813200732e-05
70621,6.952707990364242e-05
70623,0.0007335388084518602
70628,0.22294847171758742
70629,0.9999323359877031
70634,5.472975487151807e-05
70635,0.00020107479980595945
70641,0.23528342926558957
70644,0.0002597353063143384
70645,0.0013802279596660423
70653,0.000952746187990989
70655,5.807817151692507e-05
70659,0.0003921010651064518
70660,3.5299440766062444e-05
70663,0.9998724399668965
70665,4.950210296142815e-05
70667,0.00012201883033758756
70668,0.00012734492032281163
70694,0.0019609987351751927
70695,0.9999119730214132
70700,6.305160673480423e-05
70702,0.9998727175338324
70703,4.704675676985309e-05
70704,0.0018688248110641556
70706,4.950210296142815e-05
70708,0.23528342926558957
70718,0.005547394407932111
70719,0.00044997041368243873
70723,3.2986643860003994e-05
70724,0.9992684286277963
70726,0.005723389742325767
70729,0.00020107479980595945
70731,0.9999819551092717
70733,0.0009106983817529727
70737,0.00901211573207907
70740,0.00014223040098696742
70742,0.999953652068407
70745,0.999906630939681
70748,8.820664102152867e-05
70750,0.0009175806812215426
70754,0.0003294076063234156
70760,5.9771070337555124e-05
70761,0.9999819551092717
70765,0.00014291923030359686
70767,0.005354615830193132
70768,4.8884553910226695e-05
70769,0.9992684286277963
70771,0.006015148923402386
70774,0.9473785851750359
70776,5.89982077429741e-05
70777,5.28613697475509e-05
70790,6.952707990364242e-05
70792,3.2986643860003994e-05
70793,5.921551891752585e-05
70800,0.9992684286277963
70805,0.0003496875210024585
70807,4.3474152606512995e-05
70811,0.0003294076063234156
70820,0.9581548454632551
70827,0.999905131030723
70833,0.009884586474106123
70836,0.9999818225377379
70840,0.23528342926558957
70843,6.11553776210631e-05
70845,0.0003489828322499265
70847,5.249947438058162e-05
70852,3.7392509283560714e-05
70862,0.000417693891382247
70865,0.9998727175338324
70868,0.9983028693177581
70870,0.00012196613435931723
70878,0.0004176887514791801
70881,0.0014296913470183256
70882,0.9999119730214132
70885,0.9994941412963935
70887,5.802320831745888e-05
70889,0.9488613368441116
70895,0.0008303847188266249
70896,0.9992684376272701
70897,0.00028283636599312634
70899,0.22294847171758742
70909,0.00014223040098696742
70919,0.00029105310622022835
70920,0.00020107479980595945
70926,4.6328684081510264e-05
70927,0.0019609987351751927
70929,0.9990565363791533
70933,0.9999106770087686
70934,0.005140755260584698
70937,0.9473784115901248
70943,0.999906630939681
70948,4.9802890811725866e-05
70949,0.00018286361234585898
70952,0.9999510331817772
70967,5.9306388737784195e-05
70975,5.9460473564217507e-05
70982,4.3680429369395224e-05
70986,0.0009669031085228232
70995,4.984167379817237e-05
71010,0.00020107479980595945
71012,0.9999830343283849
71015,4.971716038820627e-05
71021,0.00026013380591040494
71023,0.00025815720662365353
71029,5.9551719259913306e-05
71032,7.243784440618535e-05
71033,6.136612415584311e-05
71040,3.7292460896564154e-05
71043,0.0007956311236266933
71044,0.9999499568979832
71054,0.9998923370842788
71056,0.9982397104881294
71073,0.9999473133555481
71083,9.989047032803534e-05
71091,0.001074795257880185
71093,0.9999840697940373
71095,0.0018088221646381769
71096,0.9999536480665743
71101,0.00018286361234585898
71103,3.737136975879578e-05
71105,0.0007463319575162534
71108,0.9999323359877031
71109,0.9995537572190368
71116,4.950210296142815e-05
71121,6.11553776210631e-05
71122,5.1619473797477944e-05
71131,0.9999767691864934
71132,0.005547394407932111
71135,0.006786333931879534
71139,5.173025909973979e-05
71145,0.9993344028907214
71146,0.00013711284283573854
71149,0.22294847171758742
71151,0.004992793715275621
71152,0.0008303847188266249
71153,0.0005660000826093352
71154,0.002369870185919107
71157,5.9643622946078996e-05
71165,3.059352813200732e-05
71166,0.9994824394754449
71167,0.9998727175338324
71168,0.9999746796172315
71177,6.066433536950979e-05
71178,4.939437942899333e-05
71179,0.00020066762545047415
71184,0.9999303261561714
71189,0.004227015467084751
71192,0.9999151191957167
71202,0.004246514712537119
71205,0.00037007323637957564
71206,0.007181853776498755
71214,0.0020368299312688016
71219,0.9473784115901248
71220,0.00020066762545047415
71222,0.0024428864496677484
71226,0.00026013380591040494
71227,0.9999819938281546
71231,0.0017090385776086848
71242,0.00196097464149843
71244,0.00011507786644878865
71246,0.9999303261561714
71250,0.0007417536054868211
71254,0.9998727175338324
71255,0.002178427096575681
71263,5.241528681921449e-05
71265,0.9998657423469635
71268,0.9992684376272701
71279,0.003056399004164884
71280,4.9802890811725866e-05
71283,0.9999840697940373
71284,0.9999836293320881
71285,0.0020368299312688016
71293,0.000648943071412129
71296,0.9997978875243
71300,0.9473785851750359
71311,0.0009792553448332516
71317,0.0003921010651064518
71318,0.00016397883980823154
71320,4.939437942899333e-05
71340,0.9488613368441116
71343,0.0026206358642014023
71345,0.9581548454632551
71348,0.0009669031085228232
71349,0.9999830343283849
71350,0.00037007323637957564
71352,0.000952746187990989
71360,0.23528342926558957
71361,0.016496480491612363
71366,0.9987377517266016
71367,0.9998657423469635
71369,3.524535332626971e-05
71370,0.0007939010076001599
71371,0.0025293649193269072
71381,0.0002597353063143384
71386,0.005732122805785984
71387,0.9999410645749532
71390,0.9473784115901248
71391,0.000630934997070971
71405,0.00022067729558604302
71412,0.004246514712537119
71415,0.0007956311236266933
71418,0.9999812976361887
71422,0.999906630939681
71426,0.0003489828322499265
71427,0.00020107479980595945
71429,0.006786333931879534
71430,0.22294847171758742
71435,0.0003611341422352126
71442,0.9999570522880501
71447,0.9999638041569726
71455,0.22294847171758742
71456,0.004246514712537119
71457,5.641792582024456e-05
71462,0.0008303949329747527
71464,0.9992684286277963
71468,6.925365782098223e-05
71470,0.9998727175338324
71475,4.88372611445455e-05
71477,0.9998727175338324
71480,4.971716038820627e-05
71491,0.0007383003065265133
71493,0.00011794298359327118
71494,0.9999525539780105
71499,0.9992684286277963
71506,0.0003496875210024585
71509,0.0013802279596660423
71519,0.000197511323316701
71521,0.0009669031085228232
71525,0.000952746187990989
71530,0.2225729167574657
71533,0.016496480491612363
71542,0.9998657423469635
71556,0.00018286361234585898
71570,8.746996203058479e-05
71572,0.0001077557518754141
71573,0.9998657423469635
71576,0.0003152102071780363
71579,0.0007939010076001599
71585,0.9999063540576812
71590,0.0003489828322499265
71593,0.9998657423469635
71596,3.059352813200732e-05
71599,0.00020066762545047415
71603,0.00012215328705734969
71605,0.9999525539780105
71607,0.016298087347089953
71608,0.00029105310622022835
71611,0.9998724399668965
71633,3.684094510962778e-05
71634,0.9999006577290362
71656,0.005292601102725644
71657,0.0009373216812578322
71660,0.0009106983817529727
71661,5.918584598836989e-05
71669,0.00196097464149843
71676,7.685398210574893e-05
71683,3.303726520385771e-05
71688,0.0003294076063234156
71690,0.0003489828322499265
71691,0.002181762929988489
71697,0.23528342926558957
71703,0.0003921010651064518
71705,0.9998724399668965
71706,0.0009574039359748658
71708,0.0002918733189469976
71719,0.00020066762545047415
71729,0.9488613368441116
71734,0.22294847171758742
71735,0.9999568776445106
71736,0.000585878010140859
71740,0.0017010687590371112
71741,4.9765305183604125e-05
71743,0.003056399004164884
71744,0.0003489828322499265
71747,3.737136975879578e-05
71752,0.9998727175338324
71756,0.9998727175338324
71759,0.0007939010076001599
71771,0.2225729167574657
71772,0.2225729167574657
71776,0.0001716947641372574
71782,0.00014223040098696742
71786,6.118571903715033e-05
71787,0.0011272461986322187
71788,0.9998915930571055
71791,0.000816994164089274
71796,0.006507439032569228
71798,0.0003152102071780363
71800,6.118571903715033e-05
71805,0.009884706957685922
71807,0.0003496875210024585
71816,0.0004176887514791801
71822,0.00020107479980595945
71831,0.00011044715495842429
71834,0.0003152102071780363
71835,0.22294847171758742
71840,7.243784440618535e-05
71846,0.0003921010651064518
71849,4.3680429369395224e-05
71858,0.9999789950350267
71870,0.23528342926558957
71875,0.00015586490166880965
71877,0.9998657423469635
71883,0.9998657423469635
71886,0.9998657423469635
71888,0.0013205758147271525
71889,0.003514645930902478
71902,3.4567980353356386e-05
71908,0.0003496875210024585
71918,6.136612415584311e-05
71930,8.746996203058479e-05
71931,0.0018688248110641556
71948,0.0030410406056064804
71950,0.9999844124185779
71957,0.00018286361234585898
71958,0.00020107479980595945
71962,8.917081383032545e-05
71965,0.0003489828322499265
71967,0.9999771981057078
71971,0.0004176887514791801
71975,0.9999431041339588
71977,0.9999833685978098
71987,0.9473785851750359
71988,0.00028283636599312634
71989,0.002369870185919107
71990,8.645801978867636e-05
71992,0.22294847171758742
71996,0.9987495364405733
72001,0.0016232016907456724
72008,0.0007197607066964709
72009,0.9999303261561714
72011,7.632007959199317e-05
72032,4.526543650395926e-05
72034,4.558790952076361e-05
72047,0.9473784115901248
72054,6.118571903715033e-05
72060,4.586563522306168e-05
72061,0.00018286361234585898
72066,0.000952746187990989
72067,0.005723389742325767
72071,4.9802890811725866e-05
72079,0.00032936511113992276
72080,3.064047711007963e-05
72082,5.807817151692507e-05
72095,0.000315211304386939
72098,5.807817151692507e-05
72106,0.22294847171758742
72107,0.000952746187990989
72114,0.9488613368441116
72115,6.952707990364242e-05
72122,0.0026371346473041085
72123,0.9999832815707336
72128,0.00013711284283573854
72132,0.9998719573881523
72135,0.9980523359461434
72136,0.9999844124185779
72137,0.9999106770087686
72138,4.939437942899333e-05
72151,3.7292460896564154e-05
72152,7.423214122859364e-05
72161,0.9999812574203041
72167,0.9998657423469635
72170,0.001489250618639279
72172,0.9999104849502187
72173,7.599474821296991e-05
72174,0.9978657011748204
72175,0.00011347764082196614
72180,0.007712427256208215
72184,8.74710387549412e-05
72185,0.9998727175338324
72192,3.5297851792852416e-05
72197,0.2225729167574657
72202,4.363620673341469e-05
72205,0.00022068402540315575
72214,0.0032346263539202343
72215,0.0003496875210024585
72223,0.9998724399668965
72226,0.22294847171758742
72229,0.00032936511113992276
72231,4.990348619498389e-05
72237,4.363817105083811e-05
72238,0.9983838773723919
72239,0.9990963439708602
72241,0.0017010896648016567
72242,9.995309139319764e-05
72255,0.0007956311236266933
72261,6.118571903715033e-05
72262,0.0014296913470183256
72264,6.604037532362596e-05
72286,0.9995717180850213
72292,0.00020066762545047415
72294,0.9998724399668965
72295,0.000131889150515846
72300,0.0018688248110641556
72308,0.0027674752376394113
72311,4.830461971156742e-05
72314,0.9993344028907214
72315,7.58471595843089e-05
72316,0.9998594636941474
72322,0.0007939010076001599
72327,0.9998727175338324
72328,0.00605733709048263
72331,5.255267892605444e-05
72337,5.3658013213535084e-05
72338,0.00028283636599312634
72342,5.9551719259913306e-05
72344,0.000585878010140859
72345,7.63939839891538e-05
72346,0.0035882903502960934
72350,8.399517923130136e-05
72357,5.973374035699646e-05
72358,4.950210296142815e-05
72359,0.9999570522880501
72361,0.004839945899236867
72366,0.9998657423469635
72368,0.22294847171758742
72377,0.2225729167574657
72382,0.00014694591814190172
72385,0.002369870185919107
72386,0.00020107479980595945
72389,0.0024428864496677484
72393,5.9551719259913306e-05
72396,0.0002886747334393348
72399,5.681464706624779e-05
72407,0.00022855875309000183
72408,6.288120982706638e-05
72409,0.9999811623733025
72418,0.00037007323637957564
72419,0.0003496875210024585
72420,0.00020107479980595945
72421,0.9998724399668965
72425,0.0003489828322499265
72434,0.0003336060876938954
72435,0.0002597353063143384
72438,0.0003496875210024585
72441,0.9473784115901248
72449,0.0003921010651064518
72453,0.9999844124185779
72462,0.9999844124185779
72484,3.954373496475425e-05
72485,3.9063204635608604e-05
72489,0.002759229903327865
72492,0.9473785851750359
72495,0.9999378386319983
72497,0.9999819551092717
72498,0.00014223040098696742
72500,0.0014297089223900316
72503,0.00020107479980595945
72504,0.0007956311236266933
72505,0.0009888783793863822
72506,4.9802890811725866e-05
72508,0.9992684286277963
72517,0.00012037385252514046
72519,0.9473784115901248
72521,0.9998727175338324
72523,4.9802890811725866e-05
72526,0.0012439201977550009
72530,0.002541394234689496
72531,0.0008303847188266249
72535,0.00037007323637957564
72536,0.0003496875210024585
72537,0.9998727175338324
72538,0.999951564094725
72539,8.436823096270445e-05
72541,0.002541394234689496
72549,0.23528342926558957
72553,0.00011347764082196614
72555,0.0020588466571659614
72564,6.669610210327244e-05
72566,0.9998657423469635
72578,0.9998727175338324
72582,0.9999076656833419
72592,9.306767170270811e-05
72593,0.000315211304386939
72597,0.07131131107508937
72598,0.00018286361234585898
72605,0.9999840697940373
72606,0.9992684286277963
72613,0.0001077557518754141
72615,0.00012470484299638508
72617,0.0002289094309271827
72618,0.0016232016907456724
72621,0.0007956311236266933
72625,0.0003611341422352126
72632,0.9999840697940373
72637,4.990348619498389e-05
72638,5.3658013213535084e-05
72655,0.000952746187990989
72656,0.0003025039257935313
72662,4.9765305183604125e-05
72665,0.9998727175338324
72670,0.9999151191957167
72677,5.270837204143093e-05
72683,0.00014223040098696742
72684,0.9998724399668965
72687,0.00020107479980595945
72701,0.0029351709834033748
72706,7.63939839891538e-05
72709,0.000952746187990989
72711,4.363620673341469e-05
72714,0.9999410645749532
72716,0.0018088221646381769
72727,3.90649631038659e-05
72729,5.270837204143093e-05
72732,0.00020066762545047415
72748,0.9999195927654295
72749,0.0026371346473041085
72751,0.014078245481704601
72754,0.0002597353063143384
72755,0.0020368299312688016
72756,0.000952746187990989
72760,0.00044997041368243873
72771,0.0009373216812578322
72773,0.9488613368441116
72775,4.950210296142815e-05
72776,0.23528342926558957
72777,0.9995895663719452
72781,0.0076270176114838295
72786,0.000315211304386939
72790,0.9999648477017928
72799,0.0007939010076001599
72801,3.2986643860003994e-05
72803,0.0008303949329747527
72805,0.9999832815707336
72806,8.613379438679565e-05
72809,6.932071993706728e-05
72816,4.4800264939105734e-05
72817,0.0008303847188266249
72831,5.9643622946078996e-05
72832,5.9551719259913306e-05
72835,4.4800264939105734e-05
72840,6.098563068394302e-05
72846,0.9473784115901248
72848,0.0003496875210024585
72851,9.537201456968648e-05
72863,0.0007956311236266933
72888,0.9999104849502187
72893,3.2986643860003994e-05
72896,0.9999323359877031
72898,0.0019609987351751927
72901,0.9992684286277963
72908,0.000315211304386939
72915,0.0017090385776086848
72917,0.9999444747458763
72920,0.0017090175743221699
72921,0.000952746187990989
72927,0.0018688248110641556
72938,0.00011731735974361013
72943,5.1619473797477944e-05
72948,0.9982515066090728
72949,0.0006304452674788647
72954,0.9999812976361887
72961,3.4621028334100934e-05
72970,0.0017090175743221699
72976,0.0008303949329747527
72978,5.807817151692507e-05
72990,0.00010533213533170118
72991,0.0003152102071780363
72992,3.012657282093908e-05
72995,0.00018286361234585898
73001,0.000315211304386939
73009,3.524535332626971e-05
73010,0.9999287947672695
73014,5.328417313837607e-05
73017,0.001275979893869128
73020,5.9460473564217507e-05
73022,0.0005858852184974999
73028,0.9999510331817772
73035,0.996233048263609
73037,0.0003300301995967342
73040,0.0009373216812578322
73044,0.2225729167574657
73055,0.23528342926558957
73057,0.002369870185919107
73061,0.0017010687590371112
73073,0.9999819551092717
73075,0.9996223163522101
73083,0.00020066762545047415
73086,5.960938701671091e-05
73089,5.3658013213535084e-05
73101,9.277829756746925e-05
73119,0.0003921010651064518
73125,4.361350075037471e-05
73127,3.2986643860003994e-05
73131,0.00028283636599312634
73133,0.9473785851750359
73134,7.423214122859364e-05
73138,5.255031335435125e-05
73142,4.526543650395926e-05
73150,0.23528342926558957
73151,0.00018286361234585898
73154,0.00018286361234585898
73157,0.003087649530949634
73166,0.9999836293320881
73169,0.00020107479980595945
73176,0.00018286361234585898
73180,5.249947438058162e-05
73181,0.0008303949329747527
73182,0.999906630939681
73186,0.9993344028907214
73187,0.0008303847188266249
73192,0.002369870185919107
73193,0.000630934997070971
73204,4.9802890811725866e-05
73206,0.0013802279596660423
73207,0.0003152102071780363
73209,0.000952746187990989
73210,0.0007197607066964709
73211,0.9992684376272701
73214,0.0013162351325675177
73216,4.4231548015827105e-05
73222,0.000952746187990989
73228,0.9998727175338324
73233,0.0003496875210024585
73239,4.9802890811725866e-05
73241,0.9999063540576812
73248,5.659352536007211e-05
73249,4.9802890811725866e-05
73251,0.004253003917995008
73252,0.9994985241732534
73253,0.0003921010651064518
73257,0.9998657423469635
73261,0.0018088221646381769
73264,4.939437942899333e-05
73267,0.00044997041368243873
73269,0.000952746187990989
73279,0.0003294076063234156
73284,0.9999169819501809
73296,0.9992684286277963
73297,0.00011959705207272988
73305,4.479971344691348e-05
73308,0.22294847171758742
73311,0.005692930603180441
73312,0.9998657423469635
73316,0.9999836293320881
73319,0.9998204001246006
73322,0.9998727175338324
73326,0.9992684286277963
73332,0.9993344028907214
73333,7.430402392503915e-05
73336,0.23528342926558957
73339,0.9998885329924632
73340,0.23528342926558957
73343,5.807817151692507e-05
73344,0.9997978875243
73346,0.9581548454632551
73360,0.0009792553448332516
73369,0.0020368299312688016
73370,0.00029105310622022835
73375,4.9802890811725866e-05
73381,0.9992684376272701
73387,0.00020066762545047415
73388,8.654174039039744e-05
73390,0.0007939010076001599
73392,0.0003496875210024585
73396,5.1759073029111035e-05
73397,0.000952746187990989
73402,0.9998724399668965
73403,0.9999499568979832
73404,0.2225729167574657
73406,4.8884553910226695e-05
73413,6.228322541902321e-05
73425,0.006507439032569228
73431,0.9999844124185779
73437,0.22294847171758742
73439,0.0007939010076001599
73440,0.999924047825515
73446,0.9488613368441116
73450,0.004745523307857395
73458,5.250336234883159e-05
73464,0.0003152102071780363
73466,0.9999819551092717
73468,0.0029351709834033748
73477,0.9999840697940373
73484,0.00017381270897049746
73489,6.228322541902321e-05
73490,0.0003921010651064518
73492,4.552010735628039e-05
73493,0.002312336623816038
73496,6.317303913812666e-05
73497,0.0003921010651064518
73499,0.9998724399668965
73501,0.000952746187990989
73502,0.00029105310622022835
73505,0.00032936511113992276
73509,0.2225729167574657
73512,0.9999473133555481
73513,0.23528342926558957
73514,0.0007956311236266933
73520,0.000952746187990989
73521,0.0007939010076001599
73522,5.960938701671091e-05
73529,3.059352813200732e-05
73533,0.9998657423469635
73534,6.305160673480423e-05
73540,0.9996223163522101
73541,0.00018286361234585898
73545,0.9999536480665743
73556,0.0002597353063143384
73560,0.000417693891382247
73563,3.059352813200732e-05
73564,7.881086556692366e-05
73569,5.802320831745888e-05
73571,0.9473785851750359
73578,0.0026371346473041085
73579,0.0018088221646381769
73580,0.9999536480665743
73583,0.0020368549550457585
73585,0.0004176887514791801
73591,3.678615168602482e-05
73598,0.0008303949329747527
73600,5.960938701671091e-05
73608,5.807817151692507e-05
73610,0.9999169819501809
73612,7.654828582184629e-05
73620,4.9802890811725866e-05
73623,4.990348619498389e-05
73624,0.9998657423469635
73628,0.9999840697940373
73638,0.00018286361234585898
73640,0.003947070063438499
73641,0.006507359443577124
73649,0.22294847171758742
73655,0.01968880579983274
73656,0.0020368549550457585
73657,4.24935205415871e-05
73659,0.9999836293320881
73660,0.9998724399668965
73661,0.00196097464149843
73665,6.118571903715033e-05
73671,0.0001671650990284317
73679,0.00020107479980595945
73681,0.9999169819501809
73682,0.2225729167574657
73688,0.9998835203314828
73695,0.00020107479980595945
73696,0.9998657423469635
73698,0.9992684286277963
73700,0.999924047825515
73701,0.9998727175338324
73702,3.064047711007963e-05
73705,0.0007417444808486156
73711,0.0019609987351751927
73713,0.0007382912243374749
73717,0.999951564094725
73723,0.000315211304386939
73724,9.30688173264811e-05
73729,0.9999499568979832
73735,0.00015729204791610285
73736,3.303726520385771e-05
73743,0.000952746187990989
73750,0.00032936511113992276
73758,0.0005255843234949455
73760,8.412372578039572e-05
73761,0.9488613368441116
73762,0.0002597353063143384
73766,0.0003489828322499265
73770,0.9999844124185779
73781,0.0017090385776086848
73782,0.9999519954731275
73787,0.003056399004164884
73789,8.86482851627741e-05
73791,0.9998835253501641
73792,0.0008303949329747527
73793,0.23528342926558957
73796,0.0003300301995967342
73802,0.000758758359824092
73806,0.9999473133555481
73809,5.807817151692507e-05
73813,0.9473785851750359
73818,0.000952746187990989
73832,0.000648943071412129
73834,0.0003921010651064518
73837,0.0004176887514791801
73838,0.9995303386806641
73840,0.010681089184986158
73846,3.248316311800037e-05
73849,3.064047711007963e-05
73854,0.0003489828322499265
73873,0.002178427096575681
73876,0.000952746187990989
73878,0.9999323359877031
73880,0.9990066895409897
73884,0.0003294076063234156
73885,0.999946629036552
73887,0.0009792553448332516
73891,0.00018286361234585898
73892,0.23528342926558957
73893,0.00030740222947100635
73895,7.423214122859364e-05
73897,0.0014296913470183256
73903,0.00020066762545047415
73907,0.07131049579431503
73908,0.0002597353063143384
73914,0.00020066762545047415
73915,0.0003152102071780363
73916,0.9998724399668965
73920,4.3680429369395224e-05
73932,0.007626924434646636
73933,7.654828582184629e-05
73936,0.002369870185919107
73937,0.000952746187990989
73939,6.617728193095167e-05
73940,0.00020066762545047415
73942,0.9981585298979115
73943,0.22294847171758742
73948,0.9998746234326046
73949,0.0003152102071780363
73951,4.6328684081510264e-05
73955,0.0020368299312688016
73956,0.9998933186395719
73971,0.01629788997829633
73972,0.000952746187990989
73975,3.059352813200732e-05
73976,0.006105791330099424
73984,0.005723389742325767
73985,0.0009373216812578322
73986,7.584809324692268e-05
73989,5.387605044529288e-05
73991,6.317303913812666e-05
73992,5.992504490292767e-05
73993,0.999708282888662
73998,0.9997975774147873
74000,0.9998657423469635
74001,0.9999848001105475
74003,4.984167379817237e-05
74008,5.270837204143093e-05
74009,0.0007335388084518602
74010,0.00026013380591040494
74011,0.00020107479980595945
74016,0.999906630939681
74018,0.9999525539780105
74019,0.0061058660378524405
74030,0.3115322474924647
74033,0.004253003917995008
74042,0.0003921010651064518
74045,0.9987450112156064
74050,0.9999812574203041
74061,0.0009104718353442865
74064,0.0003921010651064518
74066,9.12947452479209e-05
74071,0.000952746187990989
74074,4.9802890811725866e-05
74075,0.00028283636599312634
74083,0.000952746187990989
74086,0.0003921010651064518
74090,5.328417313837607e-05
74093,0.0013162351325675177
74101,0.0003489828322499265
74104,5.249947438058162e-05
74105,0.0012712279988481728
74106,4.3474152606512995e-05
74113,0.0007956311236266933
74114,0.0003489828322499265
74115,9.979994851932418e-05
74123,0.9987313342380877
74130,0.00018286361234585898
74133,0.0007231362477448386
74135,0.9992684286277963
74137,0.00020066762545047415
74138,0.00014223040098696742
74145,4.950210296142815e-05
74154,4.947755505274092e-05
74158,0.0024428864496677484
74160,5.9518052967203426e-05
74162,0.0008303847188266249
74164,0.0031117045531496054
74166,8.825040237274523e-05
74167,0.00018286361234585898
74170,0.011197169747356423
74173,0.000315211304386939
74176,0.0003496875210024585
74177,0.9998915930571055
74181,4.361350075037471e-05
74182,0.0007939010076001599
74186,0.0001232424246496812
74189,3.2986643860003994e-05
74197,0.011684100462575488
74201,0.00028283636599312634
74202,0.9999830343283849
74209,6.118571903715033e-05
74210,0.9998727175338324
74211,0.9998727175338324
74215,0.00028283636599312634
74216,5.921551891752585e-05
74217,0.0031117045531496054
74221,0.0018088221646381769
74226,3.4567980353356386e-05
74231,9.995309139319764e-05
74233,0.9992684286277963
74234,0.9998657423469635
74235,3.524535332626971e-05
74237,0.2225729167574657
74240,0.9990565363791533
74247,0.000952746187990989
74248,0.23528342926558957
74249,0.00029105310622022835
74251,0.9999151191957167
74252,0.9998238485180646
74261,4.9802890811725866e-05
74263,0.0012712279988481728
74265,0.9992684286277963
74268,4.830402508277897e-05
74271,0.9999444747458763
74273,8.746996203058479e-05
74279,0.9999836293320881
74281,4.596566331885813e-05
74284,0.0009792553448332516
74287,0.23528342926558957
74292,0.9999550062893311
74296,0.00012215328705734969
74297,0.0003489828322499265
74298,0.2225729167574657
74303,0.0003489828322499265
74304,4.234073013878787e-05
74310,3.303726520385771e-05
74311,0.0007939010076001599
74323,7.423214122859364e-05
74326,5.249947438058162e-05
74328,3.4567980353356386e-05
74330,0.9999499568979832
74331,0.0006304452674788647
74332,5.811224857081732e-05
74339,0.0006489350877357901
74351,0.000417693891382247
74352,0.9999058160516413
74362,5.255267892605444e-05
74363,0.9994783115377269
74371,0.0005255778566517551
74374,0.0019609987351751927
74375,0.9999812574203041
74377,0.9999604073417305
74378,0.9999525539780105
74388,0.00018286361234585898
74390,0.9976925669958735
74395,4.950210296142815e-05
74398,8.98832284089943e-05
74400,0.9999151191957167
74402,0.9999830343283849
74403,5.841571582501597e-05
74407,0.0008303847188266249
74411,0.00018286361234585898
74413,0.0007956311236266933
74414,0.9999525539780105
74420,4.3680429369395224e-05
74421,4.5589961691584216e-05
74424,0.00020107479980595945
74426,0.0003921010651064518
74427,0.9992684286277963
74428,0.0006837520003640207
74434,9.129362145996405e-05
74435,0.9998933186395719
74438,0.003073669723003646
74440,0.00028283636599312634
74443,7.048083194376647e-05
74446,0.0007417444808486156
74454,0.23528342926558957
74456,0.23528342926558957
74471,0.9999106770087686
74478,0.00020107479980595945
74480,0.9965089311347356
74481,0.9999063500225552
74482,0.0051921582120633275
74490,0.9999473133555481
74492,4.4800264939105734e-05
74500,0.0009792553448332516
74502,0.9995762724006464
74503,0.000952746187990989
74507,0.0009683855312854912
74511,0.0008303847188266249
74519,0.9998483303771473
74520,0.99873581706373
74523,0.00012215328705734969
74525,5.241528681921449e-05
74527,0.00018724339181465965
74534,0.9998765138185357
74537,0.0005659931187681221
74544,0.0007197695610940449
74549,0.0007956311236266933
74559,6.915848633880243e-05
74562,5.320102194467529e-05
74567,0.0019609987351751927
74570,7.919937564024841e-05
74587,0.000952746187990989
74588,5.807817151692507e-05
74593,5.2976653991585695e-05
74607,0.9473785851750359
74608,0.00026013380591040494
74609,0.0007939010076001599
74613,0.9999151191957167
74616,0.9473785851750359
74629,0.0032346263539202343
74630,0.9473784115901248
74632,0.9999104849502187
74634,5.3658013213535084e-05
74635,0.9998657423469635
74637,0.9993344028907214
74639,5.311950632929762e-05
74643,0.0008303847188266249
74645,0.0009669031085228232
74650,0.23528342926558957
74678,0.0001815510930515491
74680,0.9999210094281771
74685,0.9999836293320881
74688,0.000630934997070971
74693,0.0003025039257935313
74702,0.2225729167574657
74706,5.85900884891341e-05
74709,3.012657282093908e-05
74716,0.9493895869706279
74721,0.00034602988260242916
74722,0.2225729167574657
74727,0.00020066762545047415
74728,0.9999151191957167
74729,0.9998657423469635
74732,0.9998724399668965
74739,0.0005573656893994887
74744,0.9992684376272701
74745,0.0003496875210024585
74767,7.296613865915029e-05
74769,0.9999848001105475
74771,0.00018286361234585898
74795,0.000952746187990989
74804,0.0003496875210024585
74805,0.0003496875210024585
74809,0.002181762929988489
74810,9.537201456968648e-05
74813,0.00029105310622022835
74815,0.9999812976361887
74823,4.36784631498498e-05
74826,9.537201456968648e-05
74829,0.00196097464149843
74836,0.004246514712537119
74837,0.9968131300492249
74838,0.00080371874235043
74839,0.0017010687590371112
74840,4.586563522306168e-05
74855,3.524535332626971e-05
74859,0.0020588466571659614
74862,0.22294847171758742
74864,0.0002918733189469976
74872,0.0007335297847933146
74875,9.979994851932418e-05
74877,0.000952746187990989
74879,0.000952746187990989
74880,0.0013162351325675177
74883,0.00196097464149843
74889,0.9993289115899769
74895,7.296613865915029e-05
74907,0.0019609987351751927
74914,9.274704111836148e-05
74915,0.0003152102071780363
74919,3.248316311800037e-05
74920,0.22294847171758742
74921,4.990348619498389e-05
74931,0.0009683855312854912
74937,0.0003489828322499265
74938,0.0031117045531496054
74939,0.0007956311236266933
74940,0.9980523598763044
74942,0.9999648492164995
74943,0.0003921010651064518
74947,0.011683958305208901
74954,0.9987313342380877
74956,0.9473784115901248
74958,6.586038453583094e-05
74960,0.9999287947672695
74961,6.669610210327244e-05
74969,0.0009373216812578322
74970,4.36784631498498e-05
74973,0.00015586490166880965
74974,3.059352813200732e-05
74976,3.012657282093908e-05
74979,0.9999536480665743
74980,0.9999525539780105
74981,0.00018286361234585898
74983,0.9999704510090213
74984,0.000952746187990989
74988,0.23528342926558957
74993,4.950210296142815e-05
74995,0.00016397883980823154
74997,0.0009669031085228232
75001,0.99873581706373
75006,0.0008303949329747527
75007,0.005723389742325767
75015,0.0008303949329747527
75017,0.9994985241732534
75024,7.423214122859364e-05
75026,0.007181853776498755
75029,0.000315211304386939
75037,0.0007603887156336702
75038,6.414134335184196e-05
75040,8.16270791462275e-05
75045,0.0003921010651064518
75046,5.328417313837607e-05
75056,0.00020066762545047415
75057,8.412269025630678e-05
75062,0.22294847171758742
75063,0.0003921010651064518
75065,0.000417693891382247
75070,0.9999287947672695
75074,9.214737217534059e-05
75076,4.979345512463346e-05
75077,0.0001077557518754141
75083,0.9999192732797669
75085,0.00018286361234585898
75090,0.000952746187990989
75093,4.526543650395926e-05
75094,0.0001232424246496812
75097,6.118571903715033e-05
75098,0.9999410645749532
75107,0.9998657423469635
75109,4.9802890811725866e-05
75111,0.9999848001105475
75112,6.629840522857202e-05
75118,0.0035882903502960934
75124,0.9998727175338324
75125,0.9999840697940373
75136,9.680016873563012e-05
75166,5.387605044529288e-05
75171,0.0003921010651064518
75181,0.9999836293320881
75186,0.00012406616557876187
75190,0.9473785851750359
75199,0.005723389742325767
75202,0.004992793715275621
75204,3.524535332626971e-05
75206,0.9999568776445106
75207,0.22294847171758742
75211,0.0024428864496677484
75218,0.9998169174125405
75227,0.00012477786814064665
75228,0.0007335388084518602
75232,0.9999378386319983
75234,0.00018286361234585898
75235,0.0003152102071780363
75238,0.9999586363911022
75241,0.9998594576388387
75251,0.0003152102071780363
75252,0.006531051163236193
75253,9.12947452479209e-05
75256,0.23528342926558957
75258,0.000952746187990989
75270,3.9005106181215564e-05
75272,0.0012444766214345147
75275,0.9999410645749532
75276,0.9488613368441116
75282,0.0003921010651064518
75285,0.003008240177134157
75289,0.999803132193682
75290,0.9998657423469635
75294,5.901076580935242e-05
75299,0.0007757089070354445
75307,5.9518052967203426e-05
75316,0.9998724399668965
75317,0.9999059632313643
75332,0.014078245481704601
75333,0.002075760536193004
75334,0.9987313342380877
75338,5.807817151692507e-05
75339,5.811224857081732e-05
75345,0.999872219382945
75348,0.0008303847188266249
75356,7.430402392503915e-05
75357,9.979994851932418e-05
75370,0.001804892823843484
75377,0.0003611341422352126
75379,7.790082456293767e-05
75380,0.9998727175338324
75382,0.00016716715660778432
75388,0.00196097464149843
75389,6.584865233641874e-05
75390,0.9999832815707336
75395,4.990348619498389e-05
75397,0.00018286361234585898
75400,5.255267892605444e-05
75401,0.00029105310622022835
75402,5.154270144686488e-05
75403,0.22294847171758742
75407,7.423214122859364e-05
75409,5.28613697475509e-05
75413,9.274589945510172e-05
75416,0.9994774953774737
75424,4.36784631498498e-05
75432,0.22294847171758742
75440,0.0009669031085228232
75441,0.8423721313133714
75442,0.23528342926558957
75446,3.90649631038659e-05
75451,0.0009373216812578322
75456,0.9994985241732534
75459,0.9473784115901248
75460,0.00020066762545047415
75461,0.0007956311236266933
75462,0.00018286361234585898
75465,0.9488613368441116
75470,9.995309139319764e-05
75474,0.0004242837871281281
75475,0.006507359443577124
75477,3.5297851792852416e-05
75478,0.23528342926558957
75480,3.012657282093908e-05
75483,0.9999570522880501
75486,0.000736969852579889
75487,0.0009106983817529727
75489,0.00020107479980595945
75491,6.288120982706638e-05
75499,0.23528342926558957
75504,0.0029306866007651525
75506,0.22294847171758742
75508,0.9978657011748204
75511,0.00018286361234585898
75515,5.960938701671091e-05
75516,5.250336234883159e-05
75526,0.00020107479980595945
75531,0.000952746187990989
75533,0.011670935047404091
75534,0.0007939010076001599
75535,0.9473784115901248
75536,0.22294847171758742
75543,4.88372611445455e-05
75551,0.9999444747458763
75552,0.0007939010076001599
75554,0.9998724399668965
75555,0.9999410645749532
75558,0.0009683855312854912
75562,0.0017010896648016567
75569,0.00018286361234585898
75572,5.3168219727365504e-05
75577,4.4800264939105734e-05
75589,0.00011808080847816313
75595,0.000630934997070971
75596,0.0001716947641372574
75600,3.059352813200732e-05
75602,5.921551891752585e-05
75610,0.004246514712537119
75617,0.9999192732797669
75624,0.9998835253501641
75626,0.9999648477017928
75628,0.9488613368441116
75630,0.0003294076063234156
75633,7.430402392503915e-05
75637,4.357130717860938e-05
75639,0.0031117045531496054
75645,0.0003921010651064518
75647,0.0017010896648016567
75649,0.9992684376272701
75652,7.430402392503915e-05
75653,5.374035516115738e-05
75658,0.9992684286277963
75659,0.00026611489735811167
75662,5.625074289453747e-05
75663,0.9999568061872536
75668,0.9999812976361887
75669,6.440614235541515e-05
75678,0.0007939010076001599
75679,0.000952746187990989
75683,0.23528342926558957
75685,0.2225729167574657
75689,0.0003294076063234156
75692,0.9978056248750833
75693,4.704675676985309e-05
75701,0.00911071577163505
75709,0.0003152102071780363
75717,4.479971344691348e-05
75719,0.999828779648926
75720,0.9992684376272701
75729,0.0017090385776086848
75736,0.00011794298359327118
75738,0.00011044715495842429
75748,0.9970088024775343
75774,0.00016397883980823154
75778,0.00014223040098696742
75781,0.00012324090765188282
75786,0.00468024985102596
75793,0.9998724399668965
75799,0.00020066762545047415
75802,0.0002597353063143384
75808,0.00020066762545047415
75809,0.00028283636599312634
75814,0.9998287870257786
75822,0.00016397883980823154
75824,0.0019609987351751927
75828,0.22294847171758742
75829,0.00020107479980595945
75830,0.9581531176814573
75837,6.586038453583094e-05
75840,0.23528342926558957
75842,5.9460473564217507e-05
75845,0.9999323359877031
75849,0.0007939010076001599
75850,0.9473785851750359
75855,0.0003496875210024585
75858,0.0035882903502960934
75860,0.9992684376272701
75873,0.004839945899236867
75876,0.999621553730851
75883,0.9999323359877031
75884,3.733521486688266e-05
75885,0.0001653243096952507
75888,0.0016232016907456724
75891,0.002767441262719967
75893,0.0009669031085228232
75894,0.000952746187990989
75896,0.00901211573207907
75899,0.0032346263539202343
75902,0.9998724399668965
75904,0.00012196613435931723
75906,0.9999836293320881
75910,0.00011807935500747968
75918,6.118571903715033e-05
75920,0.0023523614617792987
75924,0.22294847171758742
75925,0.9999855490687554
75926,0.0007939010076001599
75929,0.00018286361234585898
75933,0.9992684376272701
75936,0.0007382912243374749
75939,0.000952746187990989
75943,0.9473784115901248
75947,0.9999819551092717
75950,0.006092414671259864
75952,0.00014223040098696742
75965,0.0017010896648016567
75967,5.813019011312363e-05
75977,0.000952746187990989
75984,0.9999812976361887
75986,8.645801978867636e-05
75997,0.0007939010076001599
76001,0.0003921010651064518
76008,0.0007939010076001599
76011,3.5299440766062444e-05
76013,0.0003921010651064518
76019,0.9999071951246525
76020,3.059352813200732e-05
76022,4.3680429369395224e-05
76023,0.004984847555171946
76040,0.999621553730851
76044,0.0001671650990284317
76046,0.004153576532544968
76052,3.012657282093908e-05
76054,0.9999410645749532
76055,0.23528342926558957
76056,0.0003025039257935313
76062,0.0001232424246496812
76065,0.0003025039257935313
76073,0.22294847171758742
76079,0.0007369607867453374
76080,0.9998657423469635
76083,0.0007231273519612269
76084,0.9998238485180646
76085,6.118571903715033e-05
76087,0.0004176887514791801
76088,0.0003921010651064518
76090,0.000315211304386939
76091,0.00020066762545047415
76092,0.00029105310622022835
76097,5.6128334197581794e-05
76103,0.0003921010651064518
76104,5.9518052967203426e-05
76110,0.010243079121700452
76112,0.00018286361234585898
76113,4.435116829489197e-05
76120,0.0020588466571659614
76123,5.249947438058162e-05
76124,0.0007956311236266933
76127,6.440614235541515e-05
76129,0.002348765403620158
76135,0.9473785851750359
76138,0.22294847171758742
76141,0.9960774652883818
76142,0.0003496875210024585
76145,0.000315211304386939
76151,0.000131889150515846
76153,0.9998727175338324
76160,0.00030740222947100635
76163,7.599474821296991e-05
76166,0.0007939010076001599
76171,0.00011808080847816313
76172,0.00020066762545047415
76190,4.36784631498498e-05
76191,0.0003489828322499265
76196,0.007181853776498755
76200,7.028735042040962e-05
76205,0.999621553730851
76210,0.9999568080484527
76211,0.22294847171758742
76215,6.118571903715033e-05
76220,0.00930823334636058
76222,0.9999830343283849
76223,4.1715279811296715e-05
76224,0.0006304375112297416
76225,0.0003489828322499265
76227,0.0008303847188266249
76230,0.007181853776498755
76234,5.169951288770619e-05
76240,0.0005659931187681221
76254,0.9998724399668965
76256,0.016298087347089953
76259,0.00029105310622022835
76260,5.154270144686488e-05
76261,0.23528342926558957
76264,0.00080371874235043
76283,0.00015275305899727323
76284,5.2976653991585695e-05
76287,6.066433536950979e-05
76288,0.000952746187990989
76296,7.63939839891538e-05
76299,0.0008303949329747527
76301,0.9999648492164995
76302,0.0003152102071780363
76303,0.00020066762545047415
76304,0.0003294076063234156
76305,0.9999844124185779
76310,0.999009857138789
76317,0.0762702035280661
76319,4.36784631498498e-05
76322,0.00020066762545047415
76324,0.9998437096806833
76325,0.0016232016907456724
76328,0.23528342926558957
76329,0.9999151191957167
76333,0.00012215328705734969
76334,0.0009104718353442865
76340,0.9473784115901248
76342,0.9998885329924632
76348,0.00011044715495842429
76350,4.363620673341469e-05
76356,0.23528342926558957
76364,0.0009683855312854912
76368,0.002061999755018048
76372,0.0009373216812578322
76373,7.654828582184629e-05
76378,0.9992684376272701
76384,0.9999323359877031
76386,5.2369101106493064e-05
76391,0.999905131030723
76393,0.9999537475210077
76394,0.0009792553448332516
76403,0.9999819551092717
76413,0.003087649530949634
76417,0.0003152102071780363
76420,0.002181762929988489
76424,0.0007197607066964709
76429,5.960938701671091e-05
76430,0.00028283636599312634
76433,0.9980371269777844
76447,0.0007146805230800242
76455,4.526543650395926e-05
76472,4.950210296142815e-05
76474,0.23528342926558957
76476,7.423214122859364e-05
76483,0.0017090175743221699
76484,4.5589961691584216e-05
76488,0.9998724399668965
76502,0.000952746187990989
76503,0.002759229903327865
76507,9.369089956210142e-05
76511,0.00018286361234585898
76513,6.118571903715033e-05
76517,0.0007382912243374749
76519,0.00196097464149843
76522,0.99873581706373
76527,0.22294847171758742
76533,0.003087649530949634
76534,0.0007956311236266933
76544,0.00018286361234585898
76545,0.9998727175338324
76548,0.2225729167574657
76549,0.99957252958979
76553,0.0009792553448332516
76555,0.002222625642549714
76557,0.0003921010651064518
76558,5.3658013213535084e-05
76560,0.9998437096806833
76572,0.0029306866007651525
76573,0.9999499568979832
76575,4.990348619498389e-05
76580,0.00012215328705734969
76581,0.9992684376272701
76591,0.9998657423469635
76592,0.0003611341422352126
76597,0.000952746187990989
76598,0.9998657423469635
76609,0.004246514712537119
76612,0.9998727175338324
76615,4.36784631498498e-05
76616,0.23528342926558957
76618,0.9992684286277963
76620,0.0007939010076001599
76625,8.412372578039572e-05
76630,0.00018286361234585898
76634,0.9999819551092717
76635,0.9473785851750359
76638,0.9998727175338324
76639,0.0005659931187681221
76640,0.22294847171758742
76641,0.00020066762545047415
76642,0.9976743322021323
76660,0.00012734492032281163
76663,0.0032346263539202343
76670,0.9999568776445106
76672,0.0009106983817529727
76675,0.00020107479980595945
76682,0.23528342926558957
76684,0.9999473133555481
76687,3.2986643860003994e-05
76688,0.0009683855312854912
76689,0.00028283636599312634
76691,0.9999537475210077
76692,4.939437942899333e-05
76699,0.00032936511113992276
76706,0.9999840697940373
76708,0.9998885329924632
76709,5.250336234883159e-05
76713,0.0003921010651064518
76714,0.00012215328705734969
76716,0.003056399004164884
76730,0.9999771981057078
76732,0.9999648492164995
76736,0.9987313342380877
76737,7.243784440618535e-05
76738,0.9993289404886757
76752,0.9989676385412505
76754,0.0011272461986322187
76758,0.9998657423469635
76766,0.999621553730851
76768,6.757968991654644e-05
76769,0.9999584488921697
76771,0.004309779002986541
76775,0.9999647745934648
76778,0.0008303847188266249
76783,0.2225729167574657
76790,0.9999812574203041
76791,5.807817151692507e-05
76796,0.07626933620976893
76800,0.9999525539780105
76802,7.430402392503915e-05
76804,0.9999063540576812
76812,0.9999541943733825
76815,0.0017090385776086848
76816,0.9992684286277963
76818,0.0112938937566478
76824,0.0029870917238361498
76825,0.9998727175338324
76826,0.002222625642549714
76828,0.0003294076063234156
76829,0.9473785851750359
76832,0.0006489350877357901
76836,0.000315211304386939
76838,0.01121449986618125
76847,0.9999101859370471
76857,0.00011807935500747968
76862,0.0017090175743221699
76865,4.854958945135e-05
76871,5.807817151692507e-05
76872,0.23528342926558957
76873,4.361350075037471e-05
76874,0.0009669031085228232
76876,0.9999410645749532
76882,0.995794336142589
76887,0.0007939010076001599
76888,0.00018286361234585898
76889,0.0014892689250884834
76893,0.0003489828322499265
76894,0.002801411916784787
76901,0.9998423963632717
76913,0.2225729167574657
76922,0.00022288263395376916
76923,0.9998727175338324
76927,0.00020066762545047415
76934,0.005111492925018042
76938,0.9997966769290615
76942,0.9999525539780105
76943,5.3168219727365504e-05
76945,0.002075760536193004
76949,0.0014296913470183256
76955,6.118571903715033e-05
76956,0.0007417444808486156
76972,0.9999819938281546
76976,0.006015148923402386
76978,4.4800264939105734e-05
76984,0.0007382912243374749
76986,0.0003489828322499265
76992,0.9473784115901248
76998,0.9992684376272701
76999,0.0009792553448332516
77009,0.9999192732797669
77010,0.00011044715495842429
77012,0.0007956311236266933
77018,0.00018286361234585898
77022,0.0019609987351751927
77023,0.0009792553448332516
77025,0.23528342926558957
77030,0.9998933232361251
77038,0.00011347764082196614
77041,0.9999444747458763
77045,3.521125517426669e-05
77053,0.00018286361234585898
77059,5.457543703598316e-05
77061,4.990348619498389e-05
77065,0.0028334201429591906
77066,0.0017010687590371112
77069,0.9997734344109633
77077,0.00020107479980595945
77082,0.0009792553448332516
77087,0.0006309272348006008
77092,0.9994985241732534
77095,0.0047440557596570895
77101,0.9997553956532382
77108,3.064047711007963e-05
77119,6.11553776210631e-05
77123,5.341165060373725e-05
77124,4.9802890811725866e-05
77129,0.0032346263539202343
77130,0.004098352335203868
77131,0.00196097464149843
77135,0.0007383003065265133
77139,0.0005659931187681221
77141,4.8884553910226695e-05
77147,0.9473784115901248
77149,0.9998719573881523
77151,0.003056399004164884
77152,0.9999064394939688
77165,0.0003152102071780363
77166,0.9999586363911022
77169,0.999961258875119
77171,0.9998657423469635
77172,0.00012324090765188282
77175,0.9998727175338324
77177,5.6128334197581794e-05
77179,0.9978657011748204
77185,5.807817151692507e-05
77187,4.9802890811725866e-05
77190,0.001275979893869128
77197,0.000952746187990989
77199,0.0008303847188266249
77200,0.9999640003330978
77205,5.5235090125018534e-05
77206,3.303726520385771e-05
77207,0.9982154056237431
77209,0.9999632362781291
77214,3.012657282093908e-05
77217,0.0009373216812578322
77219,0.9998724399668965
77220,0.0008303847188266249
77221,0.2225729167574657
77222,0.0024428864496677484
77226,0.0009669031085228232
77229,0.002222625642549714
77230,0.9999632362781291
77234,5.9460473564217507e-05
77242,0.9999106770087686
77244,3.012657282093908e-05
77249,4.6146621533253116e-05
77254,0.9998657423469635
77256,0.23528342926558957
77271,0.00011959705207272988
77272,0.0018688248110641556
77276,3.248316311800037e-05
77281,5.807817151692507e-05
77282,0.0007383003065265133
77285,0.0003489828322499265
77290,5.472975487151807e-05
77302,0.0017010687590371112
77304,0.9999840697940373
77306,0.9998835253501641
77310,0.9978056248750833
77315,4.36784631498498e-05
77326,0.0001077557518754141
77328,0.0003157377827490336
77338,5.173025909973979e-05
77339,5.241528681921449e-05
77367,7.430402392503915e-05
77375,4.8884553910226695e-05
77376,0.005716625614006741
77377,0.0001077557518754141
77379,4.363817105083811e-05
77383,5.807817151692507e-05
77388,0.999956879502631
77390,0.9999833685978098
77393,0.9997623469017161
77394,0.22294847171758742
77399,0.9998727175338324
77404,4.3680429369395224e-05
77406,0.00014435762500079443
77407,4.4800264939105734e-05
77410,0.00011794298359327118
77415,0.9998724399668965
77423,0.0008303847188266249
77426,4.363817105083811e-05
77431,0.00014223040098696742
77433,0.00018154885845945542
77445,0.999924047825515
77453,5.328417313837607e-05
77455,0.9999648477017928
77459,5.960938701671091e-05
77469,4.8884553910226695e-05
77475,9.995309139319764e-05
77476,0.0014297089223900316
77477,0.9997504469843509
77479,0.999009857138789
77483,0.0017010896648016567
77494,6.098563068394302e-05
77495,0.0013162351325675177
77497,0.9998724399668965
77511,0.004839945899236867
77515,0.0003921010651064518
77516,0.00014223040098696742
77518,0.00020066762545047415
77523,0.9999106770087686
77529,0.000736969852579889
77533,3.303726520385771e-05
77534,0.000952746187990989
77541,5.374035516115738e-05
77549,3.012657282093908e-05
77553,0.00037007323637957564
77559,0.0008353762052111808
77563,0.0001271846876766775
77564,0.9998835253501641
77571,0.9473785851750359
77581,0.9999855490687554
77586,0.9992684376272701
77587,7.59938127452237e-05
77589,4.939437942899333e-05
77595,0.9998423963632717
77600,0.9998727175338324
77601,0.00468024985102596
77603,5.3168219727365504e-05
77609,0.0005028658649900774
77610,5.249947438058162e-05
77619,0.00012734492032281163
77623,3.5297851792852416e-05
77625,5.28613697475509e-05
77626,0.0007956311236266933
77632,0.9998894427646828
77635,4.8884553910226695e-05
77657,0.00080371874235043
77668,6.629840522857202e-05
77672,4.296767133218797e-05
77674,4.950210296142815e-05
77682,0.000952746187990989
77697,0.9998657423469635
77699,6.145752749939242e-05
77700,5.1759073029111035e-05
77707,0.9998835253501641
77711,0.9999323359877031
77714,0.3267076201910872
77716,6.629840522857202e-05
77717,0.0003294076063234156
77721,0.00018286361234585898
77737,3.90649631038659e-05
77739,0.00901211573207907
77741,7.805240904246882e-05
77742,0.23528342926558957
77746,0.00605733709048263
77747,5.216452309670074e-05
77749,0.0003489828322499265
77759,0.23528342926558957
77764,0.9998657423469635
77771,0.9998727175338324
77776,0.00011794298359327118
77780,0.9998727175338324
77785,4.830402508277897e-05
77786,5.1569535303348584e-05
77789,0.0017010896648016567
77793,7.292995587109307e-05
77794,0.9999855490687554
77801,0.00016396900542476738
77807,0.9998724399668965
77817,0.22294847171758742
77823,9.995309139319764e-05
77827,0.9999550062893311
77834,4.830402508277897e-05
77835,7.32377506281823e-05
77836,0.0008686296922297118
77838,9.995309139319764e-05
77849,0.00020066762545047415
77854,0.9994563715061342
77855,0.019689637547841872
77862,0.0018088221646381769
77865,0.0003152102071780363
77870,0.9998746409457502
77871,7.243784440618535e-05
77877,0.9987495364405733
77888,3.059352813200732e-05
77892,5.802320831745888e-05
77895,0.00044997041368243873
77899,0.002669751611559437
77910,0.9473784115901248
77924,0.00011731880383578854
77926,3.91301274478429e-05
77931,0.23528342926558957
77933,0.009884706957685922
77946,0.9984008985709164
77948,0.000131889150515846
77949,4.830461971156742e-05
77959,0.9980523359461434
77962,6.663157892067235e-05
77965,0.9999151191957167
77976,0.0007956311236266933
77979,4.8884553910226695e-05
77982,0.9999063540576812
77987,0.00010208281340053267
77996,0.9998594576388387
77998,0.9999830343283849
78001,4.558790952076361e-05
78009,0.000630934997070971
78011,0.9969374008402886
78015,0.996695037393001
78017,0.9999819551092717
78027,0.0009351305293869733
78031,0.9993344028907214
78034,0.9999104849502187
78036,0.99873581706373
78039,4.9802890811725866e-05
78040,0.0005659931187681221
78041,0.9998724399668965
78044,6.586038453583094e-05
78045,0.0001232424246496812
78046,6.502098659299737e-05
78049,5.9551719259913306e-05
78055,0.0009373216812578322
78057,4.5589961691584216e-05
78061,0.9999323359877031
78073,0.00020066762545047415
78079,0.9999378386319983
78080,9.274704111836148e-05
78083,0.0007956311236266933
78088,0.9999303261561714
78092,0.004098352335203868
78094,0.999924047825515
78100,0.9473784115901248
78103,0.002755013582434655
78105,0.000630934997070971
78116,0.00020107479980595945
78117,5.960938701671091e-05
78121,5.807817151692507e-05
78128,0.003087649530949634
78130,5.811224857081732e-05
78131,0.006507439032569228
78133,6.11553776210631e-05
78138,0.23528342926558957
78140,0.9999519975416081
78142,0.23528342926558957
78145,0.0032346263539202343
78147,0.9998657423469635
78150,0.9998933232361251
78151,0.00026013380591040494
78152,4.990348619498389e-05
78154,0.0006304375112297416
78161,0.9999836411479883
78163,0.0009373216812578322
78167,7.139906422789197e-05
78169,0.0009106983817529727
78172,6.118571903715033e-05
78174,0.0006309272348006008
78176,5.328417313837607e-05
78178,0.000952746187990989
78180,0.9998657423469635
78182,0.00011794298359327118
78184,0.00012215328705734969
78196,0.00018286361234585898
78197,5.2976653991585695e-05
78199,6.414134335184196e-05
78205,0.00014435762500079443
78220,6.2315650595128e-05
78223,9.680016873563012e-05
78226,4.9802890811725866e-05
78238,0.00012233918955947931
78240,0.9989676385412505
78244,0.0007197695610940449
78245,0.998799240631583
78246,0.000315211304386939
78249,0.9990066895409897
78252,0.0013162351325675177
78256,0.0009373216812578322
78258,0.014078245481704601
78259,0.00011959852422292198
78266,0.9822360288268749
78270,0.9999568776445106
78274,0.2225729167574657
78279,6.629840522857202e-05
78289,5.807817151692507e-05
78291,0.0003496875210024585
78302,0.9998724399668965
78305,0.0003496875210024585
78306,0.999943101682273
78307,0.9822360288268749
78326,0.00018286361234585898
78328,0.0007939010076001599
78329,0.9999844124185779
78331,0.9473785851750359
78332,0.9993344028907214
78333,0.07131049579431503
78337,8.177985792963223e-05
78338,8.74710387549412e-05
78339,0.0001077557518754141
78347,4.9765305183604125e-05
78348,0.999884857577143
78355,6.932071993706728e-05
78359,0.0003921010651064518
78365,0.22294847171758742
78366,0.0003294076063234156
78368,0.9982435345859826
78379,0.0004176887514791801
78385,0.22294847171758742
78388,0.0008456899491242941
78399,0.0008303949329747527
78400,4.4800264939105734e-05
78401,0.002369870185919107
78403,0.00020066762545047415
78405,0.0003152102071780363
78409,0.006507439032569228
78412,0.2225729167574657
78419,0.9473785851750359
78423,7.423214122859364e-05
78425,0.9998657423469635
78427,0.9995895663719452
78429,0.0009104718353442865
78432,0.23528342926558957
78435,0.0009175806812215426
78437,5.960938701671091e-05
78439,0.003073669723003646
78444,0.9999648492164995
78450,0.9995871489224863
78457,0.0003025039257935313
78459,0.0008402364486060253
78462,0.9998724399668965
78464,0.9998400388275899
78465,0.00014223040098696742
78469,0.9473784115901248
78477,5.960938701671091e-05
78480,0.0003294076063234156
78484,0.9999855490687554
78487,5.807817151692507e-05
78492,0.9999287947672695
78494,0.002178427096575681
78500,0.23528342926558957
78501,0.9999151191957167
78504,0.00020107479980595945
78505,4.552010735628039e-05
78516,0.000952746187990989
78517,0.00018286361234585898
78521,4.936988493736761e-05
78535,8.436823096270445e-05
78545,4.5589961691584216e-05
78547,4.3680429369395224e-05
78550,0.9999287947672695
78551,0.0012712279988481728
78554,5.9551719259913306e-05
78566,0.0008303949329747527
78568,0.9995717180850213
78570,5.169951288770619e-05
78575,0.0024428864496677484
78577,0.00018286361234585898
78584,0.9992684286277963
78585,0.0009339076959921525
78590,0.004253003917995008
78591,0.00032936511113992276
78602,5.9518052967203426e-05
78604,0.9998724399668965
78605,0.9999819938281546
78607,5.960938701671091e-05
78613,0.00605733709048263
78617,4.950210296142815e-05
78619,0.9972823928169495
78626,0.00020066762545047415
78629,0.0007956311236266933
78636,0.0006489350877357901
78637,5.172875686434827e-05
78638,0.23528342926558957
78648,0.0015008980640025184
78657,0.001275979893869128
78660,0.0020368299312688016
78661,0.9987495364405733
78669,0.0003489828322499265
78671,5.681464706624779e-05
78679,0.0009669031085228232
78681,0.23528342926558957
78682,0.9999323359877031
78686,0.002312336623816038
78687,0.000417693891382247
78694,0.000315211304386939
78705,0.9999378386319983
78706,5.9460473564217507e-05
78707,0.0003489828322499265
78711,0.00011959705207272988
78719,0.9999064394939688
78723,3.521125517426669e-05
78729,9.979994851932418e-05
78735,0.9999499568979832
78743,0.9998727175338324
78745,0.9996223163522101
78746,0.0014296913470183256
78747,0.9999151191957167
78755,0.0009792553448332516
78756,0.9999410645749532
78762,0.9998657423469635
78764,0.0009373216812578322
78775,7.048169955266968e-05
78776,3.6842603544390786e-05
78777,0.0005858852184974999
78778,0.00020107479980595945
78790,5.164949696494596e-05
78792,4.4800264939105734e-05
78794,9.979994851932418e-05
78795,3.303726520385771e-05
78798,3.5297851792852416e-05
78801,0.0003152102071780363
78804,0.00010028108247126298
78808,0.9992684286277963
78809,0.9999323359877031
78812,0.0005028658649900774
78813,0.9994985241732534
78814,0.000630934997070971
78816,5.9518052967203426e-05
78831,0.0003152102071780363
78832,0.0003025039257935313
78840,0.9992684376272701
78841,0.0007956311236266933
78855,0.9998594576388387
78862,5.807817151692507e-05
78865,0.0002463506730823969
78867,0.9992684286277963
78871,9.868121361042785e-05
78885,5.3168219727365504e-05
78890,4.4800264939105734e-05
78891,0.9999287947672695
78893,0.9978453371823103
78898,0.00028283636599312634
78902,0.0024428864496677484
78909,0.0003489828322499265
78915,0.0013162351325675177
78916,0.9473785851750359
78922,6.37274012246411e-05
78923,5.811224857081732e-05
78929,0.9999812574203041
78936,3.7236995959936146e-05
78937,0.007712427256208215
78940,0.002369870185919107
78942,0.0009373216812578322
78945,0.999924047825515
78946,0.00011044715495842429
78948,4.8884553910226695e-05
78952,0.0003489828322499265
78954,3.059352813200732e-05
78957,5.807817151692507e-05
78962,0.9609684642997492
78964,0.0003152102071780363
78970,0.9999106770087686
78971,3.248316311800037e-05
78974,0.0003152102071780363
78975,0.9999836411479883
78979,4.9765305183604125e-05
78982,0.23528342926558957
78988,0.9999836293320881
78995,0.0003496875210024585
78998,5.9551719259913306e-05
79007,0.0007197607066964709
79010,0.9999568080484527
79012,0.9992684286277963
79015,0.9998923370842788
79016,0.002181762929988489
79018,0.999924047825515
79019,0.0009792553448332516
79025,0.00018286361234585898
79027,0.999872219382945
79031,0.00030162902793411144
79047,0.004153576532544968
79048,0.0016232016907456724
79051,0.9999151191957167
79057,0.0005659931187681221
79058,0.9998657423469635
79065,0.07131131107508937
79069,6.456014446647567e-05
79071,5.967736026301007e-05
79076,0.9998746234326046
79083,0.00029105310622022835
79086,0.9999323359877031
79091,0.9999519954731275
79092,0.998799240631583
79093,5.918584598836989e-05
79104,0.00010208281340053267
79107,0.0007939010076001599
79113,5.9551719259913306e-05
79116,6.118571903715033e-05
79120,4.558790952076361e-05
79125,0.9998727175338324
79135,0.0019609987351751927
79136,0.005151909456057631
79138,0.0003496875210024585
79147,6.136612415584311e-05
79154,0.0004176887514791801
79164,0.9999570522880501
79169,4.704675676985309e-05
79175,0.0008958906966385092
79179,0.9999519975416081
79180,0.0007956311236266933
79182,3.733521486688266e-05
79183,0.9999812574203041
79184,0.00020107479980595945
79186,0.0003025039257935313
79187,0.9987123164772701
79190,5.374035516115738e-05
79194,0.0035882903502960934
79195,0.9995303386806641
79196,0.0002597353063143384
79202,0.0017090175743221699
79203,0.0004532102315589427
79204,0.9998765084977775
79206,9.214850647165869e-05
79212,0.0017010687590371112
79221,3.012657282093908e-05
79222,0.0014297089223900316
79236,0.00015923235599684554
79239,0.0006304375112297416
79240,0.9987174999037967
79244,7.296613865915029e-05
79245,3.064047711007963e-05
79247,3.012657282093908e-05
79249,3.524535332626971e-05
79252,0.9993344028907214
79254,0.8423721313133714
79263,6.952707990364242e-05
79265,0.0003025039257935313
79266,0.9999473133555481
79270,4.984167379817237e-05
79271,0.00012734492032281163
79274,0.0008303847188266249
79276,4.007612222051802e-05
79280,0.0019609987351751927
79283,3.684094510962778e-05
79292,0.00014223040098696742
79294,0.9998727175338324
79299,0.0009792553448332516
79300,0.0003496875210024585
79301,3.059352813200732e-05
79302,0.00014223040098696742
79306,0.006104408017846475
79307,0.00011731735974361013
79309,0.9488613368441116
79311,0.00029105310622022835
79314,0.9998483303771473
79316,0.0008303847188266249
79317,5.1569535303348584e-05
79318,0.9998727175338324
79320,0.00018286361234585898
79321,5.807817151692507e-05
79324,0.0009373216812578322
79325,0.998799240631583
79330,9.454933206012192e-05
79334,0.00020107479980595945
79335,0.00018286361234585898
79338,0.003073669723003646
79339,0.9987495364405733
79342,0.00020066762545047415
79345,0.9998657423469635
79349,0.9997553956532382
79350,0.0006837520003640207
79364,0.9999819938281546
79375,0.0009373216812578322
79378,0.23528342926558957
79379,5.241528681921449e-05
79390,4.4231548015827105e-05
79401,0.0002463506730823969
79403,0.0007956311236266933
79405,7.430402392503915e-05
79409,0.008266712974864992
79417,0.9993344028907214
79419,0.9999210094281771
79430,0.0027674752376394113
79431,0.0017090175743221699
79436,5.807817151692507e-05
79441,6.118571903715033e-05
79442,0.013127108531452969
79443,0.9473784115901248
79449,4.3680429369395224e-05
79450,0.0008303847188266249
79451,0.9999006577290362
79458,0.0010678659321228141
79465,0.00020066762545047415
79467,4.971716038820627e-05
79477,0.0030410406056064804
79478,0.9999812976361887
79481,9.274704111836148e-05
79486,0.9999210094281771
79489,0.0007939010076001599
79495,3.90649631038659e-05
79508,5.270837204143093e-05
79514,0.00011347764082196614
79515,0.0007939010076001599
79521,0.0014296913470183256
79522,0.9998727175338324
79523,0.22294847171758742
79527,0.00018286361234585898
79535,5.918584598836989e-05
79536,0.9998724399668965
79538,0.0006304375112297416
79540,0.0001077557518754141
79543,4.361350075037471e-05
79550,0.00018286361234585898
79551,0.9998400457194301
79553,6.694065197230985e-05
79556,0.0003300301995967342
79557,3.064047711007963e-05
79564,0.0008303847188266249
79569,6.584865233641874e-05
79574,0.9998657423469635
79575,5.918584598836989e-05
79576,0.9998727175338324
79583,0.9992684376272701
79584,9.537201456968648e-05
79587,0.9999499568979832
79589,0.0007956311236266933
79594,0.8423721313133714
79595,0.00014842602019174902
79596,0.9993344028907214
79599,0.9990565363791533
79601,0.00028283636599312634
79604,0.0003921010651064518
79607,5.311950632929762e-05
79609,0.9999192732797669
79611,0.9990963439708602
79616,0.9999378386319983
79619,0.9995895663719452
79620,0.00020107479980595945
79622,0.00605733709048263
79624,0.9999106770087686
79626,6.098563068394302e-05
79637,3.4040364225785375e-05
79639,4.9765305183604125e-05
79640,0.000952746187990989
79642,0.9999378386319983
79655,6.925365782098223e-05
79663,3.012657282093908e-05
79667,0.0007956311236266933
79671,0.000952746187990989
79680,0.9996885102937777
79687,0.0003496875210024585
79692,5.1759073029111035e-05
79695,0.9999805439124154
79697,0.00028283636599312634
79702,0.002369870185919107
79705,0.9473785851750359
79707,4.9802890811725866e-05
79711,0.9992684286277963
79712,0.0020368299312688016
79713,0.9995895663719452
79715,0.003056399004164884
79716,9.190497048010016e-05
79717,0.9998657423469635
79722,0.000952746187990989
79725,0.0020368549550457585
79731,4.9802890811725866e-05
79733,0.9473784115901248
79735,0.0030410406056064804
79751,5.807817151692507e-05
79755,4.830402508277897e-05
79756,0.0003489828322499265
79757,0.0003489828322499265
79764,0.9998724399668965
79769,0.000315211304386939
79770,5.681464706624779e-05
79773,0.9999525539780105
79779,7.430402392503915e-05
79780,0.0018088221646381769
79793,0.9998657423469635
79794,0.0003921010651064518
79795,4.990348619498389e-05
79799,0.2225729167574657
79800,0.006786333931879534
79805,0.00014223040098696742
79808,0.00012196613435931723
79810,0.9992684376272701
79815,3.684094510962778e-05
79819,5.296635293588133e-05
79823,0.0003921010651064518
79825,4.36784631498498e-05
79828,5.807817151692507e-05
79835,0.9998657423469635
79840,0.00026013380591040494
79843,0.0013162351325675177
79847,0.00028154641397680453
79850,0.0032346263539202343
79855,0.0001493900410580033
79863,0.0007956311236266933
79867,0.9999169819501809
79871,3.5297851792852416e-05
79876,0.0007939010076001599
79880,9.537201456968648e-05
79884,3.4621028334100934e-05
79889,0.000417693891382247
79897,0.0017010687590371112
79898,0.00020066762545047415
79901,0.00020107479980595945
79907,0.00026013380591040494
79909,0.9999830343283849
79918,0.012811374573766894
79919,0.0003489828322499265
79925,0.9982435345859826
79931,0.0003294076063234156
79934,0.9982248413476741
79936,5.681464706624779e-05
79947,0.00020066762545047415
79952,0.9999065065058388
79954,9.995309139319764e-05
79959,0.00012698982728096342
79965,0.9982397104881294
79970,0.9999812574203041
79974,0.9488613368441116
79978,0.9473785851750359
79979,0.0017010687590371112
79980,0.9473785851750359
79987,6.118571903715033e-05
79996,0.9997638186448435
80000,0.9998400388275899
80002,5.807817151692507e-05
80007,0.000417693891382247
80013,0.9995895663719452
80014,7.423214122859364e-05
80028,0.002348765403620158
80031,0.000952746187990989
80036,0.0001446804843587041
80041,5.921551891752585e-05
80044,0.0004176887514791801
80048,0.0008303847188266249
80067,0.9998287870257786
80075,0.0025414254415800255
80076,4.939437942899333e-05
80078,0.000585878010140859
80079,5.807817151692507e-05
80081,0.9998894427646828
80083,0.0018688248110641556
80086,7.685398210574893e-05
80088,0.0009278858444497353
80091,0.00020107479980595945
80095,5.9460473564217507e-05
80097,0.22294847171758742
80106,0.9998727175338324
80113,0.0003152102071780363
80117,0.0019609987351751927
80119,0.00618595648019875
80120,4.198155606916126e-05
80125,0.22294847171758742
80126,6.118571903715033e-05
80127,0.9473785851750359
80134,0.9999287947672695
80137,0.00014223040098696742
80139,0.002181762929988489
80143,7.850261865968507e-05
80146,0.00196097464149843
80151,5.9460473564217507e-05
80154,0.9999063540576812
80160,3.248316311800037e-05
80162,6.586038453583094e-05
80164,0.00020107479980595945
80165,0.0009683855312854912
80170,0.0013205758147271525
80171,0.999828779648926
80172,7.430402392503915e-05
80173,0.9998657423469635
80175,0.0007956311236266933
80176,0.9998719573881523
80177,9.995309139319764e-05
80179,0.0003489828322499265
80180,0.0011282364153317142
80186,0.0003489828322499265
80188,0.00020066762545047415
80191,5.9460473564217507e-05
80193,0.0003025039257935313
80199,5.3168219727365504e-05
80200,0.00018286361234585898
80204,0.9999586363911022
80207,0.00196097464149843
80209,0.0003489828322499265
80213,0.0009106983817529727
80214,0.0002918733189469976
80215,0.00020066762545047415
80217,4.990348619498389e-05
80218,4.939437942899333e-05
80219,5.328417313837607e-05
80224,9.979994851932418e-05
80225,0.9999410645749532
80227,0.999924047825515
80229,5.930371917706188e-05
80230,0.9999323359877031
80232,6.586038453583094e-05
80233,0.000315211304386939
80245,0.0007956311236266933
80254,0.0009339076959921525
80260,5.960938701671091e-05
80265,0.9998657423469635
80268,0.9999783362129983
80271,5.930371917706188e-05
80276,0.0003496875210024585
80283,3.7427034839261676e-05
80286,5.802320831745888e-05
80287,0.9998727175338324
80290,0.0020588466571659614
80292,0.0010179779370654157
80297,0.0009669031085228232
80298,0.9999832815707336
80302,0.0006489350877357901
80305,0.0009669031085228232
80309,0.0030410406056064804
80318,0.9987495518152459
80324,0.0007956311236266933
80326,0.9999819938281546
80332,0.9998657423469635
80333,4.9765305183604125e-05
80336,0.0001221517520725131
80337,0.0007956311236266933
80346,0.00026013380591040494
80350,0.9992684286277963
80362,0.0017010896648016567
80369,5.270837204143093e-05
80370,4.990348619498389e-05
80376,8.690547957694011e-05
80378,0.0003489828322499265
80379,0.9999525539780105
80381,0.0003496875210024585
80382,0.0001077557518754141
80384,0.0020368549550457585
80386,0.9998657423469635
80388,4.357130717860938e-05
80390,0.0007956311236266933
80398,0.0003921010651064518
80402,0.00028283636599312634
80403,0.9999499568979832
80407,0.0003152102071780363
80414,0.0003025039257935313
80423,0.9999848001105475
80425,0.9999101632180554
80426,0.9998923370842788
80430,0.00018286361234585898
80433,0.0020368299312688016
80439,0.0003300301995967342
80440,5.807817151692507e-05
80443,0.00018286361234585898
80446,9.979994851932418e-05
80454,0.0020368549550457585
80455,0.9473784115901248
80465,0.0031117045531496054
80467,0.0009175806812215426
80468,0.0008303949329747527
80480,5.807817151692507e-05
80482,0.00020066762545047415
80487,0.07131049579431503
80493,5.9460473564217507e-05
80499,0.0008319486348780757
80505,0.9999586363911022
80507,0.0003152102071780363
80508,0.00014223040098696742
80511,0.0007939010076001599
80513,0.9999378386319983
80518,5.270837204143093e-05
80523,3.059352813200732e-05
80525,7.430402392503915e-05
80531,6.118571903715033e-05
80535,0.22294847171758742
80540,0.014078245481704601
80545,5.247215666202429e-05
80559,8.436823096270445e-05
80565,0.0009106983817529727
80566,7.243784440618535e-05
80567,0.00012734492032281163
80572,0.9473784115901248
80574,0.002075760536193004
80578,4.1715279811296715e-05
80579,5.3658013213535084e-05
80580,0.00018286361234585898
80581,0.0017010687590371112
80584,0.0007956311236266933
80587,5.807817151692507e-05
80588,0.006507359443577124
80589,0.0013424073831972347
80594,4.363620673341469e-05
80596,0.9999840697940373
80597,3.9063204635608604e-05
80599,0.00016397883980823154
80601,0.9978657011748204
80609,7.238920682367822e-05
80614,0.9473784115901248
80625,0.0007956311236266933
80631,0.9999568061872536
80633,0.00020107479980595945
80634,0.00020066762545047415
80640,0.9998727175338324
80641,0.019689637547841872
80648,0.0028334201429591906
80652,5.9551719259913306e-05
80654,0.9999526426022866
80663,0.00028283636599312634
80665,5.9551719259913306e-05
80667,0.00020066762545047415
80669,9.454933206012192e-05
80670,0.00020066762545047415
80671,0.9997727594964603
80672,0.0003611341422352126
80674,0.999722379826928
80677,0.9999065105342229
80683,5.930371917706188e-05
80692,0.00020107479980595945
80694,0.9999832815707336
80695,0.9999648477017928
80703,0.23528342926558957
80704,0.0003496875210024585
80710,0.9998727175338324
80713,0.0003294076063234156
80716,8.194600370979624e-05
80724,0.07131049579431503
80725,0.0003294076063234156
80727,0.999924047825515
80731,4.950210296142815e-05
80735,0.9999830343283849
80742,0.0008303949329747527
80743,4.8884553910226695e-05
80746,0.0017090385776086848
80748,0.0007939010076001599
80750,0.0018088221646381769
80755,7.048083194376647e-05
80760,4.1612939899226686e-05
80764,0.9998977723201392
80766,0.010680959099108376
80772,5.9518052967203426e-05
80773,5.625074289453747e-05
80784,5.9735149678797104e-05
80788,0.9998835253501641
80793,0.004253003917995008
80794,0.0011272461986322187
80796,0.0008303949329747527
80798,6.212319199691801e-05
80805,0.0032346263539202343
80812,9.995309139319764e-05
80821,8.613273412182481e-05
80825,9.129362145996405e-05
80826,0.004839945899236867
80827,0.00020066762545047415
80829,0.00011731880383578854
80834,0.0009373216812578322
80840,0.999621553730851
80841,0.00468030719862288
80842,0.0009373216812578322
80844,0.007811917747650524
80847,7.296613865915029e-05
80848,0.0003489828322499265
80850,0.0003152102071780363
80852,0.9997975774147873
80854,5.379592212530207e-05
80858,5.034225882589384e-05
80860,0.00014223040098696742
80861,0.00029105310622022835
80862,0.00020066762545047415
80863,3.2986643860003994e-05
80865,4.704675676985309e-05
80875,0.002369870185919107
80878,0.9998835203314828
80879,0.007626924434646636
80885,0.0019609987351751927
80889,7.048169955266968e-05
80892,0.23528342926558957
80901,0.0008303847188266249
80917,0.0007956311236266933
80918,0.0014297089223900316
80922,5.328417313837607e-05
80925,5.169951288770619e-05
80926,0.00018286361234585898
80930,3.7390826096239374e-05
80931,0.007181853776498755
80936,0.00020066762545047415
80940,5.807817151692507e-05
80942,0.0003294076063234156
80944,0.9998894427646828
80948,0.00022067729558604302
80953,0.9992684376272701
80969,0.9999323359877031
80970,0.0002597353063143384
80971,0.00037007323637957564
80972,0.0019609987351751927
80975,0.9999378386319983
80976,0.9992684286277963
80984,0.9473785851750359
80989,0.00012470484299638508
80999,0.0009669031085228232
81002,0.23528342926558957
81006,0.0032346263539202343
81014,7.423214122859364e-05
81016,0.0031117045531496054
81020,4.6146621533253116e-05
81022,0.0035882903502960934
81023,0.0007956311236266933
81027,3.5299440766062444e-05
81032,0.9999769794570079
81033,0.0002463506730823969
81036,0.00018286361234585898
81039,0.00018286361234585898
81041,0.9997761512472555
81044,0.9998724399668965
81046,0.22294847171758742
81052,6.757968991654644e-05
81059,7.243784440618535e-05
81060,0.9999110578446009
81061,6.11553776210631e-05
81063,0.0009373216812578322
81070,0.000952746187990989
81071,5.811224857081732e-05
81077,0.004367320389457687
81083,0.9992684376272701
81085,0.9999855490687554
81091,0.0003921010651064518
81095,0.00018286361234585898
81096,5.255267892605444e-05
81100,0.00012196613435931723
81101,0.23528342926558957
81102,0.0020368549550457585
81103,3.012657282093908e-05
81107,7.048083194376647e-05
81108,3.248316311800037e-05
81115,5.3198627190438685e-05
81125,0.0009373216812578322
81126,3.526370285294696e-05
81132,0.9999568776445106
81134,0.9999058160516413
81140,0.00020107479980595945
81141,0.998277424728237
81144,4.5589961691584216e-05
81149,0.002369870185919107
81155,0.007626924434646636
81162,7.850261865968507e-05
81168,0.9999632362781291
81169,0.22294847171758742
81173,7.243784440618535e-05
81174,0.9999510331817772
81175,0.9999064394939688
81186,4.198155606916126e-05
81187,0.0003921010651064518
81189,5.328417313837607e-05
81198,4.6146621533253116e-05
81204,6.118571903715033e-05
81212,7.002598020221513e-05
81213,0.00018286361234585898
81217,4.479971344691348e-05
81221,4.363620673341469e-05
81225,0.9999811623733025
81227,5.374035516115738e-05
81229,0.0035882903502960934
81230,0.00012196613435931723
81232,0.9994985241732534
81233,0.9998933232361251
81236,0.00020066762545047415
81244,0.0009792553448332516
81248,0.9600681641490367
81254,0.0007197695610940449
81257,0.0009373216812578322
81261,0.00018286361234585898
81262,0.0007956311236266933
81266,0.999906630939681
81267,0.0009411993536449818
81268,5.172642837821202e-05
81269,0.000630934997070971
81275,0.00011807935500747968
81281,0.004246514712537119
81286,0.0003025039257935313
81289,0.0009373216812578322
81292,4.36784631498498e-05
81296,0.00020107479980595945
81305,0.0007335388084518602
81309,0.9999525539780105
81314,0.0001077557518754141
81317,0.0003152102071780363
81319,4.353890745567721e-05
81320,4.984167379817237e-05
81324,0.9994985241732534
81325,0.0006268654924940422
81326,0.0004176887514791801
81330,0.0009669031085228232
81336,0.00018286361234585898
81347,0.0001077557518754141
81348,0.00028283636599312634
81350,0.0029306866007651525
81352,4.939437942899333e-05
81353,0.000952746187990989
81357,0.0009669031085228232
81358,6.757968991654644e-05
81361,4.36784631498498e-05
81365,0.005111430321253707
81383,6.669610210327244e-05
81385,0.00018286361234585898
81393,0.0004409739513783168
81394,0.00020066762545047415
81402,0.00020066762545047415
81408,5.211854000935717e-05
81409,7.599474821296991e-05
81410,0.0003489828322499265
81411,5.2976653991585695e-05
81416,0.02202111633725729
81423,5.9518052967203426e-05
81430,0.00020066762545047415
81432,0.9998727175338324
81433,4.990348619498389e-05
81435,0.9998979118311989
81441,6.414134335184196e-05
81445,5.3198627190438685e-05
81451,0.00020107479980595945
81452,0.0014296913470183256
81461,0.9998727175338324
81465,0.9998657423469635
81467,0.9473784115901248
81473,0.0017090175743221699
81474,9.129362145996405e-05
81479,0.22294847171758742
81481,0.9997975774147873
81496,0.9999836293320881
81501,0.9999499568979832
81508,0.000315211304386939
81523,0.9999830343283849
81526,0.2225729167574657
81547,0.23528342926558957
81554,5.270837204143093e-05
81555,0.23528342926558957
81564,6.586038453583094e-05
81567,0.9998724399668965
81571,0.002755013582434655
81575,0.00020107479980595945
81576,6.586038453583094e-05
81579,0.9998623461850793
81581,0.0005028658649900774
81588,3.742871965649661e-05
81591,0.00015753339843251656
81602,0.000131889150515846
81612,0.9969384520377815
81617,3.064047711007963e-05
81622,0.9998724399668965
81624,0.002369870185919107
81625,0.0007197607066964709
81626,0.0006304452674788647
81628,3.248316311800037e-05
81637,5.255031335435125e-05
81638,0.0007939010076001599
81640,3.7236995959936146e-05
81649,0.00020066762545047415
81650,0.9488613368441116
81656,0.00012196613435931723
81658,0.00901211573207907
81666,0.9998657423469635
81667,4.479971344691348e-05
81671,0.9998727175338324
81672,0.0007939010076001599
81676,0.00020066762545047415
81684,0.0020368549550457585
81690,0.0001716947641372574
81692,0.0018688248110641556
81693,0.000315211304386939
81694,0.002759229903327865
81698,0.00018286361234585898
81699,0.000315211304386939
81701,0.002061999755018048
81713,0.9998657423469635
81714,0.002369870185919107
81721,0.006531051163236193
81725,0.00011807935500747968
81726,5.9377035887828385e-05
81727,0.23528342926558957
81729,0.07626933620976893
81731,0.00032936511113992276
81732,0.00468024985102596
81746,0.00018286361234585898
81755,6.11553776210631e-05
81760,0.0003025039257935313
81762,3.059352813200732e-05
81765,0.0003496875210024585
81769,0.0003294076063234156
81770,0.003073669723003646
81788,5.270837204143093e-05
81789,0.9994985241732534
81792,0.9992684286277963
81797,4.363620673341469e-05
81799,0.01121449986618125
81807,3.7427034839261676e-05
81809,0.000952746187990989
81812,0.0002923211119583854
81817,0.00029105310622022835
81819,0.00012215328705734969
81820,0.9994729288067751
81822,0.0014297089223900316
81823,0.9998727175338324
81831,0.07131049579431503
81835,4.954318439933166e-05
81838,5.960938701671091e-05
81840,5.2976653991585695e-05
81846,5.9460473564217507e-05
81852,6.575594970846687e-05
81853,0.9999473133555481
81856,0.0003921010651064518
81861,0.23528342926558957
81864,0.0060710709303153105
81866,0.9981585298979115
81871,0.00014223040098696742
81875,0.0003496875210024585
81877,5.154270144686488e-05
81881,0.0007956311236266933
81883,3.4040364225785375e-05
81884,3.9044973910347185e-05
81889,4.36784631498498e-05
81890,0.00020107479980595945
81893,0.9999812976361887
81895,0.010243079121700452
81897,0.0008303847188266249
81898,0.0004176887514791801
81900,0.0006742516562393172
81902,0.000816994164089274
81903,0.0003921010651064518
81904,0.000952746187990989
81908,5.154270144686488e-05
81910,0.9999525539780105
81918,0.9998724399668965
81919,0.0003496875210024585
81929,0.9998727175338324
81934,0.22294847171758742
81936,0.22294847171758742
81946,7.048083194376647e-05
81947,0.9998835253501641
81949,0.0019609987351751927
81950,0.00018286361234585898
81952,0.002075760536193004
81957,6.77535374266018e-05
81962,0.22294847171758742
81967,0.009012005787607585
81969,0.9998657423469635
81971,0.0007956311236266933
81976,3.737136975879578e-05
81977,0.0012439201977550009
81981,0.0003921010651064518
81984,0.00020107479980595945
81989,0.9992684286277963
81994,0.00028283636599312634
81997,7.440784424913927e-05
81998,0.9965089311347356
81999,9.979994851932418e-05
82001,0.00018286361234585898
82002,0.9473784115901248
82004,5.2369101106493064e-05
82005,7.430402392503915e-05
82010,6.414134335184196e-05
82018,5.807817151692507e-05
82019,0.9999525539780105
82021,0.9978056248750833
82026,6.297770451899694e-05
82027,5.270837204143093e-05
82031,0.0003921010651064518
82033,0.0009792553448332516
82040,0.99873581706373
82041,0.23528342926558957
82045,0.0018688248110641556
82050,0.9990066895409897
82065,0.002075760536193004
82067,5.255267892605444e-05
82070,0.0003921010651064518
82078,0.9999648492164995
82079,0.9998594636941474
82082,0.00020066762545047415
82088,0.0017090175743221699
82096,0.00012324090765188282
82105,0.9999819938281546
82107,0.005692930603180441
82109,0.9999586363911022
82115,0.9999063500225552
82120,0.9994824617662835
82126,0.9998977723201392
82133,0.0003294076063234156
82134,0.9998746234326046
82140,5.681464706624779e-05
82147,0.9999550062893311
82148,0.000315211304386939
82151,5.6128334197581794e-05
82154,0.00012215328705734969
82156,0.004253003917995008
82160,0.000952746187990989
82162,0.9999287947672695
82167,0.0003152102071780363
82168,0.0007939010076001599
82171,5.328417313837607e-05
82173,0.9999848001105475
82175,0.0025355485088868496
82183,0.0007956311236266933
82189,0.0028388306532996224
82191,0.0002597353063143384
82192,3.012657282093908e-05
82193,0.0007956311236266933
82198,0.9998933186395719
82202,0.000952746187990989
82207,0.9992684376272701
82212,0.0007939010076001599
82216,0.3162101035786853
82217,0.0003496875210024585
82227,4.9802890811725866e-05
82229,0.9999830343283849
82230,0.0005660000826093352
82231,0.00032936511113992276
82239,4.704675676985309e-05
82241,0.0002463506730823969
82243,4.950210296142815e-05
82245,4.16532371067625e-05
82252,0.23528342926558957
82254,0.9999287947672695
82257,5.850535837052803e-05
82258,5.9551719259913306e-05
82262,0.9999169819501809
82268,0.0003921010651064518
82271,0.004309779002986541
82275,0.00018286361234585898
82276,0.9998657423469635
82302,0.9473784115901248
82308,0.23528342926558957
82309,4.596566331885813e-05
82310,0.0003025039257935313
82311,5.328417313837607e-05
82322,0.9998724399668965
82324,0.9995895663719452
82329,0.9999104849502187
82330,0.00014223040098696742
82331,5.921551891752585e-05
82336,0.9998657423469635
82339,0.00016397883980823154
82344,0.22294847171758742
82347,7.599474821296991e-05
82348,0.9998657423469635
82351,0.00019763818345950405
82353,0.00018286361234585898
82356,4.9765305183604125e-05
82357,0.0018688248110641556
82371,0.999621553730851
82372,0.000952746187990989
82374,5.320102194467529e-05
82376,0.9999836293320881
82377,0.003087649530949634
82378,0.0008303949329747527
82380,8.86482851627741e-05
82383,0.00018286361234585898
82384,0.0008303847188266249
82385,0.001275979893869128
82392,0.00196097464149843
82398,0.9998657423469635
82400,6.118571903715033e-05
82405,0.0003921010651064518
82419,5.328417313837607e-05
82420,3.059352813200732e-05
82425,3.5297851792852416e-05
82430,0.9983838773723919
82432,0.9999104849502187
82434,0.9999640003330978
82436,0.0007956311236266933
82439,0.9999805267144197
82441,0.010243203929753652
82442,0.0008353762052111808
82443,0.22294847171758742
82449,0.999951564094725
82455,5.930371917706188e-05
82456,0.00030057542499233156
82457,3.7294139656037825e-05
82461,0.0003496875210024585
82462,0.0035092793368379604
82466,0.9999844124185779
82467,5.255031335435125e-05
82468,3.4567980353356386e-05
82478,4.990348619498389e-05
82484,6.932071993706728e-05
82493,5.28613697475509e-05
82495,0.00019733540215887804
82496,0.2225729167574657
82502,0.0003921010651064518
82505,0.0003496875210024585
82510,0.998799240631583
82513,5.311950632929762e-05
82517,0.0007939010076001599
82522,0.0003489828322499265
82527,0.00012734492032281163
82532,8.965482028065936e-05
82537,4.8884553910226695e-05
82539,0.0017010896648016567
82540,4.4800264939105734e-05
82543,0.00196097464149843
82546,0.0003921010651064518
82549,0.0007956311236266933
82550,0.22294847171758742
82553,0.015374437238133278
82555,0.0003025039257935313
82557,0.004253003917995008
82562,0.00028283636599312634
82567,4.984167379817237e-05
82581,9.306767170270811e-05
82587,0.000952746187990989
82591,6.586038453583094e-05
82594,8.436823096270445e-05
82597,7.685398210574893e-05
82599,0.00012196613435931723
82600,5.374035516115738e-05
82604,0.0001221517520725131
82609,4.947755505274092e-05
82610,8.74710387549412e-05
82613,0.0014334966958850566
82616,0.9998727175338324
82622,4.984167379817237e-05
82624,0.0003152102071780363
82627,0.0012712279988481728
82634,0.002222625642549714
82636,3.2986643860003994e-05
82641,0.999805790148788
82643,0.00028283636599312634
82652,0.0006304452674788647
82655,0.010243203929753652
82663,0.0007939010076001599
82665,0.0017090385776086848
82667,0.9998835203314828
82675,0.0024428864496677484
82704,0.00196097464149843
82706,0.9990670343407183
82708,0.0003921010651064518
82709,0.000952746187990989
82710,0.000417693891382247
82717,0.0003489828322499265
82718,3.733521486688266e-05
82726,0.9998993158354592
82733,8.645801978867636e-05
82734,0.00022067729558604302
82745,0.0007939010076001599
82747,0.0007335297847933146
82750,7.243784440618535e-05
82753,0.9998657423469635
82757,0.9997623469017161
82767,0.9978689645923923
82770,0.9999131266955412
82772,8.825040237274523e-05
82775,0.000315211304386939
82781,0.00022855875309000183
82786,0.0003489828322499265
82791,4.954318439933166e-05
82794,7.207574300815216e-05
82795,0.23528342926558957
82796,0.00014223040098696742
82799,0.0009373216812578322
82800,0.23528342926558957
82801,0.0003489828322499265
82802,0.9999844124185779
82804,0.9998727175338324
82805,0.9998594576388387
82810,0.9999151191957167
82814,0.22294847171758742
82816,0.9473785851750359
82823,6.314552040496485e-05
82824,0.9999741331766765
82828,0.9998727175338324
82829,0.002369870185919107
82832,0.0019609987351751927
82835,0.0020368299312688016
82836,0.0007939010076001599
82838,7.423214122859364e-05
82841,0.9993344028907214
82843,4.4006960175957865e-05
82846,0.9998400388275899
82848,0.0022082087154549107
82852,0.000952746187990989
82855,0.0009792553448332516
82861,4.9802890811725866e-05
82866,0.9999063540576812
82867,0.0003921010651064518
82871,0.0013162351325675177
82875,6.584865233641874e-05
82876,0.9998923370842788
82878,9.995309139319764e-05
82888,5.4729081153788385e-05
82891,0.9998657423469635
82892,0.00018286361234585898
82895,0.9996223163522101
82900,0.9999064394939688
82905,5.177884953619539e-05
82907,0.9999844124185779
82909,6.118571903715033e-05
82910,0.9999106770087686
82913,0.9473785851750359
82917,0.9998727175338324
82921,3.056393025534321e-05
82924,0.00018286361234585898
82927,4.990348619498389e-05
82934,6.932071993706728e-05
82945,0.0020368549550457585
82948,0.00016716715660778432
82949,0.9998724399668965
82956,7.919937564024841e-05
82967,0.23528342926558957
82972,0.0003152102071780363
82977,0.002669751611559437
82978,6.212319199691801e-05
82980,0.9999058160516413
82981,6.932071993706728e-05
82983,0.00012196613435931723
82988,0.0007956311236266933
82989,5.807817151692507e-05
82990,0.00018286361234585898
82993,0.9960543192475193
82995,3.248316311800037e-05
82996,5.3198627190438685e-05
82998,0.99873581706373
83009,0.0019609987351751927
83010,0.0007939010076001599
83013,0.9999064394939688
83015,0.9992684286277963
83016,6.952707990364242e-05
83020,0.0003489828322499265
83021,0.00014223040098696742
83029,0.9998657423469635
83043,0.0024428864496677484
83048,0.9998727175338324
83050,0.9984008985709164
83052,0.000417693891382247
83055,0.9998657423469635
83056,0.00018286361234585898
83057,0.22294847171758742
83060,4.9765305183604125e-05
83061,0.22294847171758742
83066,8.412269025630678e-05
83077,0.01968880579983274
83081,6.066433536950979e-05
83083,0.2225729167574657
83094,0.0005255843234949455
83097,0.9992684286277963
83098,0.0029306866007651525
83103,6.440614235541515e-05
83104,0.00014223040098696742
83114,8.746996203058479e-05
83117,0.01968880579983274
83122,0.00044997041368243873
83127,0.0008303847188266249
83135,0.000952746187990989
83138,0.2225729167574657
83142,0.0009792553448332516
83144,4.451113670477447e-05
83149,4.558790952076361e-05
83165,0.999947558551752
83167,0.0025414254415800255
83171,0.9998724399668965
83174,0.9998657423469635
83178,0.005109548757822856
83184,4.990348619498389e-05
83191,0.0003152102071780363
83198,0.9999063540576812
83203,0.23528342926558957
83204,0.9999525539780105
83205,0.9999151191957167
83213,0.00025693871330990025
83218,4.586563522306168e-05
83223,0.999951564094725
83230,4.990348619498389e-05
83239,0.003300036377652398
83240,0.00033537437962563143
83243,0.0023506052563985243
83244,0.9999568776445106
83249,5.177651879533547e-05
83252,0.00028283636599312634
83265,0.9999063500225552
83266,0.0035882903502960934
83270,5.1619473797477944e-05
83272,0.0016232016907456724
83276,5.807817151692507e-05
83279,0.22294847171758742
83286,0.010186881841166819
83289,9.12947452479209e-05
83291,0.022562796724959904
83294,0.9998657423469635
83301,0.9999855490687554
83303,0.0003921010651064518
83304,0.00018286361234585898
83306,5.9518052967203426e-05
83309,0.00014223040098696742
83311,0.9998657423469635
83317,0.0017090175743221699
83333,5.807817151692507e-05
83337,0.0003152102071780363
83352,0.23528342926558957
83356,0.00037007323637957564
83358,0.9992684376272701
83366,0.9993289115899769
83370,3.737136975879578e-05
83373,8.645801978867636e-05
83375,0.000895901715820509
83376,5.807817151692507e-05
83379,0.9999119730214132
83385,0.0003025039257935313
83399,0.0023506052563985243
83400,0.0003152102071780363
83403,0.0007939010076001599
83411,0.0008303847188266249
83423,0.012811374573766894
83425,0.004253003917995008
83430,7.048169955266968e-05
83432,0.2225729167574657
83445,0.00020066762545047415
83452,4.596566331885813e-05
83453,0.0018088221646381769
83462,0.0028333853607670828
83465,0.9999473133555481
83467,3.5297851792852416e-05
83469,0.00013889235802775062
83471,0.9999064394939688
83474,0.9999586363911022
83475,6.629840522857202e-05
83479,4.939437942899333e-05
83484,0.22294847171758742
83499,0.0035882903502960934
83500,0.00022067729558604302
83507,0.0003489828322499265
83518,0.00018286361234585898
83523,0.010243203929753652
83525,0.23528342926558957
83531,4.558790952076361e-05
83536,0.00012196613435931723
83538,6.20843930916153e-05
83551,0.9473785851750359
83562,0.0003300301995967342
83563,0.0003496875210024585
83564,0.0009683855312854912
83565,0.9999064394939688
83570,0.002755013582434655
83579,0.0009792553448332516
83580,0.9999832815707336
83581,0.0003496875210024585
83586,0.9999151191957167
83589,0.0008303847188266249
83592,0.00012196613435931723
83596,0.005109548757822856
83597,0.9999379658320403
83602,0.9998835253501641
83608,0.9997358582127559
83609,0.00014223040098696742
83610,4.984167379817237e-05
83612,0.014078245481704601
83615,0.2225729167574657
83617,8.194600370979624e-05
83620,8.74710387549412e-05
83624,0.0003496875210024585
83629,0.9998400457194301
83631,4.9765305183604125e-05
83633,0.00020066762545047415
83634,0.00015586490166880965
83636,0.000952746187990989
83648,0.0009669031085228232
83650,5.807817151692507e-05
83651,0.2225729167574657
83655,9.274704111836148e-05
83657,0.9983613011156656
83666,3.5297851792852416e-05
83667,3.5299440766062444e-05
83669,0.9998657423469635
83673,4.9802890811725866e-05
83675,4.363620673341469e-05
83694,0.000952746187990989
83701,0.0009106983817529727
83704,0.00029105310622022835
83708,8.412372578039572e-05
83715,4.9802890811725866e-05
83719,4.552010735628039e-05
83723,0.000952746187990989
83724,0.22294847171758742
83728,0.0009373216812578322
83735,0.000630934997070971
83737,0.9998657423469635
83740,0.9999192732797669
83746,0.002312336623816038
83751,5.2976653991585695e-05
83761,0.00020107479980595945
83762,0.9998400388275899
83768,0.0001077557518754141
83771,5.28613697475509e-05
83777,5.328417313837607e-05
83783,0.0020368299312688016
83794,5.781582565856047e-05
83796,0.9998657423469635
83799,0.9998727175338324
83805,0.0004176887514791801
83808,5.3168219727365504e-05
83814,0.00015753339843251656
83820,5.250400866928995e-05
83827,0.0031117045531496054
83828,9.454816821378478e-05
83831,0.0003300301995967342
83833,0.9985762500190177
83834,0.0007939010076001599
83837,0.0028333853607670828
83838,0.0020368299312688016
83839,0.0018688248110641556
83840,0.002767441262719967
83848,0.004996734873498723
83849,0.9999323359877031
83850,0.000156206937514713
83855,3.5299440766062444e-05
83857,0.9473785851750359
83858,0.9999287947672695
83871,5.177651879533547e-05
83883,0.000585878010140859
83885,0.07131131107508937
83890,7.002684221235095e-05
83899,0.0031117045531496054
83906,0.006507359443577124
83908,0.00020107479980595945
83909,5.807817151692507e-05
83910,0.0007335297847933146
83911,0.00020066762545047415
83915,4.552010735628039e-05
83918,0.00017067732955305904
83927,0.0019609987351751927
83929,0.00016398085817541613
83936,0.9999303261561714
83946,0.9998727175338324
83954,0.0003489828322499265
83955,0.9999848001105475
83958,0.000315211304386939
83961,4.558790952076361e-05
83963,6.586038453583094e-05
83965,7.430402392503915e-05
83967,0.9999104849502187
83972,0.0002159167766605161
83973,5.320102194467529e-05
83975,0.00020107479980595945
83982,0.0009669031085228232
83983,0.000952746187990989
83984,0.00037007323637957564
83992,4.361350075037471e-05
83995,5.811224857081732e-05
83998,0.00020066762545047415
84002,0.9999818225377379
84012,0.0029351709834033748
84014,0.0007939010076001599
84017,5.9518052967203426e-05
84023,0.9992684376272701
84026,0.999884857577143
84027,0.000952746187990989
84028,0.9992684286277963
84029,0.0007231273519612269
84037,0.00020066762545047415
84041,0.23528342926558957
84046,4.4800264939105734e-05
84049,0.9997293348477233
84052,0.00018286361234585898
84058,0.9998923370842788
84060,0.9473785851750359
84068,0.00014223040098696742
84071,0.9998657423469635
84079,0.00020107479980595945
84081,0.0020368299312688016
84083,0.0004176887514791801
84084,0.0009683855312854912
84090,0.0007956311236266933
84095,0.00018286361234585898
84100,0.0008303949329747527
84105,5.802320831745888e-05
84108,0.9999106770087686
84114,0.0003152102071780363
84115,0.0003025039257935313
84118,0.003056399004164884
84120,5.625074289453747e-05
84130,3.9063204635608604e-05
84131,5.681464706624779e-05
84135,0.9998727175338324
84146,0.9998657423469635
84148,4.8884553910226695e-05
84153,4.198155606916126e-05
84154,0.002755013582434655
84155,0.0026206358642014023
84162,0.0005659931187681221
84165,0.004246514712537119
84168,6.118571903715033e-05
84169,0.23528342926558957
84172,4.596566331885813e-05
84178,0.002178427096575681
84182,0.9982154056237431
84184,0.00015586490166880965
84186,0.9999783362129983
84191,0.00032936511113992276
84200,0.0011272461986322187
84201,4.198155606916126e-05
84202,0.01121449986618125
84212,6.440614235541515e-05
84215,0.000417693891382247
84216,6.22229710785444e-05
84223,0.00012196613435931723
84225,0.9998727175338324
84232,0.9999570522880501
84233,0.9999819938281546
84234,0.0009683855312854912
84249,0.000816994164089274
84251,0.004246514712537119
84253,0.00037007323637957564
84265,5.9460473564217507e-05
84268,0.00011808080847816313
84275,0.0017010687590371112
84280,0.0007956311236266933
84290,0.9998727175338324
84291,0.0007939010076001599
84293,0.00029105310622022835
84303,0.0001815510930515491
84308,0.0017090385776086848
84309,0.00020107479980595945
84315,0.000315211304386939
84316,0.998799240631583
84330,0.004246514712537119
84331,3.2986643860003994e-05
84334,0.0007369607867453374
84343,0.00016398085817541613
84347,0.0008303949329747527
84349,0.0005255843234949455
84350,0.0009373216812578322
84354,0.0009373216812578322
84355,3.303726520385771e-05
84360,0.0002918733189469976
84370,0.0001671650990284317
84374,0.999607278477892
84378,0.22294847171758742
84380,0.9998959921432417
84384,0.9473784115901248
84386,0.0003152102071780363
84392,3.684094510962778e-05
84397,0.0003152102071780363
84402,0.9999836411479883
84416,0.00196097464149843
84423,3.5297851792852416e-05
84424,0.0001716947641372574
84425,6.584865233641874e-05
84429,0.006332041615130465
84430,0.9998657423469635
84432,0.9998933186395719
84434,3.064047711007963e-05
84435,3.012657282093908e-05
84438,0.004253003917995008
84442,0.0020368549550457585
84452,0.22294847171758742
84453,0.002222625642549714
84463,0.0019609987351751927
84467,0.0008303847188266249
84468,0.0020368299312688016
84470,3.7427034839261676e-05
84477,4.479971344691348e-05
84478,0.9998724399668965
84484,0.01968880579983274
84486,0.9999536480665743
84487,7.59938127452237e-05
84495,0.0007956311236266933
84496,0.22294847171758742
84499,0.9998727175338324
84509,3.2986643860003994e-05
84510,0.000952746187990989
84521,0.23528342926558957
84525,0.0028334201429591906
84528,0.00012196613435931723
84535,0.0001077557518754141
84537,0.07626933620976893
84542,3.303726520385771e-05
84544,0.00044997041368243873
84552,0.9998437096806833
84554,5.811224857081732e-05
84555,0.9995895663719452
84556,0.0001077557518754141
84559,7.139906422789197e-05
84562,0.003056399004164884
84570,0.9985910302688941
84571,5.3620459245113866e-05
84572,5.2501837663869845e-05
84581,0.00012196613435931723
84582,0.9999811623733025
84583,0.00012734492032281163
84605,0.9999410645749532
84608,0.00018286361234585898
84620,7.430402392503915e-05
84621,5.3658013213535084e-05
84624,0.000952746187990989
84628,0.0030410406056064804
84629,0.9993344028907214
84632,4.77798913342049e-05
84635,0.0009683855312854912
84638,5.177884953619539e-05
84639,4.363620673341469e-05
84644,4.830461971156742e-05
84647,0.0005255843234949455
84650,0.0007939010076001599
84652,6.237599467730028e-05
84654,4.552010735628039e-05
84665,0.998799240631583
84667,0.9784406484116978
84668,0.9994985241732534
84670,7.243784440618535e-05
84672,7.423214122859364e-05
84674,4.36784631498498e-05
84681,0.00020107479980595945
84682,6.118571903715033e-05
84685,0.0009106983817529727
84688,0.9997733950535433
84693,0.002755013582434655
84710,6.762613654396326e-05
84711,0.9987495518152459
84713,7.423214122859364e-05
84714,5.495763592576847e-05
84717,5.807817151692507e-05
84718,0.9998746180304037
84730,5.270837204143093e-05
84731,0.00014223040098696742
84734,4.959116072929575e-05
84736,5.3658013213535084e-05
84739,7.430402392503915e-05
84742,0.9998933232361251
84743,4.947755505274092e-05
84744,0.23528342926558957
84749,0.9960543192475193
84751,0.0009373216812578322
84755,0.23528342926558957
84767,0.00014223040098696742
84772,0.2225729167574657
84774,9.527975236225929e-05
84778,0.9473784115901248
84781,0.00016397883980823154
84782,0.9999151191957167
84785,0.9998727175338324
84792,0.002075760536193004
84793,0.00011192678021751157
84803,4.9802890811725866e-05
84809,4.479971344691348e-05
84810,3.059352813200732e-05
84812,0.9998951291087158
84813,0.9998951291087158
84815,0.9997835287968561
84825,4.9802890811725866e-05
84828,5.255031335435125e-05
84830,0.00032936511113992276
84833,0.00012215328705734969
84834,0.001804892823843484
84835,8.825040237274523e-05
84839,4.8884553910226695e-05
84840,0.00020066762545047415
84843,0.23528342926558957
84845,0.003514645930902478
84846,0.9999568080484527
84850,5.139704163708114e-05
84851,7.440784424913927e-05
84854,0.0007197695610940449
84857,0.999797961506485
84858,0.9995871438420891
84859,0.0005660000826093352
84861,4.361350075037471e-05
84862,9.995309139319764e-05
84864,4.4800264939105734e-05
84876,0.0002597353063143384
84877,0.9999192732797669
84880,0.00034602988260242916
84882,0.00018286361234585898
84883,0.9998657423469635
84885,0.0003921010651064518
84898,7.039204077722671e-05
84903,0.002075760536193004
84911,0.003056399004164884
84912,0.00018286361234585898
84913,0.0002918733189469976
84916,0.9999525539780105
84918,0.007811632353563862
84933,0.9999006577290362
84937,0.00011807935500747968
84941,0.999946629036552
84945,0.0007231273519612269
84946,9.979994851932418e-05
84947,0.0008303949329747527
84948,0.00028283636599312634
84951,0.9998657423469635
84953,5.320102194467529e-05
84955,4.990348619498389e-05
84957,5.247215666202429e-05
84958,0.0008303949329747527
84987,0.001015896848436102
84991,0.0003294076063234156
84996,0.9999210094281771
85006,0.00020066762545047415
85013,0.0009351305293869733
85019,3.064047711007963e-05
85020,0.9999378386319983
85022,5.807817151692507e-05
85024,0.0031117045531496054
85025,0.9998724399668965
85028,3.064047711007963e-05
85030,0.0008303847188266249
85033,0.0065203631154570115
85034,7.430402392503915e-05
85038,6.584865233641874e-05
85039,0.000630934997070971
85040,3.248316311800037e-05
85042,0.9473785851750359
85043,0.00015586490166880965
85044,6.617728193095167e-05
85047,9.214737217534059e-05
85048,0.9999323359877031
85051,0.9998977710617711
85052,7.59938127452237e-05
85053,0.00014223040098696742
85055,4.788409402005109e-05
85056,0.2225729167574657
85070,0.9999525539780105
85072,0.00020066762545047415
85074,0.0009373216812578322
85077,0.00018286361234585898
85081,8.825040237274523e-05
85084,0.0003025039257935313
85096,0.9473785851750359
85099,0.999906630939681
85104,0.9999794112261701
85120,3.678615168602482e-05
85124,0.000417693891382247
85129,0.0019609987351751927
85133,0.0009812177056681343
85142,0.2225729167574657
85143,0.2225729167574657
85144,0.9970088024775343
85145,0.005723389742325767
85148,5.9460473564217507e-05
85149,0.9999819551092717
85150,0.00020066762545047415
85156,0.000315211304386939
85159,0.00961084601137933
85168,0.0003496875210024585
85176,0.0007956311236266933
85177,0.0004176887514791801
85183,3.684094510962778e-05
85193,0.9999570522880501
85197,0.002525498960716512
85211,0.00196097464149843
85214,5.2421393295752985e-05
85215,3.2986643860003994e-05
85216,0.9998657423469635
85219,0.9999747977533606
85220,5.3151096980598485e-05
85224,0.00012196613435931723
85225,4.950210296142815e-05
85227,0.01121449986618125
85228,0.005111430321253707
85229,0.9997210579076827
85232,0.9998842207714089
85236,0.0014296913470183256
85241,0.0002597353063143384
85242,0.004098352335203868
85243,3.2986643860003994e-05
85248,0.23528342926558957
85250,0.014078245481704601
85254,0.0007939010076001599
85256,0.004246514712537119
85266,0.00014223040098696742
85273,0.9998724399668965
85274,0.9999104849502187
85280,0.9998727175338324
85283,0.0027399813435090904
85290,0.0003496875210024585
85291,0.00028283636599312634
85299,0.00044997041368243873
85300,0.0014296913470183256
85314,0.9999064394939688
85316,0.00020107479980595945
85318,4.586563522306168e-05
85320,0.0029351709834033748
85324,0.23528342926558957
85332,7.430402392503915e-05
85336,8.645801978867636e-05
85341,0.007795136269552964
85343,6.118571903715033e-05
85344,0.0011272461986322187
85347,0.9999819551092717
85351,0.0003921010651064518
85356,5.930371917706188e-05
85358,0.00020066762545047415
85362,0.0007956311236266933
85375,0.003087649530949634
85381,0.0002597353063143384
85383,0.9998724399668965
85388,0.9999648477017928
85389,7.584809324692268e-05
85390,4.950210296142815e-05
85391,9.995309139319764e-05
85392,0.9999169819501809
85397,3.2986643860003994e-05
85402,0.9473785851750359
85403,0.00020066762545047415
85404,7.423214122859364e-05
85405,7.654828582184629e-05
85410,0.999951564094725
85412,0.000952746187990989
85415,0.00012734492032281163
85417,0.002061999755018048
85421,0.0026206358642014023
85434,0.9473784115901248
85435,0.0007956311236266933
85439,0.999837929905693
85440,0.00014842602019174902
85444,0.0029306866007651525
85447,8.846959497358408e-05
85450,0.00020066762545047415
85456,6.228322541902321e-05
85462,4.9802890811725866e-05
85465,0.003803963295131248
85467,0.9999378386319983
85472,0.0032405075980284663
85473,0.9999410645749532
85479,0.000315211304386939
85481,0.0009669031085228232
85482,0.0026371346473041085
85484,7.048083194376647e-05
85488,0.0007956311236266933
85497,0.0035882903502960934
85507,0.00018286361234585898
85510,0.000816994164089274
85514,0.9998657423469635
85517,6.586038453583094e-05
85523,6.456014446647567e-05
85525,0.006015148923402386
85533,7.430402392503915e-05
85541,0.0020588466571659614
85542,0.9992684376272701
85544,0.003087649530949634
85549,9.995309139319764e-05
85551,0.23528342926558957
85553,0.002178427096575681
85556,0.0007956311236266933
85560,0.9999812574203041
85561,0.9999586363911022
85564,0.00020066762545047415
85565,8.846959497358408e-05
85566,0.0007956311236266933
85571,0.9999550062893311
85575,0.0006304452674788647
85586,7.423214122859364e-05
85609,0.999924047825515
85616,0.9473784115901248
85617,5.270837204143093e-05
85618,0.0008456899491242941
85619,0.9992684376272701
85622,0.0035882903502960934
85630,3.5299440766062444e-05
85635,0.0007939010076001599
85639,0.9992684376272701
85643,0.000952746187990989
85646,4.363817105083811e-05
85648,0.22294847171758742
85649,0.0009683855312854912
85650,4.558790952076361e-05
85657,0.9999568776445106
85658,0.0032346263539202343
85659,0.00028283636599312634
85664,0.9999064394939688
85671,0.23528342926558957
85672,5.85900884891341e-05
85673,0.00012215328705734969
85680,0.9994824394754449
85682,0.9999568776445106
85705,3.064047711007963e-05
85706,5.241528681921449e-05
85707,0.9992684376272701
85716,0.9999287947672695
85717,0.0009792553448332516
85723,0.0006309272348006008
85726,0.005723389742325767
85727,0.0003489828322499265
85728,7.243784440618535e-05
85736,0.0009792553448332516
85738,0.9981473522781339
85744,0.9999151191957167
85747,5.960938701671091e-05
85748,0.00420891104903369
85751,3.012657282093908e-05
85752,0.002061999755018048
85757,0.9999410645749532
85761,9.499264710992848e-05
85762,0.0007956311236266933
85768,0.9998727175338324
85770,4.36784631498498e-05
85771,0.999924047825515
85775,0.0013182524325186767
85780,0.9473784115901248
85783,4.357130717860938e-05
85789,5.918584598836989e-05
85792,0.00018286361234585898
85793,0.9998657423469635
85800,7.423214122859364e-05
85801,0.9999287947672695
85806,0.9998933186395719
85819,0.00030740222947100635
85820,8.825040237274523e-05
85821,0.0003489828322499265
85823,0.003087649530949634
85834,0.000952746187990989
85839,0.0003152102071780363
85840,0.0002923211119583854
85843,0.00011044715495842429
85846,0.0003294076063234156
85848,0.9999819938281546
85853,0.0008303949329747527
85856,0.9987495518152459
85857,4.990348619498389e-05
85868,0.003235558232974092
85878,4.596566331885813e-05
85879,0.0014297089223900316
85901,0.00018286361234585898
85902,0.00018286361234585898
85904,0.00018286361234585898
85905,0.9998835253501641
85911,0.0009683855312854912
85919,0.00020066762545047415
85923,5.960938701671091e-05
85929,0.004745523307857395
85930,0.010243079121700452
85933,0.9998724399668965
85943,0.9992684376272701
85946,7.423214122859364e-05
85949,4.198155606916126e-05
85950,0.000952746187990989
85951,3.4567980353356386e-05
85953,0.9999819551092717
85954,3.684094510962778e-05
85960,9.537201456968648e-05
85961,4.936988493736761e-05
85963,9.537201456968648e-05
85964,8.436823096270445e-05
85969,0.9999844124185779
85971,0.9999303261561714
85972,0.0007956311236266933
85973,5.255267892605444e-05
85975,4.353890745567721e-05
85976,0.00011807935500747968
85977,0.9473785851750359
85982,0.0063319641576577304
85983,0.9999151191957167
85984,6.663157892067235e-05
85986,0.0007956311236266933
85987,0.23528342926558957
85988,8.436823096270445e-05
85989,4.950210296142815e-05
85996,0.9998657423469635
85999,0.0014334966958850566
86002,0.0016232016907456724
86013,3.012657282093908e-05
86018,0.9998959921432417
86019,4.3680429369395224e-05
86021,0.00029105310622022835
86022,0.0007335388084518602
86032,0.011684100462575488
86035,7.850261865968507e-05
86036,8.654174039039744e-05
86040,0.0003496875210024585
86041,0.00028283636599312634
86046,0.999924047825515
86054,5.270837204143093e-05
86056,5.5235090125018534e-05
86064,0.0002463506730823969
86065,4.451113670477447e-05
86067,4.363620673341469e-05
86074,0.00020066762545047415
86075,0.0002597353063143384
86076,0.0013802279596660423
86079,5.28613697475509e-05
86081,0.0019609987351751927
86093,4.9802890811725866e-05
86120,4.4231548015827105e-05
86121,0.9999410645749532
86148,0.0028334201429591906
86151,0.0008303847188266249
86152,0.00018286361234585898
86163,0.9998727175338324
86164,0.2225729167574657
86166,5.960938701671091e-05
86169,0.9999757911586394
86170,4.939437942899333e-05
86178,0.9999568061872536
86183,0.00468024985102596
86184,5.850272486450653e-05
86195,0.0017010687590371112
86196,0.00196097464149843
86203,0.00020066762545047415
86207,0.00037007323637957564
86213,0.9999064394939688
86215,0.00032936511113992276
86217,0.23528342926558957
86224,0.0008958906966385092
86236,0.9966478785492338
86237,4.939437942899333e-05
86238,5.4929935731589505e-05
86240,0.9999812976361887
86243,0.0008303949329747527
86245,0.0003294076063234156
86246,0.9992684286277963
86249,0.9998657423469635
86253,0.9998400388275899
86254,8.846959497358408e-05
86257,0.0003025039257935313
86260,0.9999819551092717
86262,0.9999819938281546
86263,0.0009669031085228232
86266,0.0003294076063234156
86271,5.811224857081732e-05
86277,0.9998727175338324
86278,4.990348619498389e-05
86281,4.6328684081510264e-05
86285,9.537201456968648e-05
86289,6.584865233641874e-05
86293,0.00018286361234585898
86297,0.0019609987351751927
86307,0.0008303847188266249
86309,8.113268274625e-05
86311,0.000952746187990989
86319,0.00020107479980595945
86323,0.9999771981057078
86325,0.9999785333356497
86326,0.0003489828322499265
86327,0.0020368549550457585
86330,7.292995587109307e-05
86335,4.4510588771598355e-05
86336,0.0003921010651064518
86340,4.990348619498389e-05
86344,0.000952746187990989
86349,5.921551891752585e-05
86359,0.00018286361234585898
86370,0.9999836411479883
86374,7.296613865915029e-05
86376,0.2225729167574657
86385,0.001275979893869128
86397,0.00018286361234585898
86403,0.9473785851750359
86408,0.007626924434646636
86410,3.6842603544390786e-05
86413,7.037424515042372e-05
86421,0.0009792553448332516
86426,4.954318439933166e-05
86427,0.0001077557518754141
86428,0.0001446822652224954
86429,7.243784440618535e-05
86441,8.654174039039744e-05
86443,0.0009792553448332516
86444,0.0006574887383974813
86446,0.00020066762545047415
86448,5.255031335435125e-05
86462,0.22294847171758742
86464,0.00020066762545047415
86467,0.0003921010651064518
86468,0.00012215328705734969
86470,7.59938127452237e-05
86471,0.9998657423469635
86481,0.0009373216812578322
86484,0.00029105310622022835
86485,0.001275979893869128
86490,4.990348619498389e-05
86498,0.0035882903502960934
86499,0.9998724399668965
86503,0.9969374384271711
86504,0.9999106770087686
86506,0.0001221517520725131
86509,0.0013182524325186767
86511,5.3168219727365504e-05
86519,0.04103862153177318
86520,0.000952746187990989
86523,0.0008303847188266249
86530,0.00020066762545047415
86535,0.0003489828322499265
86541,0.9998657423469635
86545,8.16270791462275e-05
86551,0.00020107479980595945
86552,0.0007939010076001599
86554,5.9460473564217507e-05
86555,4.830402508277897e-05
86557,0.9994783115377269
86559,0.9992684286277963
86561,0.002075760536193004
86566,0.00196097464149843
86567,0.0008303847188266249
86570,0.9999192732797669
86571,0.01968880579983274
86576,0.00011567974551586005
86578,0.00018286361234585898
86587,0.00012196613435931723
86588,0.9997776070236842
86590,6.11553776210631e-05
86591,0.00012196613435931723
86593,0.9998724399668965
86596,0.0009373216812578322
86599,0.9999063500225552
86604,0.9998724399668965
86605,4.552010735628039e-05
86615,0.9999855490687554
86617,0.22294847171758742
86622,0.9998894441255551
86623,0.0002597353063143384
86626,0.004246514712537119
86627,4.4800264939105734e-05
86630,0.9982747857354867
86631,0.9473785851750359
86632,0.0003496875210024585
86636,0.23528342926558957
86637,0.0017090385776086848
86640,5.807817151692507e-05
86641,0.9998842207714089
86642,0.00012734492032281163
86647,0.9998724399668965
86651,0.9998657423469635
86652,0.0028333853607670828
86660,0.0003921010651064518
86663,0.2225729167574657
86665,5.177651879533547e-05
86667,0.9999848001105475
86668,0.9999812976361887
86671,4.939437942899333e-05
86672,0.00018286361234585898
86689,0.9998727175338324
86690,0.9999812574203041
86696,0.9473784115901248
86698,0.9992684286277963
86699,0.23528342926558957
86702,0.002222625642549714
86705,0.9999741728113958
86710,0.00014842602019174902
86713,0.0003611341422352126
86721,0.9600681641490367
86722,0.000952746187990989
86723,6.669610210327244e-05
86726,0.010243079121700452
86727,0.23528342926558957
86729,0.00196097464149843
86733,0.0003496875210024585
86738,4.8884553910226695e-05
86743,0.00020107479980595945
86746,0.9999303261561714
86747,5.320102194467529e-05
86751,0.00015276789045530126
86758,0.00018286361234585898
86759,8.746996203058479e-05
86763,0.0003921010651064518
86766,0.0009683855312854912
86770,0.00014223040098696742
86772,0.00018286361234585898
86778,0.0019609987351751927
86785,0.9998727175338324
86787,5.802320831745888e-05
86788,0.9473785851750359
86789,0.00014223040098696742
86796,0.9488613368441116
86799,0.00014223040098696742
86800,4.830461971156742e-05
86805,0.0003152102071780363
86826,0.00028283636599312634
86828,0.23528342926558957
86832,0.9581548454632551
86834,0.9996223163522101
86838,0.0003489828322499265
86845,5.328417313837607e-05
86850,8.825040237274523e-05
86857,0.9999151191957167
86861,5.3168219727365504e-05
86862,0.0003489828322499265
86864,0.9999210094281771
86873,4.363817105083811e-05
86875,5.850272486450653e-05
86876,0.9998977723201392
86879,0.0014297089223900316
86880,0.9999119730214132
86882,5.960938701671091e-05
86884,4.596566331885813e-05
86890,0.9991769963724775
86896,4.9802890811725866e-05
86897,0.0003489828322499265
86901,0.999009857138789
86902,5.2976653991585695e-05
86903,0.0007335388084518602
86904,0.0007146805230800242
86907,0.9473784115901248
86910,0.9995895663719452
86911,0.00012196613435931723
86922,0.00026013380591040494
86929,4.363620673341469e-05
86932,0.0008303847188266249
86938,0.9473785851750359
86939,6.617728193095167e-05
86940,7.654828582184629e-05
86941,0.0009373216812578322
86946,0.0007956311236266933
86954,5.625074289453747e-05
86955,0.0007956311236266933
86959,0.0001443933841402191
86966,0.9999379658320403
86971,0.0007197695610940449
86973,0.0020368549550457585
86993,0.23528342926558957
86996,0.00018286361234585898
87000,0.22294847171758742
87006,0.0003489828322499265
87007,5.3658013213535084e-05
87009,0.0003921010651064518
87010,0.9998727175338324
87017,3.064047711007963e-05
87020,0.00020066762545047415
87031,0.9981317044493112
87033,0.9473784115901248
87041,0.0007939010076001599
87042,3.5299440766062444e-05
87045,0.0007383003065265133
87047,0.9998727175338324
